xmin,ymin,xmax,ymax
196.81682512411226,63.3891492276866,420.24070415179517,269.7862103698517
