xmin,ymin,xmax,ymax
91.25895702476464,102.89435091575245,150.167709477485,45.18956638476004
