xmin,ymin,xmax,ymax
91.25895702476464,45.18956638476004,150.167709477485,102.89435091575245
