xmin,ymin,xmax,ymax
91.4329274757306,28.510535253029843,186.74269809324642,108.7026486528315
