xmin,ymin,xmax,ymax
151.95212329529545,400.32114137629037,328.5376849736217,197.46904310956836
