xmin,ymin,xmax,ymax
46.64598760737499,536.7929868379749,334.3362213864755,278.534846085253
