xmin,ymin,xmax,ymax
90.09496231435878,441.40983324435905,338.55049826386016,229.83941018293012
