xmin,ymin,xmax,ymax
31.161197853562044,225.81543464798605,456.66771136711145,529.3633176800621
