xmin,ymin,xmax,ymax
90.87046764273373,253.62104273721312,442.2761473067276,478.17412642538125
