xmin,ymin,xmax,ymax
333.15287024697886,380.01659888362383,412.5990082849037,442.3240036577706
