xmin,ymin,xmax,ymax
33.64409428432268,145.11501004584994,169.82891513051777,194.28904532756638
