xmin,ymin,xmax,ymax
28.73111842729304,88.44040340094597,136.88588582377503,154.94539770648936
