xmin,ymin,xmax,ymax
55.21814953374212,90.66421767827677,147.79951072390577,152.02620739997263
