xmin,ymin,xmax,ymax
52.24267363331421,96.39123728216185,147.9851923175013,152.17031705443986
