xmin,ymin,xmax,ymax
160.05262268994034,101.51949311131096,279.2224452105511,233.95094420478694
