xmin,ymin,xmax,ymax
87.20347923695567,99.48676634865137,109.77964170680957,157.99971405891
