xmin,ymin,xmax,ymax
262.09268511334164,288.81901700784385,371.8471791900846,334.69194058394964
