xmin,ymin,xmax,ymax
174.42608859961183,214.9817427095818,335.5695224189568,333.1551447361228
