xmin,ymin,xmax,ymax
322.19912212270845,272.1265745180368,507.6268932100303,321.38643449711765
