xmin,ymin,xmax,ymax
136.9586960655297,23.576149403449676,303.30036906512646,233.46061659081704
