xmin,ymin,xmax,ymax
146.24785219933233,167.9534004576709,203.90231666546305,102.2225552035984
