xmin,ymin,xmax,ymax
35.23369123235868,226.19830681478965,249.44569699036754,276.7558329082595
