xmin,ymin,xmax,ymax
99.69424611912928,64.5261043651987,191.19673997364816,136.25729625198
