xmin,ymin,xmax,ymax
100.87731950562193,66.19147166384931,192.35465572052158,137.90294182066543
