xmin,ymin,xmax,ymax
171.15576187312104,305.50534826040587,355.4955904410947,600.9940414443352
