xmin,ymin,xmax,ymax
273.1029866655382,195.2636771997448,459.81776660739104,330.3759726977205
