xmin,ymin,xmax,ymax
269.43527784605965,221.775666880683,445.33738239425213,326.8654570638246
