xmin,ymin,xmax,ymax
148.83293792595828,79.88301739831252,292.53796651051334,188.12094235235543
