xmin,ymin,xmax,ymax
169.7099952612209,276.3001858017883,315.38828301660556,536.196445436141
