xmin,ymin,xmax,ymax
91.72335424366088,38.9579854091528,116.78534157498689,101.9275801133549
