xmin,ymin,xmax,ymax
91.72335424366088,101.9275801133549,116.78534157498689,38.9579854091528
