xmin,ymin,xmax,ymax
77.22284830086005,104.06955437530405,117.00301768637905,21.739124076475036
