xmin,ymin,xmax,ymax
77.22284830086005,21.739124076475036,117.00301768637905,104.06955437530405
