xmin,ymin,xmax,ymax
192.19295196242092,157.21355393196706,356.08334808515633,219.37059217343045
