xmin,ymin,xmax,ymax
517.6072808016884,802.5963287883966,1024.199154880314,77.55300495534598
