xmin,ymin,xmax,ymax
401.1314006659911,804.0831339156505,857.5581148329743,221.75071798925717
