xmin,ymin,xmax,ymax
273.30143318652017,120.87155739967406,961.3595013314382,881.5106178342431
