xmin,ymin,xmax,ymax
82.3877049281491,24.273808455996118,133.18019566856356,101.56237154173891
