xmin,ymin,xmax,ymax
191.54974471702826,227.7015601019441,355.4721524748775,165.5323811342697
