xmin,ymin,xmax,ymax
97.77647604271897,80.97653676478971,154.8928369663339,125.17962301753663
