xmin,ymin,xmax,ymax
239.44226683425995,461.1992989339712,474.3397676945615,234.13936913817338
