xmin,ymin,xmax,ymax
90.96482097756751,234.02080246708758,174.60066226795692,149.62421670487242
