xmin,ymin,xmax,ymax
90.96482097756751,149.62421670487242,174.60066226795692,234.02080246708758
