xmin,ymin,xmax,ymax
93.13451769425797,48.132095523659416,155.91240520233237,99.93746211304045
