xmin,ymin,xmax,ymax
81.6804761148494,96.57410233049222,130.07327681744295,170.24658228747944
