xmin,ymin,xmax,ymax
99.5666323114333,107.90060443353991,143.11693923577945,77.41969480829204
