xmin,ymin,xmax,ymax
112.4538741683939,119.17884500195316,156.41190258699748,81.62190708760761
