xmin,ymin,xmax,ymax
90.70601794202116,126.94435867341471,174.25939093623356,53.02234100299946
