xmin,ymin,xmax,ymax
98.22696751530975,122.93675245213936,163.4042946205991,74.21247141894762
