xmin,ymin,xmax,ymax
32.83841517033812,240.8361724054456,265.0609851483438,293.6424004786976
