xmin,ymin,xmax,ymax
34.03393694929815,287.5473341712874,266.1847385389084,234.75742586353624
