xmin,ymin,xmax,ymax
143.61630820379446,28.69977132837539,202.24701353244382,172.82011956386668
