xmin,ymin,xmax,ymax
97.3219578878693,84.06328918929603,174.57330163726147,118.5467688498959
