xmin,ymin,xmax,ymax
97.3219578878693,118.5467688498959,174.57330163726147,84.06328918929603
