xmin,ymin,xmax,ymax
494.6648425478129,279.66441867058154,607.0369775750462,438.9752438942614
