xmin,ymin,xmax,ymax
278.6504806620213,296.323362543534,487.23999661028313,522.6857014992764
