xmin,ymin,xmax,ymax
219.82677930434124,198.92975227529402,302.9924301277247,289.7998370932185
