xmin,ymin,xmax,ymax
52.255862776850336,109.33683250841298,304.90279821977083,326.55793097383395
