xmin,ymin,xmax,ymax
245.18611854289452,242.94237745377774,313.97964587560875,326.952960440799
