xmin,ymin,xmax,ymax
243.35961303298768,237.24974105784082,407.6789562524383,428.09848055391336
