xmin,ymin,xmax,ymax
236.13318286415813,237.25328731456585,317.2211884792947,332.45669454224304
