xmin,ymin,xmax,ymax
496.1596565904192,564.1979111120484,608.2048009448847,644.1871693061946
