xmin,ymin,xmax,ymax
72.4572960040723,523.3342699490004,628.2825582872924,825.0595849172878
