xmin,ymin,xmax,ymax
102.92472650574223,563.2130840773332,637.4783709035078,896.9472707672116
