xmin,ymin,xmax,ymax
116.01674547205221,562.0369305751703,623.8690943276963,795.3366862907454
