xmin,ymin,xmax,ymax
361.9477167735879,547.366625270429,630.6119008636642,751.0698660950635
