xmin,ymin,xmax,ymax
143.1787014293559,557.7911196456404,637.2709929360276,874.4909516382784
