xmin,ymin,xmax,ymax
71.99921940716058,552.145175885981,624.7665940403042,833.694593330479
