xmin,ymin,xmax,ymax
154.3015121402816,516.2496444834555,620.1159693254858,759.8693950095872
