xmin,ymin,xmax,ymax
187.43341856003872,542.7205903950046,640.851698885815,846.6838207883238
