xmin,ymin,xmax,ymax
168.5467989586623,145.92812186751905,317.7162161747938,189.32033363916656
