xmin,ymin,xmax,ymax
133.47317314171528,89.50756847189251,248.96502352884977,165.68225988483613
