xmin,ymin,xmax,ymax
39.50848836345244,80.28962046453972,102.60875553233814,129.95604589426495
