xmin,ymin,xmax,ymax
258.1080690955596,149.25133033549352,437.347452306861,242.113325002937
