xmin,ymin,xmax,ymax
256.2540533191078,329.5485757238544,435.27577024089703,236.79935161751098
