xmin,ymin,xmax,ymax
153.81392359507845,7.999977334210648,415.01932847900355,350.0967576082493
