xmin,ymin,xmax,ymax
237.09023616338095,37.3967929515305,408.0381320530523,369.6816074039318
