xmin,ymin,xmax,ymax
275.5197259693,73.08100954578123,400.520335363241,349.2818747531828
