xmin,ymin,xmax,ymax
63.727238706030676,326.83613855949864,241.19148804071688,209.11069620638517
