xmin,ymin,xmax,ymax
50.60727253321784,210.21529463006163,236.8331873924626,318.12825142643214
