xmin,ymin,xmax,ymax
117.27473364206503,200.9698681585946,232.95154417348704,273.38470112831635
