xmin,ymin,xmax,ymax
47.3326338926031,353.5213322185332,245.98161445993833,214.55810799681524
