xmin,ymin,xmax,ymax
47.3326338926031,214.55810799681524,245.98161445993833,353.5213322185332
