xmin,ymin,xmax,ymax
145.02591673586073,109.33376148955585,185.4755922697019,146.11071752142493
