xmin,ymin,xmax,ymax
3.846738167997586,262.57847003997733,138.66851517856597,175.64716517492212
