xmin,ymin,xmax,ymax
243.59979788797423,89.80664668839201,426.5438235081791,255.88920140064874
