xmin,ymin,xmax,ymax
242.69917194123215,313.90444587499996,425.5151062664519,147.93817661910302
