xmin,ymin,xmax,ymax
83.10447469006408,99.03714406464715,133.91045954838478,2.6984020136061133
