xmin,ymin,xmax,ymax
11.601708176626971,130.87611794245927,108.20024480319216,55.34132073800984
