xmin,ymin,xmax,ymax
151.39414231453588,210.19782863455464,208.765247125202,153.76506219366382
