xmin,ymin,xmax,ymax
164.44866281897703,230.12573363258826,287.96447785378314,149.8049875575466
