xmin,ymin,xmax,ymax
116.30944424627296,79.8875654574519,180.3996741143642,116.00559470004151
