xmin,ymin,xmax,ymax
48.588008143309935,272.27072101001323,330.4431266931517,431.88623082829764
