xmin,ymin,xmax,ymax
109.0809287697266,289.29058563415646,327.2607047220033,416.16243289083104
