xmin,ymin,xmax,ymax
418.48624746591804,407.93220060634815,726.2698983996117,469.53278342179595
