xmin,ymin,xmax,ymax
450.47376705020747,417.9087954045534,812.8327705415786,494.07759332531884
