xmin,ymin,xmax,ymax
427.05934908759787,400.50294427356914,735.4999600145629,458.7886769648969
