xmin,ymin,xmax,ymax
472.19852998674605,388.6065396153954,828.3295414999336,470.85625169665826
