xmin,ymin,xmax,ymax
38.6517331854684,94.00666664253765,259.4923320197079,284.1951890627152
