xmin,ymin,xmax,ymax
86.67337833741874,50.89964868955221,114.45059720524125,104.97361551093033
