xmin,ymin,xmax,ymax
107.62340889858228,173.010585702311,237.99917623863985,309.1340010253714
