xmin,ymin,xmax,ymax
305.6808744203523,246.1125027298411,569.2100968397796,373.3509946199993
