xmin,ymin,xmax,ymax
22.829680617580152,73.38503063938055,103.98689825641816,116.14548587725324
