xmin,ymin,xmax,ymax
75.61083072701103,148.86644279127364,180.79772055856137,280.7235516073779
