xmin,ymin,xmax,ymax
150.203073778913,116.41970931406982,266.81964443749075,176.848252688859
