xmin,ymin,xmax,ymax
100.44963362967849,290.9360579505354,209.34637681569802,184.16566817833376
