xmin,ymin,xmax,ymax
129.60119225247757,113.55751215968576,212.47554582936255,170.0913937006403
