xmin,ymin,xmax,ymax
13.609776990821956,113.64046133726083,107.45308825965856,37.61163871538929
