xmin,ymin,xmax,ymax
221.57344223752187,208.77084266338449,403.072937853651,360.53844900716535
