xmin,ymin,xmax,ymax
251.39981836619774,159.2906015215787,449.28517210940885,294.81600961787785
