xmin,ymin,xmax,ymax
101.46061098824066,84.21619045051744,167.4633244422514,124.06222793718229
