xmin,ymin,xmax,ymax
281.7635649998524,160.7757874121804,411.2821484608942,301.08366408333234
