xmin,ymin,xmax,ymax
280.04995490432293,111.1690691959445,579.3764274239254,367.7092234393458
