xmin,ymin,xmax,ymax
81.93931356701887,102.51105352740981,126.07420231085803,185.76612336788946
