xmin,ymin,xmax,ymax
86.67898711705493,87.67401502829412,119.76768191845576,159.87812886922825
