xmin,ymin,xmax,ymax
183.23070208983745,168.2124473041012,375.11901778904644,306.7721402823187
