xmin,ymin,xmax,ymax
186.22364096884644,179.3067741706481,294.5027036541635,278.4680794254016
