xmin,ymin,xmax,ymax
203.2938146464685,178.10221471634125,337.83702507988846,236.30623227493706
