xmin,ymin,xmax,ymax
194.7371445626543,156.99333901862383,372.1998507646517,265.54969210676893
