xmin,ymin,xmax,ymax
146.64505388846987,205.10978179463453,308.4543139799405,349.72706059098806
