xmin,ymin,xmax,ymax
54.7109518255661,491.99000320005683,553.2037141677808,773.943009695374
