xmin,ymin,xmax,ymax
332.77296325864836,501.59984525309085,531.6460775391649,597.313424130487
