xmin,ymin,xmax,ymax
332.77296325864836,597.313424130487,531.6460775391649,501.59984525309085
