xmin,ymin,xmax,ymax
361.4210313360245,584.9291497328297,530.5885532552486,486.97372464076915
