xmin,ymin,xmax,ymax
46.83367557804286,758.0298841033646,548.1102573882147,474.8378763005729
