xmin,ymin,xmax,ymax
351.4386107151224,226.56811875923063,705.302012292874,446.40107136353606
