xmin,ymin,xmax,ymax
351.4386107151224,446.40107136353606,705.302012292874,226.56811875923063
