xmin,ymin,xmax,ymax
136.88623197801044,67.64894875529217,218.6353118586142,155.88544397595228
