xmin,ymin,xmax,ymax
188.15304180158023,163.67818417207027,366.09592018593526,277.7235778281316
