xmin,ymin,xmax,ymax
137.6813270788714,272.5336613916764,279.19692119094606,297.9417590740708
