xmin,ymin,xmax,ymax
36.78927787262147,321.5742742519818,292.4472858177172,258.8061383503885
