xmin,ymin,xmax,ymax
137.48445780640503,277.78681954967936,279.14341202368473,303.2206564983339
