xmin,ymin,xmax,ymax
68.9308182560867,94.79736098617934,142.43375490939218,173.0697326527021
