xmin,ymin,xmax,ymax
190.46022330652,113.14629685891259,278.9233080800566,154.45250930471502
