xmin,ymin,xmax,ymax
53.511141736662694,28.029194401156047,131.03303387927963,131.83106072663205
