xmin,ymin,xmax,ymax
242.43080804466103,80.3560527517557,348.15790740564717,239.10535811108903
