xmin,ymin,xmax,ymax
121.32499106240016,201.62122404221577,252.5817400260628,288.6315571015562
