xmin,ymin,xmax,ymax
252.3904257435147,481.6516154117853,426.91302973893585,235.68556782485325
