xmin,ymin,xmax,ymax
184.48050003415938,90.8460801372076,349.2311305075841,217.68708085136433
