xmin,ymin,xmax,ymax
84.4895016535936,102.38417138977837,122.43546242847333,49.98097003842571
