xmin,ymin,xmax,ymax
75.37547266567617,99.49740205594026,136.34132303790875,18.015088592832143
