xmin,ymin,xmax,ymax
82.21832380837236,101.20940333788525,135.16187321147004,14.489870952315385
