xmin,ymin,xmax,ymax
227.25915613715455,32.43783943509516,396.1943937578451,307.6578918029563
