xmin,ymin,xmax,ymax
151.62704899105586,110.50421149308863,210.18046175192933,152.13102362241807
