xmin,ymin,xmax,ymax
76.29755998768167,93.5190172888448,123.72731963020499,146.6789963949633
