xmin,ymin,xmax,ymax
73.99060733435397,89.8482038021707,135.86379290853017,155.28423321560763
