xmin,ymin,xmax,ymax
83.82076445263795,85.74154649398463,165.50694966187905,169.62202275973732
