xmin,ymin,xmax,ymax
138.3447105956626,128.74205174722073,252.82260530785712,206.83655305599035
