xmin,ymin,xmax,ymax
145.51687462795041,127.89107323431969,259.08747802954827,160.30625235224318
