xmin,ymin,xmax,ymax
202.708057766519,328.8081255687475,263.41113192792454,215.16507795968494
