xmin,ymin,xmax,ymax
217.4251185393723,207.7078343899049,299.7893067408795,265.1060293373108
