xmin,ymin,xmax,ymax
216.9829345128453,176.27613999403044,426.7594187784557,311.4477881380316
