xmin,ymin,xmax,ymax
83.03783290975184,20.02795762725117,114.10367784641653,99.93706913446064
