xmin,ymin,xmax,ymax
100.31814207690627,86.04969238651867,161.8660807491142,106.42004820831997
