xmin,ymin,xmax,ymax
78.07207901265429,93.04609318063507,142.91901695398752,149.3635880986928
