xmin,ymin,xmax,ymax
283.79715965848686,416.91042434496444,505.6493005247278,838.4743773823996
