xmin,ymin,xmax,ymax
281.3281643470516,420.7726547398562,504.7394236560874,814.418398769965
