xmin,ymin,xmax,ymax
260.7762433541725,769.95900161517,534.6578355266809,402.7968167246954
