xmin,ymin,xmax,ymax
97.2981556174135,184.08792800837455,258.0959567648366,320.50156993765563
