xmin,ymin,xmax,ymax
102.06336239170184,194.03177144595975,279.4233889785699,350.1559127395142
