xmin,ymin,xmax,ymax
283.6191530920255,36.68276145362114,429.88186155092353,407.70926984031087
