xmin,ymin,xmax,ymax
139.5432338944629,178.51698386335187,206.30262385318497,128.08590857281843
