xmin,ymin,xmax,ymax
19.601518453426706,162.8762164640433,339.68940649583124,409.3579648047224
