xmin,ymin,xmax,ymax
171.26418618634057,516.5616113547062,569.7888365616222,903.9864538569961
