xmin,ymin,xmax,ymax
138.24246162612826,523.1064651225303,602.866380922537,966.9275026050423
