xmin,ymin,xmax,ymax
368.80693685462916,587.5991659660023,537.5679378968441,486.9182299430021
