xmin,ymin,xmax,ymax
486.3845390782574,550.1946362790347,577.0287439607459,633.2355121200764
