xmin,ymin,xmax,ymax
150.48692032379836,333.85974295192636,563.4745747435898,716.6407168010066
