xmin,ymin,xmax,ymax
478.5719153369173,705.8456251475516,596.7131276141558,569.4623349172073
