xmin,ymin,xmax,ymax
165.1499426018072,916.9400768091186,607.5177530951678,516.55033796065
