xmin,ymin,xmax,ymax
171.26418618634057,903.9864538569961,569.7888365616222,516.5616113547062
