xmin,ymin,xmax,ymax
33.28201533766696,337.81533386275527,388.5362206586103,438.92955945860746
