xmin,ymin,xmax,ymax
50.86260383054457,182.3951347059242,146.43745873886542,126.7137349535318
