xmin,ymin,xmax,ymax
27.392221931602705,190.33204513026715,135.3575892900572,123.94351400756534
