xmin,ymin,xmax,ymax
210.515657550156,357.0,503.484342449844,680.6446296174621
