xmin,ymin,xmax,ymax
95.37786568733259,118.85023672818454,128.95626966454483,91.1859293742832
