xmin,ymin,xmax,ymax
154.55089368882273,304.387846867188,331.1601421238697,141.1598694187885
