xmin,ymin,xmax,ymax
409.57214143941155,468.33441608787894,527.5140040294232,612.277592950354
