xmin,ymin,xmax,ymax
422.14924515445034,505.20824213922515,782.6103565610398,102.53333134337218
