xmin,ymin,xmax,ymax
431.2044386469273,525.5817151757361,784.0416709264197,154.543162759709
