xmin,ymin,xmax,ymax
415.57445507900434,414.0129949839163,758.1387233663629,789.6627336466506
