xmin,ymin,xmax,ymax
424.02498568282556,130.306794722439,739.4876488322494,501.49143175126324
