xmin,ymin,xmax,ymax
444.8198975210298,448.6342346566796,686.53186682983,683.7222550428423
