xmin,ymin,xmax,ymax
468.846330160786,422.85232951287253,604.2505385344214,530.4215588253678
