xmin,ymin,xmax,ymax
463.1701626744356,410.86312353167864,563.9390016333788,490.7601845834238
