xmin,ymin,xmax,ymax
432.90258935669647,535.5424404741167,773.4247565822076,223.21933360096352
