xmin,ymin,xmax,ymax
432.90258935669647,223.21933360096352,773.4247565822076,535.5424404741167
