xmin,ymin,xmax,ymax
418.0359872520404,293.76444797990956,591.988019999831,500.6502889324653
