xmin,ymin,xmax,ymax
70.02844878955352,323.83760346354893,208.98368441758612,160.89363799855414
