xmin,ymin,xmax,ymax
93.53264568910504,41.73462297085075,189.89723988839273,111.3744109304057
