xmin,ymin,xmax,ymax
55.444216165154785,65.33233999938773,101.78307765056775,100.8808001349334
