xmin,ymin,xmax,ymax
61.83551490378568,65.34977525246273,105.67039435357901,107.86789784572358
