xmin,ymin,xmax,ymax
410.35906210326834,1415.9884856163367,839.6077436913708,687.5245310917725
