xmin,ymin,xmax,ymax
156.26213427069774,-15.85061231791633,263.18191711320924,178.48183038575343
