xmin,ymin,xmax,ymax
254.6857498938257,317.0287736653341,483.6560262849532,183.3121520797418
