xmin,ymin,xmax,ymax
136.3691359650884,70.57636724328131,193.11924037367226,110.03581515378357
