xmin,ymin,xmax,ymax
364.34660025381413,372.02709016965866,461.8700381755352,470.54092474703697
