xmin,ymin,xmax,ymax
20.406006213506316,578.3746479956851,459.0841202640165,341.00981557060413
