xmin,ymin,xmax,ymax
208.18646452452663,357.9837686572197,458.44885600720613,525.9593720320163
