xmin,ymin,xmax,ymax
27.07369891857138,307.3679120307264,468.2192215577288,570.9591524143609
