xmin,ymin,xmax,ymax
58.400943885834295,381.9251865332474,369.40839015336996,200.85937348015756
