xmin,ymin,xmax,ymax
168.44169856382996,293.85036615733065,345.5672153238361,440.0972440158111
