xmin,ymin,xmax,ymax
208.61490884951536,308.51311605289914,379.0887428998344,540.0075146685231
