xmin,ymin,xmax,ymax
157.8726067983398,186.04853095782855,286.1635630094936,133.9625476947874
