xmin,ymin,xmax,ymax
111.83848085954014,143.17557889847356,200.03082152367801,267.3765799082778
