xmin,ymin,xmax,ymax
11.601708176626971,55.34132073800984,108.20024480319216,130.87611794245927
