xmin,ymin,xmax,ymax
33.335107453321996,176.77541250257815,200.01668088843414,223.34428134458835
