xmin,ymin,xmax,ymax
284.95599411128643,533.198478384661,538.0638729997729,290.27022291575594
