xmin,ymin,xmax,ymax
220.20112387027217,234.51686826717105,361.5080090534295,420.83522827128104
