xmin,ymin,xmax,ymax
211.20128085477228,236.7781541429922,315.00557913155103,395.10594356426714
