xmin,ymin,xmax,ymax
107.62340889858228,309.1340010253714,237.99917623863985,173.010585702311
