xmin,ymin,xmax,ymax
161.62885225896457,220.97678816325492,288.84379421155063,85.33337068287165
