xmin,ymin,xmax,ymax
161.62885225896457,85.33337068287165,288.84379421155063,220.97678816325492
