xmin,ymin,xmax,ymax
167.1714399492423,211.1042175511674,280.9947504978845,65.43120998720164
