xmin,ymin,xmax,ymax
119.19777898163602,135.27275404239523,227.21844143233147,-14.330923975931512
