xmin,ymin,xmax,ymax
471.5769560353176,396.81108071997653,916.7378106547499,533.1524332005451
