xmin,ymin,xmax,ymax
246.91139770686436,849.7291515042616,504.8928013843192,420.5053169199791
