xmin,ymin,xmax,ymax
246.91139770686436,420.5053169199791,504.8928013843192,849.7291515042616
