xmin,ymin,xmax,ymax
87.52322451786802,40.48587201612099,169.90658629666677,116.7592179432238
