xmin,ymin,xmax,ymax
98.74873179666099,76.82157058823816,149.55236869894588,119.07590962400337
