xmin,ymin,xmax,ymax
200.0395254520372,204.17526501364478,290.44406173990956,316.1610232188682
