xmin,ymin,xmax,ymax
210.2734748570076,162.4796322652902,356.39309746176036,364.10796393137724
