xmin,ymin,xmax,ymax
72.93034229409088,267.99925703993836,294.3963684177007,326.04798212171505
