xmin,ymin,xmax,ymax
48.11711581068607,122.75604724277241,100.90314398504097,83.08095610707443
