xmin,ymin,xmax,ymax
84.94767555640306,39.54402257100833,175.6420000766237,189.48676284854037
