xmin,ymin,xmax,ymax
125.35419578407718,77.96469533351069,177.25758990314245,174.95475177517665
