xmin,ymin,xmax,ymax
23.12496344979286,212.88757266567876,291.7413094836104,419.89451895980767
