xmin,ymin,xmax,ymax
201.28612532751026,284.49750656712257,312.91354504497303,388.5851066081873
