xmin,ymin,xmax,ymax
248.781596402599,295.05170307049013,306.37263098189464,348.9265539317217
