xmin,ymin,xmax,ymax
250.87191496263222,95.18594694644882,363.96460287222635,263.73378353618745
