xmin,ymin,xmax,ymax
257.43739477277995,251.95888326114633,373.04597987519014,281.7747830178345
