xmin,ymin,xmax,ymax
245.02415775171403,74.92824903843638,386.0683531681848,283.11862389640675
