xmin,ymin,xmax,ymax
239.39582562461214,49.17898255159622,388.7189945988566,265.2913641305095
