xmin,ymin,xmax,ymax
243.3644481333622,45.65454794675006,392.9653714574695,268.84973510122825
