xmin,ymin,xmax,ymax
250.28664081730744,108.92838908179876,373.0318951843931,276.67096492711653
