xmin,ymin,xmax,ymax
518.9651269029723,421.15412873170163,595.0909288931666,252.42234809279097
