xmin,ymin,xmax,ymax
318.6165095981669,438.50419870567447,604.179281978001,-45.52363059496366
