xmin,ymin,xmax,ymax
494.6648425478129,438.9752438942614,607.0369775750462,279.66441867058154
