xmin,ymin,xmax,ymax
79.10298289591378,851.1572530583712,539.0051272231335,429.68537870304675
