xmin,ymin,xmax,ymax
362.7457650782658,80.77277914036699,470.35013208155124,422.0925083042106
