xmin,ymin,xmax,ymax
28.499929427093548,88.2335480194667,111.6713136924534,162.1879566429181
