xmin,ymin,xmax,ymax
28.499929427093548,162.1879566429181,111.6713136924534,88.2335480194667
