xmin,ymin,xmax,ymax
158.90017802263333,194.56822773709519,213.27406073718657,160.0494625039729
