xmin,ymin,xmax,ymax
136.38701878914696,230.42585175542257,188.48458410361752,149.02261101683928
