xmin,ymin,xmax,ymax
171.35788643850515,195.50270609180092,229.9071435220933,167.20174453099258
