xmin,ymin,xmax,ymax
131.0617200744308,264.26770925488813,208.3467529402975,138.9377136610551
