xmin,ymin,xmax,ymax
150.53357177936414,191.44150248793744,187.868270021287,149.06711291557087
