xmin,ymin,xmax,ymax
122.14917442187652,244.25031759657173,209.2324115232757,141.70317381366465
