xmin,ymin,xmax,ymax
248.10082955145344,185.12202163397035,473.22110018122703,324.09737736745575
