xmin,ymin,xmax,ymax
453.1206093056553,393.54792780028595,943.3770971275478,725.125433957268
