xmin,ymin,xmax,ymax
446.8144010308706,482.4740878483183,732.2109558526049,380.27462509348885
