xmin,ymin,xmax,ymax
450.52057759572017,388.90532203664424,749.7342506143254,481.56936015757555
