xmin,ymin,xmax,ymax
447.9485182102121,427.88467295381366,733.3544781138062,530.0875036340683
