xmin,ymin,xmax,ymax
451.77002161665973,467.63063942071216,671.0764412495316,396.9273512482734
