xmin,ymin,xmax,ymax
450.97012670126196,473.65158005432977,609.7431633526899,417.3880912126767
