xmin,ymin,xmax,ymax
450.18809467323285,469.5280392784832,725.0075346871815,382.7312021971865
