xmin,ymin,xmax,ymax
450.97012670126196,417.3880912126767,609.7431633526899,473.65158005432977
