xmin,ymin,xmax,ymax
225.24262357480006,401.46718593464334,393.3189840849295,226.94562277095235
