xmin,ymin,xmax,ymax
229.0520675372179,386.92058893729467,386.50135178870164,226.99934034942873
