xmin,ymin,xmax,ymax
288.29303083907087,285.83189920328584,504.9202939828664,563.103943309358
