xmin,ymin,xmax,ymax
278.7302481453687,326.4400570127452,487.38282770491105,100.00928112484144
