xmin,ymin,xmax,ymax
310.08182018623825,267.219499232782,417.739202062578,356.0589209032149
