xmin,ymin,xmax,ymax
288.3757135889566,59.578819523757545,505.0684704247701,336.93469227447207
