xmin,ymin,xmax,ymax
309.9925769352948,266.71345072316535,417.61742020944496,355.5260213727939
