xmin,ymin,xmax,ymax
98.04699499970775,121.70195966427212,228.90511020679742,250.37112019538978
