xmin,ymin,xmax,ymax
153.42965710960652,50.941690302358154,260.5560720593819,216.38194436163673
