xmin,ymin,xmax,ymax
36.11512841256187,183.29421174055415,195.15895876298288,210.4458895870988
