xmin,ymin,xmax,ymax
61.061678469432806,179.17026928274294,194.34345150837908,214.32151925883676
