xmin,ymin,xmax,ymax
123.18470878324081,152.97946173704912,165.22086634251514,89.21069555465762
