xmin,ymin,xmax,ymax
84.22115194384196,27.53419953971877,149.06915160818858,107.75302218342841
