xmin,ymin,xmax,ymax
83.3381312205579,96.47301664134613,130.40365163454499,169.7577130860821
