xmin,ymin,xmax,ymax
83.08022781310478,169.4508883134655,147.91039820814012,89.25412098372317
