xmin,ymin,xmax,ymax
518.6287756790445,1330.0496452452312,898.2964910195791,657.4918153276236
