xmin,ymin,xmax,ymax
40.66142756104409,115.01810308026234,166.93082998916407,182.5105171268014
