xmin,ymin,xmax,ymax
95.42926676380216,125.41447936284521,157.0679477927015,153.21807886276082
