xmin,ymin,xmax,ymax
105.94411297496498,30.006601569346913,283.35253135381885,186.17334055029914
