xmin,ymin,xmax,ymax
287.13052598633715,318.579539373844,518.4132795166867,626.5457560511414
