xmin,ymin,xmax,ymax
278.37735700355944,312.0452059243267,461.36223926278126,582.1660740975581
