xmin,ymin,xmax,ymax
285.86855869965376,42.93351279914077,517.1278024880469,350.8684249101665
