xmin,ymin,xmax,ymax
277.1162794708285,357.40209414892485,460.0825614353972,87.30868358682471
