xmin,ymin,xmax,ymax
49.33804832020337,109.68513008544181,112.3747611689223,47.79066603682537
