xmin,ymin,xmax,ymax
97.2981556174135,320.50156993765563,258.0959567648366,184.08792800837455
