xmin,ymin,xmax,ymax
31.98400145814503,814.0629050445165,524.3932264377308,244.72631161989602
