xmin,ymin,xmax,ymax
47.15110116177698,94.1208110730995,140.68747240693028,190.99882133924166
