xmin,ymin,xmax,ymax
48.50035325208114,5.367439669141618,142.0624484023724,102.27209284127713
