xmin,ymin,xmax,ymax
81.1853963164956,2.2710613187569493,172.0221313184984,112.38806724756404
