xmin,ymin,xmax,ymax
47.15110116177698,190.99882133924166,140.68747240693028,94.1208110730995
