xmin,ymin,xmax,ymax
79.82715782046921,194.09434837325904,170.63891822618416,84.00761794662026
