xmin,ymin,xmax,ymax
315.3788049385221,262.56537207524195,625.5959334714908,433.1733374289163
