xmin,ymin,xmax,ymax
0.7087302500701753,72.37010987538227,101.45520792066634,136.5714608966562
