xmin,ymin,xmax,ymax
112.16370332322231,100.6311232754598,246.12461918193503,250.16690812861043
