xmin,ymin,xmax,ymax
87.49429218848059,64.90487493513831,260.0614374808297,251.65311215358156
