xmin,ymin,xmax,ymax
60.1921085699862,110.04960039759477,101.02902895903571,82.63344503352661
