xmin,ymin,xmax,ymax
275.6170166482359,254.92458929174612,538.1692083434914,407.1807663895663
