xmin,ymin,xmax,ymax
177.73059837999222,96.2634448481618,347.04716277774355,217.37943041154642
