xmin,ymin,xmax,ymax
58.59516157663006,187.3481121752366,230.4866708367001,351.86253096486973
