xmin,ymin,xmax,ymax
94.53877329554325,79.2639162617204,181.19571719763576,123.11935374158065
