xmin,ymin,xmax,ymax
20.78303332790165,256.28191463685005,475.01164419535326,647.1329284611862
