xmin,ymin,xmax,ymax
379.64688004651,470.4849889681895,504.7366685307418,588.7996240192881
