xmin,ymin,xmax,ymax
99.26561891872734,450.51951720968947,519.0129007533249,730.4701284403604
