xmin,ymin,xmax,ymax
157.3128689790101,110.80095453393798,287.0690434669689,191.81077949749258
