xmin,ymin,xmax,ymax
157.3128689790101,191.81077949749258,287.0690434669689,110.80095453393798
