xmin,ymin,xmax,ymax
260.50006515112204,573.021623575506,365.0567244316089,287.64724141559475
