xmin,ymin,xmax,ymax
268.2914970126915,478.9117068267976,410.919823495281,240.78501592274984
