xmin,ymin,xmax,ymax
307.176658141748,192.81726499656264,517.3501864693749,352.8856844418634
