xmin,ymin,xmax,ymax
260.50006515112204,287.64724141559475,365.0567244316089,573.021623575506
