xmin,ymin,xmax,ymax
282.25008120292114,130.82303996290563,500.4739893536225,323.03963755729563
