xmin,ymin,xmax,ymax
168.48714710996433,114.07525793057985,275.62129929810067,222.13665802435372
