xmin,ymin,xmax,ymax
154.7143758093075,150.40468406167352,290.542373077502,295.1310983221621
