xmin,ymin,xmax,ymax
194.3058288230677,124.82642494653028,354.26559477898604,253.91793030610887
