xmin,ymin,xmax,ymax
121.6779954263468,119.2925943475106,229.49513558328385,221.04367520767966
