xmin,ymin,xmax,ymax
68.00244717272972,130.9109558279286,107.23165433662712,94.67547470360273
