xmin,ymin,xmax,ymax
512.5910795394238,1086.602867428687,885.9293961537524,672.3823618501725
