xmin,ymin,xmax,ymax
556.9702409399863,733.937993308431,670.2392760342634,786.1990568634336
