xmin,ymin,xmax,ymax
499.55049511832544,873.3371804501523,729.5965363024693,641.9826868836869
