xmin,ymin,xmax,ymax
588.9129841300628,652.8619423332682,790.9666091018194,1145.7284678744359
