xmin,ymin,xmax,ymax
588.9129841300628,1145.7284678744359,790.9666091018194,652.8619423332682
