xmin,ymin,xmax,ymax
519.414776753621,788.7024348634832,671.8786787653571,720.2417644540152
