xmin,ymin,xmax,ymax
339.336207980856,575.5650800326296,749.8537591825741,1067.0535114765103
