xmin,ymin,xmax,ymax
391.9178225393523,635.2349743604241,741.7183662655195,1002.3709956060177
