xmin,ymin,xmax,ymax
501.2852253964677,799.4688851104064,672.6884995363482,666.7788368625593
