xmin,ymin,xmax,ymax
339.336207980856,1067.0535114765103,749.8537591825741,575.5650800326296
