xmin,ymin,xmax,ymax
400.8254685049005,966.4724958364606,749.5566375289436,622.7765480740545
