xmin,ymin,xmax,ymax
400.8254685049005,622.7765480740545,749.5566375289436,966.4724958364606
