xmin,ymin,xmax,ymax
366.4682049672356,631.4977107571626,740.8261875751296,1048.1522017465131
