xmin,ymin,xmax,ymax
276.69674393028595,484.09945756431785,709.1247385414738,819.7521315475539
