xmin,ymin,xmax,ymax
556.9702409399863,786.1990568634336,670.2392760342634,733.937993308431
