xmin,ymin,xmax,ymax
519.414776753621,720.2417644540152,671.8786787653571,788.7024348634832
