xmin,ymin,xmax,ymax
568.4350731393522,652.014629948628,801.889823427684,906.9968397581613
