xmin,ymin,xmax,ymax
603.0785255627034,737.9294723658466,750.224435200194,900.6574034826248
