xmin,ymin,xmax,ymax
188.30283470368772,585.5386655204549,768.5477319610022,1183.8696609291444
