xmin,ymin,xmax,ymax
196.4273631871506,148.17397171541614,368.9782287256146,255.15140845436844
