xmin,ymin,xmax,ymax
183.94961947054298,226.65751119047638,355.61637051861,58.36241878312532
