xmin,ymin,xmax,ymax
171.12430612229355,193.33361678037807,206.69878595682871,350.09427968565205
