xmin,ymin,xmax,ymax
42.733204040355304,177.48128597645837,455.5006679417852,504.70299338755285
