xmin,ymin,xmax,ymax
196.41734637839272,169.05252355937517,334.80424928043544,225.70677224072432
