xmin,ymin,xmax,ymax
244.16627920042876,101.8914495412871,519.5641264945972,332.46296174030454
