xmin,ymin,xmax,ymax
50.112337949346625,92.735854288126,109.21878436102247,156.11895614594363
