xmin,ymin,xmax,ymax
50.885918226143076,44.99769601883139,110.00861979717888,108.39822918040647
