xmin,ymin,xmax,ymax
50.112337949346625,156.11895614594363,109.21878436102247,92.735854288126
