xmin,ymin,xmax,ymax
98.25776211954735,253.37148520460732,339.2131167353832,451.0940161526819
