xmin,ymin,xmax,ymax
134.93464909233603,283.33764275318026,182.02215352828821,158.2665365314988
