xmin,ymin,xmax,ymax
76.71138156182246,97.46923678564463,117.3430230049346,162.85780544289855
