xmin,ymin,xmax,ymax
93.79951618950963,101.74572680268,145.70932473935568,51.015673440947126
