xmin,ymin,xmax,ymax
94.74141536874527,60.44107210122445,145.16589479554227,105.2314282527318
