xmin,ymin,xmax,ymax
210.2714919827613,326.3514647811919,356.449293855012,124.64285239418598
