xmin,ymin,xmax,ymax
139.552355733377,29.241362207698344,325.06486916499784,228.05405065795682
