xmin,ymin,xmax,ymax
139.552355733377,228.05405065795682,325.06486916499784,29.241362207698344
