xmin,ymin,xmax,ymax
177.81090336307625,213.294480777438,265.0527423781555,359.2015430520388
