xmin,ymin,xmax,ymax
189.2408771313435,211.5271531269453,272.2861481463708,345.81047972524743
