xmin,ymin,xmax,ymax
135.17849345524087,164.12815979171162,159.53562250137543,124.5859557563738
