xmin,ymin,xmax,ymax
217.46207865891324,292.3342171797248,378.50096439981746,205.69081183183016
