xmin,ymin,xmax,ymax
202.42406849155418,321.9291660480225,398.0016858848844,187.08613334985785
