xmin,ymin,xmax,ymax
211.21133341792427,318.4014545858171,402.77280504816065,200.28576682198957
