xmin,ymin,xmax,ymax
249.65279752681272,595.7667372218873,381.231333049534,312.45302703745324
