xmin,ymin,xmax,ymax
250.98592230702002,33.19879426706353,382.62421135542536,316.64116520145114
