xmin,ymin,xmax,ymax
249.65279752681272,312.45302703745324,381.231333049534,595.7667372218873
