xmin,ymin,xmax,ymax
299.79084052874384,62.75500372489613,553.9938896746854,361.830958925388
