xmin,ymin,xmax,ymax
62.88581210572465,178.73744962992646,215.19708315474668,330.76411785427575
