xmin,ymin,xmax,ymax
83.10447469006408,2.6984020136061133,133.91045954838478,99.03714406464715
