xmin,ymin,xmax,ymax
283.57108147143754,33.21343533399147,623.7306985877658,453.6220501906449
