xmin,ymin,xmax,ymax
190.91748132181897,406.3568504257465,266.9494859293525,225.65647331886083
