xmin,ymin,xmax,ymax
191.66170835097319,8.81362321814646,267.7474064246892,189.6416101340517
