xmin,ymin,xmax,ymax
190.91748132181897,225.65647331886083,266.9494859293525,406.3568504257465
