xmin,ymin,xmax,ymax
205.3507723414143,387.55778262385394,281.9391222247764,224.22623204627138
