xmin,ymin,xmax,ymax
210.14543297893533,215.2210221647074,285.83311416541346,339.2827030133848
