xmin,ymin,xmax,ymax
156.78013113312113,122.2506595506444,286.6403640541662,203.32545063610866
