xmin,ymin,xmax,ymax
30.90278610532323,159.62949575239742,269.0235562266871,298.69168029922196
