xmin,ymin,xmax,ymax
99.81185773210882,87.52722608312502,179.60060285258987,113.67065022993935
