xmin,ymin,xmax,ymax
31.107055114954164,225.9162751530269,270.95043834156786,368.66630110506304
