xmin,ymin,xmax,ymax
65.57875122925589,340.12583034695115,264.55053797008213,225.361837298737
