xmin,ymin,xmax,ymax
90.02948792500365,336.89977785642475,278.7647247950215,220.95964050355153
