xmin,ymin,xmax,ymax
91.06340549125457,325.7864483492902,264.36779155761815,237.78831438536326
