xmin,ymin,xmax,ymax
201.7721264642994,264.8994422256203,268.0163141925359,303.66361716200794
