xmin,ymin,xmax,ymax
90.02948792500365,220.95964050355153,278.7647247950215,336.89977785642475
