xmin,ymin,xmax,ymax
76.9422530282784,108.59138080997525,112.73605754029973,163.6650699652281
