xmin,ymin,xmax,ymax
99.22156112953553,90.93613663575655,126.91204738463807,102.06801054179277
