xmin,ymin,xmax,ymax
32.57646782459665,222.9693150362234,339.6598505637319,463.8585079238598
