xmin,ymin,xmax,ymax
196.20792144540275,33.15564147526925,293.04051163991807,198.7735699249199
