xmin,ymin,xmax,ymax
171.8829939218069,146.2265986788127,253.73889319347643,216.095107464693
