xmin,ymin,xmax,ymax
196.20792144540275,198.7735699249199,293.04051163991807,33.15564147526925
