xmin,ymin,xmax,ymax
318.27274840232167,268.8867275022858,631.9387410996148,444.0536806962024
