xmin,ymin,xmax,ymax
16.343962845704027,41.18240051794032,108.91184840494748,166.12987975277326
