xmin,ymin,xmax,ymax
18.224847259443095,79.47326095169137,99.07562336364504,141.23792901810896
