xmin,ymin,xmax,ymax
18.75867498178536,36.74748586701719,111.301109983267,161.6606121184342
