xmin,ymin,xmax,ymax
18.224847259443095,141.23792901810896,99.07562336364504,79.47326095169137
