xmin,ymin,xmax,ymax
18.75867498178536,161.6606121184342,111.301109983267,36.74748586701719
