xmin,ymin,xmax,ymax
138.4522029957427,169.27625902916793,243.45647246490603,27.274427791545577
