xmin,ymin,xmax,ymax
128.1757313246805,176.6721233138735,240.72813460724194,53.028770333457715
