xmin,ymin,xmax,ymax
93.13451769425797,99.93746211304045,155.91240520233237,48.132095523659416
