xmin,ymin,xmax,ymax
92.68091049111513,111.6054798093,162.2210298133259,49.839802101464215
