xmin,ymin,xmax,ymax
52.561208321098775,91.05062126004336,202.44037427770672,195.197395904435
