xmin,ymin,xmax,ymax
35.82339777244374,99.49984785116308,187.24187561197436,214.2457251203381
