xmin,ymin,xmax,ymax
62.43026223393974,144.44245707251417,206.82090153164984,305.36549340972203
