xmin,ymin,xmax,ymax
261.42902459125844,56.29786874367337,416.80717575746826,314.8408630891491
