xmin,ymin,xmax,ymax
473.7879151862711,432.04253480457794,1010.0486124551784,870.8050659556604
