xmin,ymin,xmax,ymax
504.38039243449555,470.3056791232707,1008.1695579045935,788.9434374908072
