xmin,ymin,xmax,ymax
484.0327232014207,447.0759987670366,1016.1894859758621,863.9706344252281
