xmin,ymin,xmax,ymax
480.3543493619269,506.0457119347276,743.5514024486746,776.7542153315457
