xmin,ymin,xmax,ymax
476.9389599841901,426.3709425168763,979.8771434963422,834.4226359414041
