xmin,ymin,xmax,ymax
530.9708184736927,450.6563750683845,997.2379194015638,698.5475175411407
