xmin,ymin,xmax,ymax
270.9803504931583,261.05069497184263,548.5230637484362,484.8147831950015
