xmin,ymin,xmax,ymax
274.422062436822,275.9133959869041,546.2941338820867,526.0946048633714
