xmin,ymin,xmax,ymax
255.56422765922719,320.96339872810063,501.6724025526237,159.6215881032948
