xmin,ymin,xmax,ymax
137.5083333333332,84.28354197116745,177.76677293334478,116.7877913621659
