xmin,ymin,xmax,ymax
137.42218833960067,81.54057195493792,177.66955930888503,114.03588464751621
