xmin,ymin,xmax,ymax
22.083226696710653,86.70055000874873,62.491666666666674,112.22811665791798
