xmin,ymin,xmax,ymax
187.15402138896798,117.10812439146758,315.93843878988946,207.32172839512185
