xmin,ymin,xmax,ymax
181.11778888626145,281.81634888447707,311.90552903744697,171.02119738117003
