xmin,ymin,xmax,ymax
291.34551086131114,694.5394844307984,685.322198823201,19.354485001220837
