xmin,ymin,xmax,ymax
299.60037883649966,33.341457865324486,445.3996211635008,372.49999999999994
