xmin,ymin,xmax,ymax
197.59309110037634,192.59319277688473,335.82458669916196,136.0025663301618
