xmin,ymin,xmax,ymax
126.81242744396741,60.726911417320025,217.57111846531393,163.49569415804677
