xmin,ymin,xmax,ymax
162.45482247170548,114.50682897238482,289.7794003963395,250.2671462264829
