xmin,ymin,xmax,ymax
108.40283631385114,26.273640744663908,238.89096367832462,162.51436951163583
