xmin,ymin,xmax,ymax
365.8234804881685,463.01082383749605,468.563282334524,366.60444289643317
