xmin,ymin,xmax,ymax
360.0612498916816,364.1363116923789,612.4592661040685,627.4382846631252
