xmin,ymin,xmax,ymax
138.4522029957427,27.274427791545577,243.45647246490603,169.27625902916793
