xmin,ymin,xmax,ymax
128.1757313246805,53.028770333457715,240.72813460724194,176.6721233138735
