xmin,ymin,xmax,ymax
112.44798129038395,41.6727391528932,226.6247092817681,169.3525826951502
