xmin,ymin,xmax,ymax
454.64415524227206,424.07903790828976,882.9866887792614,522.5811129670781
