xmin,ymin,xmax,ymax
454.64415524227206,522.5811129670781,882.9866887792614,424.07903790828976
