xmin,ymin,xmax,ymax
221.10583558023103,245.93715508846253,268.8138648447848,179.63273760057223
