xmin,ymin,xmax,ymax
131.46323456740174,113.16216502432809,237.45499193719957,175.68342264243688
