xmin,ymin,xmax,ymax
147.0294468739164,72.39208234561971,256.81954514496124,183.77341312547577
