xmin,ymin,xmax,ymax
142.27952228940921,116.55085658794354,237.2006604033138,178.21305674291074
