xmin,ymin,xmax,ymax
274.6423320777649,353.2630604585362,399.64307656107417,629.4642241588862
