xmin,ymin,xmax,ymax
273.3593496621488,342.0807104899076,396.9076410777502,551.6723709409551
