xmin,ymin,xmax,ymax
137.24294835909382,146.94946519782377,239.5139392237097,280.02425177744135
