xmin,ymin,xmax,ymax
75.83784430901164,228.5322637944862,522.8783999546547,569.4190785949412
