xmin,ymin,xmax,ymax
203.9361163277265,261.26891233667413,531.621373291104,537.1896406416145
