xmin,ymin,xmax,ymax
167.5838075403965,139.47904170425602,303.9211898277424,189.34450576654234
