xmin,ymin,xmax,ymax
167.5838075403965,189.34450576654234,303.9211898277424,139.47904170425602
