xmin,ymin,xmax,ymax
185.4725294494699,402.99683466028455,399.65183845364845,185.6818938513337
