xmin,ymin,xmax,ymax
186.56888454300497,48.091470509543456,400.65296403491766,265.30978762539564
