xmin,ymin,xmax,ymax
146.24785219933233,102.2225552035984,203.90231666546305,167.9534004576709
