xmin,ymin,xmax,ymax
129.32294008665752,33.776261277501476,231.8931266817034,169.44667705007515
