xmin,ymin,xmax,ymax
304.27643805974265,33.34364094055544,722.7235619402576,513.5000000000001
