xmin,ymin,xmax,ymax
303.021362556687,509.9121331766951,721.2241187487401,989.7880871553846
