xmin,ymin,xmax,ymax
31.32049042761946,178.8672190903164,211.03766035687454,242.4283348078833
