xmin,ymin,xmax,ymax
267.5,151.45051443649447,501.65157650997776,383.54948556350547
