xmin,ymin,xmax,ymax
222.44205558624753,143.38426535322458,436.25344019410227,272.52895608573397
