xmin,ymin,xmax,ymax
162.36323990867209,361.3812051709298,392.42656625792915,484.4769919161547
