xmin,ymin,xmax,ymax
378.485246251596,415.432465156716,487.6458653478753,484.3190468254847
