xmin,ymin,xmax,ymax
408.53858771327964,434.9507598650594,483.9481417411175,476.11496974447766
