xmin,ymin,xmax,ymax
419.77978610856235,430.9042608755275,528.913233990135,558.9658193973954
