xmin,ymin,xmax,ymax
119.54829255858476,269.00184203660893,518.7870405612548,584.5656853206604
