xmin,ymin,xmax,ymax
225.58451744168178,218.99743173579816,321.2802013128635,281.1905149717842
