xmin,ymin,xmax,ymax
309.7829612921996,191.18398958369716,507.93687993942785,331.6784657610769
