xmin,ymin,xmax,ymax
323.27223766864154,230.7994938080651,584.1943795060929,335.95847759305076
