xmin,ymin,xmax,ymax
306.7194441117633,196.81092067004414,537.4535182188499,468.2894209837311
