xmin,ymin,xmax,ymax
237.43331264704273,194.7509614490349,348.80338290011343,251.19765883291163
