xmin,ymin,xmax,ymax
243.464888366654,264.8810722522251,453.44754501388286,196.88683884500503
