xmin,ymin,xmax,ymax
234.9926945400074,214.1768011849323,341.93285572612956,260.20315839026296
