xmin,ymin,xmax,ymax
243.5535397525117,214.84853435784936,453.44400072601013,282.81291399400635
