xmin,ymin,xmax,ymax
243.464888366654,196.88683884500503,453.44754501388286,264.8810722522251
