xmin,ymin,xmax,ymax
187.56877287095904,180.14504452646142,316.3649217837094,270.36686646504813
