xmin,ymin,xmax,ymax
181.11778888626145,171.02119738117003,311.90552903744697,281.81634888447707
