xmin,ymin,xmax,ymax
81.33000115987863,12.086902942601455,141.5951278710878,99.17698442936785
