xmin,ymin,xmax,ymax
61.945490179387605,112.5895653796415,135.1387857679038,179.78383273787904
