xmin,ymin,xmax,ymax
65.78082825187118,19.195650117286732,138.95400012052596,86.37144312481041
