xmin,ymin,xmax,ymax
60.09582064886365,80.52790146125017,136.82286228473396,132.68400480744185
