xmin,ymin,xmax,ymax
85.5103882623867,102.3825028923577,133.8898838779935,28.730278401888654
