xmin,ymin,xmax,ymax
142.18564302301348,52.10740161764602,183.31007136127693,205.3724451894443
