xmin,ymin,xmax,ymax
188.60887911328896,174.9557873773049,220.40935092478534,93.81690253480019
