xmin,ymin,xmax,ymax
132.74964143128753,254.15848456516142,278.2011589139248,120.88689641484115
