xmin,ymin,xmax,ymax
187.35370301340004,228.37597177425278,365.0686398052294,114.47666819432254
