xmin,ymin,xmax,ymax
100.44963362967849,184.16566817833376,209.34637681569802,290.9360579505354
