xmin,ymin,xmax,ymax
58.53908126755982,331.0736795746093,216.85017705178478,173.54487875910343
