xmin,ymin,xmax,ymax
442.4836682531038,126.7069677442212,624.0088281711271,574.209594844628
