xmin,ymin,xmax,ymax
48.79119122089861,305.70914589278823,95.89729017395581,474.11996330303555
