xmin,ymin,xmax,ymax
55.87165026365382,300.1955323752052,96.09615586442219,431.0102972573968
