xmin,ymin,xmax,ymax
435.1806538967945,317.04760865814524,702.0138337437802,623.9222160971708
