xmin,ymin,xmax,ymax
115.19213548315224,143.85224595140937,167.07422169728534,45.8321864272649
