xmin,ymin,xmax,ymax
92.79703903362952,146.3450472052508,182.85591999765177,33.79907985815843
