xmin,ymin,xmax,ymax
153.81392359507845,350.0967576082493,415.01932847900355,7.999977334210648
