xmin,ymin,xmax,ymax
260.5902265429015,61.32856813069415,365.10630189796507,346.59218151965325
