xmin,ymin,xmax,ymax
268.3786341409591,155.40195588288304,410.9515990865111,393.43621732398225
