xmin,ymin,xmax,ymax
285.14224415859894,269.1973956674956,542.8021405336847,371.9697899515015
