xmin,ymin,xmax,ymax
152.41474658048537,209.35439627534979,292.5970924303293,295.9187007683631
