xmin,ymin,xmax,ymax
28.744505704278936,254.61579930756574,272.6351201650283,382.49997454249876
