xmin,ymin,xmax,ymax
242.60180073164986,241.07465784904403,306.6285633320193,296.61821630164866
