xmin,ymin,xmax,ymax
29.47875551906941,315.19897912993156,273.25027445234446,187.37725169906383
