xmin,ymin,xmax,ymax
91.4162080357039,270.13532608652264,292.38867950725694,393.2561072837849
