xmin,ymin,xmax,ymax
133.0637266559993,263.52467151844826,297.4143491340707,377.63656174053403
