xmin,ymin,xmax,ymax
34.451870459051406,192.2439625866752,244.2488166494993,254.338668571668
