xmin,ymin,xmax,ymax
91.81049845612415,87.06734826370962,157.59334680152915,130.37472147711856
