xmin,ymin,xmax,ymax
103.82530851223123,112.96134678283994,151.62790048295506,86.27063138334626
