xmin,ymin,xmax,ymax
63.85719801735013,416.31374157975273,339.8516473904442,306.0380448756514
