xmin,ymin,xmax,ymax
239.52722396873332,361.87873376930753,332.4001919640152,325.57847063687257
