xmin,ymin,xmax,ymax
129.59928608799987,451.2381361361237,352.4544456639999,288.29333283560993
