xmin,ymin,xmax,ymax
141.56099757713378,303.4497517240495,329.54083503424454,397.7864893240872
