xmin,ymin,xmax,ymax
169.53983940351964,319.3793273920761,339.0359687308576,415.97957752187045
