xmin,ymin,xmax,ymax
41.645046968026236,284.36700472101336,333.42575341225006,410.570351237856
