xmin,ymin,xmax,ymax
115.9440308375747,396.4714976710549,337.14671276700983,303.59670061624786
