xmin,ymin,xmax,ymax
161.95800095696882,382.89264151274193,330.9572841619761,295.55738419542695
