xmin,ymin,xmax,ymax
187.97256953708734,388.91560011469784,330.1293601235368,307.61654970013296
