xmin,ymin,xmax,ymax
235.77902106705665,373.15967624187283,335.07530206084994,316.59449537647095
