xmin,ymin,xmax,ymax
115.9440308375747,303.59670061624786,337.14671276700983,396.4714976710549
