xmin,ymin,xmax,ymax
189.93509960505207,314.5184876800341,332.04572376131,380.16069339090916
