xmin,ymin,xmax,ymax
161.95800095696882,295.55738419542695,330.9572841619761,382.89264151274193
