xmin,ymin,xmax,ymax
210.2230573305128,372.18101374139275,323.4203514931837,288.68666095700894
