xmin,ymin,xmax,ymax
117.24540228025808,310.83105928396856,334.9214245486487,402.3141091323952
