xmin,ymin,xmax,ymax
75.93372083168333,439.4511555807824,333.8079727910497,305.08713186279044
