xmin,ymin,xmax,ymax
311.41894526370197,338.03761645043807,351.78554151047865,392.80324895493806
