xmin,ymin,xmax,ymax
34.31878703826237,297.57769830176676,340.62550952582933,433.1793171772791
