xmin,ymin,xmax,ymax
259.8306777061073,319.3896314142718,337.24577080124664,368.015981726904
