xmin,ymin,xmax,ymax
140.10443528926317,311.7121621339319,327.12597799836635,372.1459173269954
