xmin,ymin,xmax,ymax
68.9618560997501,397.79378964508925,331.1243208146175,316.11669743549567
