xmin,ymin,xmax,ymax
235.77902106705665,316.59449537647095,335.07530206084994,373.15967624187283
