xmin,ymin,xmax,ymax
210.2230573305128,288.68666095700894,323.4203514931837,372.18101374139275
