xmin,ymin,xmax,ymax
217.55797191996157,390.14551523404714,334.1127180317735,318.3882804316295
