xmin,ymin,xmax,ymax
90.8339678198072,35.518320041767765,116.28125908568902,99.70064855498003
