xmin,ymin,xmax,ymax
90.8339678198072,99.70064855498003,116.28125908568902,35.518320041767765
