xmin,ymin,xmax,ymax
75.24361528383292,99.71975123504149,115.86408548833197,34.34916047080662
