xmin,ymin,xmax,ymax
70.09083623146762,28.051051872966752,279.0781359477917,257.9212650623699
