xmin,ymin,xmax,ymax
242.5925138384075,397.1611334835766,380.14706570019734,281.56065709318807
