xmin,ymin,xmax,ymax
298.7987016949685,367.03966136845844,364.7974424611723,330.18238789804906
