xmin,ymin,xmax,ymax
372.96739367942996,261.62919043401394,513.8167899301734,407.3224050749597
