xmin,ymin,xmax,ymax
338.3061019622555,46.05987502098799,592.2636819804147,414.27699947184226
