xmin,ymin,xmax,ymax
349.60053708376336,125.31416863412893,579.0434990025583,419.8878055324411
