xmin,ymin,xmax,ymax
367.44300212950884,301.1737780735965,423.8451466815077,378.78922053185016
