xmin,ymin,xmax,ymax
308.1006062572353,290.7377646876048,506.2622664783423,431.2377297716601
