xmin,ymin,xmax,ymax
305.03696938981693,154.1214722815646,535.7800579281757,425.6105788496268
