xmin,ymin,xmax,ymax
191.76183548124527,420.28113206418794,359.27557762939864,279.9205211883975
