xmin,ymin,xmax,ymax
134.0297939038071,535.1466499752041,357.9035996642792,340.7788818682031
