xmin,ymin,xmax,ymax
327.7165454170829,609.521460805103,447.1620783907374,281.46918796579064
