xmin,ymin,xmax,ymax
234.92861592999316,69.83756549650536,399.7345272824987,250.83793840108558
