xmin,ymin,xmax,ymax
230.86965385925646,101.2910710489736,388.4661251318487,261.3618175040641
