xmin,ymin,xmax,ymax
405.21750561061026,320.90268752274244,587.4339588401162,411.48653569364916
