xmin,ymin,xmax,ymax
330.6075510550472,396.6734109963189,415.83491433229324,468.6841104431851
