xmin,ymin,xmax,ymax
330.6075510550472,468.6841104431851,415.83491433229324,396.6734109963189
