xmin,ymin,xmax,ymax
400.2933640502488,329.30436117210417,765.5211461597232,475.22259882985793
