xmin,ymin,xmax,ymax
400.2933640502488,475.22259882985793,765.5211461597232,329.30436117210417
