xmin,ymin,xmax,ymax
174.76222671996481,177.03333199255331,296.8789095708813,346.38558324560677
