xmin,ymin,xmax,ymax
174.76222671996481,346.38558324560677,296.8789095708813,177.03333199255331
