xmin,ymin,xmax,ymax
267.00417906390135,299.838805942772,508.3653429367205,208.22371555700795
