xmin,ymin,xmax,ymax
37.01812503600436,86.9614524574362,100.34705231267321,112.44258058956453
