xmin,ymin,xmax,ymax
37.01812503600436,112.44258058956453,100.34705231267321,86.9614524574362
