xmin,ymin,xmax,ymax
36.73471731174348,87.051712075826,100.08106099334734,112.53984790040761
