xmin,ymin,xmax,ymax
102.31687305618811,44.8406796995053,119.09220251925149,104.3447206075353
