xmin,ymin,xmax,ymax
84.91617317949817,67.7495733678046,133.0986332409816,131.21859731378686
