xmin,ymin,xmax,ymax
285.1632428089265,260.62702803556294,552.3743174439803,382.5039414664004
