xmin,ymin,xmax,ymax
671.9945523269996,669.995023705266,944.5975919296102,966.1546731499295
