xmin,ymin,xmax,ymax
679.2203544220431,679.4338050171652,938.9887197863218,944.2158777649325
