xmin,ymin,xmax,ymax
665.7096613736901,669.0463242760543,1114.7466521321767,1239.4513414976427
