xmin,ymin,xmax,ymax
282.298034963491,378.2975139596337,510.1279929092658,237.57656079054806
