xmin,ymin,xmax,ymax
301.6533203504604,313.5550328237937,401.2508837737281,264.9663175575914
