xmin,ymin,xmax,ymax
305.6808744203523,373.3509946199993,569.2100968397796,246.1125027298411
