xmin,ymin,xmax,ymax
163.75176671836567,62.7991524998625,309.64569604560984,201.31420141564297
