xmin,ymin,xmax,ymax
95.95662731296466,82.7743493565115,187.74318756232833,136.8724873511979
