xmin,ymin,xmax,ymax
287.3403275396224,118.54018161005274,529.6333749661806,310.3496979956596
