xmin,ymin,xmax,ymax
32.02144889330975,133.52941599762136,222.62787031547782,321.36825336400597
