xmin,ymin,xmax,ymax
389.13528596357264,484.8655437219143,524.9161947803063,600.5704136287916
