xmin,ymin,xmax,ymax
442.54297336236755,503.0871306394322,522.9880003573933,569.1027051038993
