xmin,ymin,xmax,ymax
56.89854468403337,469.79630539121365,542.3580780164634,787.6756982791353
