xmin,ymin,xmax,ymax
232.19729535969827,203.06013540411885,439.4783645580824,269.0644198713221
