xmin,ymin,xmax,ymax
231.8814101287187,271.87563107614244,439.1498170202217,205.8753786534894
