xmin,ymin,xmax,ymax
231.8814101287187,205.8753786534894,439.1498170202217,271.87563107614244
