xmin,ymin,xmax,ymax
348.52072493429387,649.8583999289906,577.9196040090148,355.341359422196
