xmin,ymin,xmax,ymax
337.2284598110209,729.097466425822,591.1372469949708,360.9510874794138
