xmin,ymin,xmax,ymax
375.31934396796896,563.3684410071644,518.4192382265533,479.07754532330864
