xmin,ymin,xmax,ymax
266.2293930091141,551.2099501549449,510.69365949106486,473.6763238635963
