xmin,ymin,xmax,ymax
186.03121133774448,483.6304681291707,509.07661001016436,588.7696309433506
