xmin,ymin,xmax,ymax
186.03121133774448,588.7696309433506,509.07661001016436,483.6304681291707
