xmin,ymin,xmax,ymax
35.06848949208643,590.9457621387016,513.919552687968,459.0287235562486
