xmin,ymin,xmax,ymax
266.2293930091141,473.6763238635963,510.69365949106486,551.2099501549449
