xmin,ymin,xmax,ymax
75.02995776008288,15.04877236283528,119.73201415097515,101.23460358736793
