xmin,ymin,xmax,ymax
438.85597608764397,663.6558799545401,847.1681182005498,211.32556368744554
