xmin,ymin,xmax,ymax
438.85597608764397,211.32556368744554,847.1681182005498,663.6558799545401
