xmin,ymin,xmax,ymax
38.59591125968359,326.99834753827685,363.26296816376043,480.89881267702293
