xmin,ymin,xmax,ymax
126.55866182992918,315.74805170701933,357.17931945273494,421.2405632737076
