xmin,ymin,xmax,ymax
365.05667696272803,540.1473610703403,699.1956923598298,181.95757621222003
