xmin,ymin,xmax,ymax
138.3985325393112,230.7887122837567,490.0253436529056,508.763197787445
