xmin,ymin,xmax,ymax
391.68546878250163,381.1120922477379,485.53437413329675,476.7329114275523
