xmin,ymin,xmax,ymax
58.93918947299494,218.906518824586,477.53720097293717,508.4107129263889
