xmin,ymin,xmax,ymax
251.43448632279933,272.1362957395751,495.7625128123266,488.25750288326316
