xmin,ymin,xmax,ymax
181.62974156601535,295.2525278448919,483.8221890063228,522.4380362035461
