xmin,ymin,xmax,ymax
95.37786568733259,91.1859293742832,128.95626966454483,118.85023672818454
