xmin,ymin,xmax,ymax
337.2284598110209,360.9510874794138,591.1372469949708,729.097466425822
