xmin,ymin,xmax,ymax
366.35976190973406,474.0325783716049,422.7510699256154,396.4320481574184
