xmin,ymin,xmax,ymax
371.8830920590822,367.9043456910509,512.7054269350901,513.5695683151139
