xmin,ymin,xmax,ymax
371.8830920590822,513.5695683151139,512.7054269350901,367.9043456910509
