xmin,ymin,xmax,ymax
323.51232835842166,272.97400811989223,577.3390495062306,368.0735817092218
