xmin,ymin,xmax,ymax
286.0920578527973,324.0197702465964,486.80908650030756,242.42975432217725
