xmin,ymin,xmax,ymax
286.0275625241377,324.85133405389763,543.710787184094,222.06963485389826
