xmin,ymin,xmax,ymax
282.23939607680086,267.41312284576725,553.2684730428496,366.7001915528574
