xmin,ymin,xmax,ymax
324.40112071532394,321.07437967055887,578.2508230959209,225.96619585521057
