xmin,ymin,xmax,ymax
286.0920578527973,242.42975432217725,486.80908650030756,324.0197702465964
