xmin,ymin,xmax,ymax
73.50729268988925,21.891603798261087,124.32329995554278,100.68150933019501
