xmin,ymin,xmax,ymax
14.098735876839669,88.12840299634834,107.96785546392493,164.17813468487324
