xmin,ymin,xmax,ymax
50.49697958675529,95.42595350899529,313.5873579480037,325.21336157100603
