xmin,ymin,xmax,ymax
174.8244450741331,145.879582100506,292.67939762273136,180.1379015807874
