xmin,ymin,xmax,ymax
321.05480927636813,366.1621353431859,627.7480187536494,173.7050968806089
