xmin,ymin,xmax,ymax
137.85069909966023,216.3369639053389,209.12187892718043,302.1365669024058
