xmin,ymin,xmax,ymax
26.79501557854678,110.34432514071456,161.7958273536335,250.25682713798685
