xmin,ymin,xmax,ymax
137.58402787923956,118.16826755348958,208.8312754043268,32.39747538925198
