xmin,ymin,xmax,ymax
137.58402787923956,32.39747538925198,208.8312754043268,118.16826755348958
