xmin,ymin,xmax,ymax
27.02447222239448,84.20403512110803,162.07063143711343,224.16353441902373
