xmin,ymin,xmax,ymax
160.78644531418422,156.54509321452576,227.4633521169742,196.5595011210362
