xmin,ymin,xmax,ymax
214.96788808988123,33.72495768976114,295.59796619580237,227.68115722690777
