xmin,ymin,xmax,ymax
212.5811132380586,36.04608920808846,288.74339605412115,226.74204163228342
