xmin,ymin,xmax,ymax
223.48046448074405,59.889595292486774,286.02904305085633,223.9941016892849
