xmin,ymin,xmax,ymax
239.44712024124556,394.9025212978864,590.033910516006,54.91890920821231
