xmin,ymin,xmax,ymax
283.324562717409,347.9919567147129,554.4707180039263,81.08301107959363
