xmin,ymin,xmax,ymax
167.99559621327637,116.13623525980084,275.0087384074733,224.07557801608377
