xmin,ymin,xmax,ymax
126.26165723027384,288.2144867543683,357.0362881940682,393.7774301489017
