xmin,ymin,xmax,ymax
153.49367349447903,173.9827960827266,273.47313745805377,124.79827183098595
