xmin,ymin,xmax,ymax
153.49367349447903,124.79827183098595,273.47313745805377,173.9827960827266
