xmin,ymin,xmax,ymax
80.84217803209896,26.107412975969964,125.79493794401674,99.07587300198634
