xmin,ymin,xmax,ymax
23.50426470296793,60.31243986645569,113.43145179909084,108.88777275366306
