xmin,ymin,xmax,ymax
392.5934359103476,549.794131433768,486.367029318533,454.2500461233517
