xmin,ymin,xmax,ymax
252.45500216820824,658.6824769599319,496.586960112875,442.73470293076196
