xmin,ymin,xmax,ymax
321.5279096903637,335.3223546817162,488.0173191616766,486.20129094962357
