xmin,ymin,xmax,ymax
139.50975756488947,422.24546345258665,490.85439492142655,699.9968797747975
