xmin,ymin,xmax,ymax
182.70627437732674,408.5815988314609,484.6562181872125,635.5847951865467
