xmin,ymin,xmax,ymax
135.93115958443673,267.65152271943066,477.7885548922527,511.00197018524307
