xmin,ymin,xmax,ymax
322.49217691083413,595.5471236155491,488.84798183125395,444.78926479384864
