xmin,ymin,xmax,ymax
203.34329074041852,432.991704882756,492.621820593695,659.7567299935996
