xmin,ymin,xmax,ymax
137.04436462938406,663.1636510359326,478.62742594854217,420.0084876266048
