xmin,ymin,xmax,ymax
78.5145834572952,700.980962422452,482.55463715837914,435.6327550978839
