xmin,ymin,xmax,ymax
367.15218885176205,448.6038151722783,482.81102648715796,555.3832361261608
