xmin,ymin,xmax,ymax
78.5145834572952,435.6327550978839,482.55463715837914,700.980962422452
