xmin,ymin,xmax,ymax
322.49217691083413,444.78926479384864,488.84798183125395,595.5471236155491
