xmin,ymin,xmax,ymax
367.15218885176205,555.3832361261608,482.81102648715796,448.6038151722783
