xmin,ymin,xmax,ymax
137.04436462938406,420.0084876266048,478.62742594854217,663.1636510359326
