xmin,ymin,xmax,ymax
264.6009163991953,432.89059659016465,492.0515940596124,625.3641587179519
