xmin,ymin,xmax,ymax
263.5901552444434,305.48137276491934,491.22350429197377,498.10951527443206
