xmin,ymin,xmax,ymax
366.2237892154801,375.518498804125,481.9755153861845,482.38367700938784
