xmin,ymin,xmax,ymax
261.962435516999,302.28485818791296,487.9772711667381,496.1351002059487
