xmin,ymin,xmax,ymax
264.5619901109517,430.07775716902825,481.6307343632184,585.031200533033
