xmin,ymin,xmax,ymax
217.89426079194868,251.88885804548227,265.63010729873594,318.2319358190907
