xmin,ymin,xmax,ymax
166.61630476479695,139.62426902090255,299.083433340322,186.6870051231238
