xmin,ymin,xmax,ymax
278.13866336825663,106.24828751088508,602.702298642829,382.1785292980722
