xmin,ymin,xmax,ymax
278.13866336825663,382.1785292980722,602.702298642829,106.24828751088508
