xmin,ymin,xmax,ymax
144.66343279737603,271.22881720625446,270.71203626695933,152.84319290614917
