xmin,ymin,xmax,ymax
108.5281517730468,158.2019699533771,217.49651095047867,288.01463445302534
