xmin,ymin,xmax,ymax
33.33449790073132,130.05146990069014,224.0,317.9485300993099
