xmin,ymin,xmax,ymax
23.45126849661858,20.117234124612366,116.23112094688702,115.11616110976638
