xmin,ymin,xmax,ymax
41.21258740795065,555.6490579916083,401.89441400896885,349.7066768454274
