xmin,ymin,xmax,ymax
162.36323990867209,484.4769919161547,392.42656625792915,361.3812051709298
