xmin,ymin,xmax,ymax
269.923053870197,397.07452411711137,519.1040161658946,760.197220115595
