xmin,ymin,xmax,ymax
43.353400451262814,330.5030619577462,422.9508900198648,587.3623241675682
