xmin,ymin,xmax,ymax
144.09838547333493,393.2658633094397,639.0345708708876,774.4122175012267
