xmin,ymin,xmax,ymax
138.24200338661376,177.95817180123902,180.0739601103976,42.6128292949046
