xmin,ymin,xmax,ymax
150.63970444454003,162.98549808137852,186.94758955243083,33.741563808358364
