xmin,ymin,xmax,ymax
99.0494785358598,126.25428034105153,155.8546200338646,17.616207627345318
