xmin,ymin,xmax,ymax
93.50901483349463,153.8514617008749,148.4810476638284,67.76112020572037
