xmin,ymin,xmax,ymax
666.5689645363351,175.67327077647099,1115.7409176093597,746.2497286208425
