xmin,ymin,xmax,ymax
671.7140024437869,389.81248306063475,997.6858514048807,730.4421243714432
