xmin,ymin,xmax,ymax
663.3247925183283,503.36611053450764,911.7426222928906,749.7639120045607
