xmin,ymin,xmax,ymax
44.70301547430172,217.2743640789562,245.3090403680456,270.4371429880788
