xmin,ymin,xmax,ymax
35.67824672124149,215.5466008758559,249.6784557025927,266.05413947668035
