xmin,ymin,xmax,ymax
313.2045045278778,99.27795887707629,571.7967401629546,361.39603518527235
