xmin,ymin,xmax,ymax
236.66671858172572,433.8724890513912,488.1088691740565,723.0154478834893
