xmin,ymin,xmax,ymax
41.82376410726533,471.45035785080347,421.273014898753,728.2093124875596
