xmin,ymin,xmax,ymax
455.5487781867805,502.7961411672233,672.0018961785202,652.1710878227473
