xmin,ymin,xmax,ymax
345.37902846221823,351.3902661767539,642.5390799389527,547.6363593483568
