xmin,ymin,xmax,ymax
135.15161074682715,541.9247928068794,438.679929269382,731.8947417633422
