xmin,ymin,xmax,ymax
118.55125755478662,542.792422886003,432.7555725631264,728.8793041673424
