xmin,ymin,xmax,ymax
453.85817307874527,406.6669030349465,670.226762730874,555.9835164294973
