xmin,ymin,xmax,ymax
142.52940663158506,665.4710209947992,637.2723116811662,284.47351043607
