xmin,ymin,xmax,ymax
142.52940663158506,284.47351043607,637.2723116811662,665.4710209947992
