xmin,ymin,xmax,ymax
71.17482691346868,136.57675865462454,164.0784973760126,258.05065905702656
