xmin,ymin,xmax,ymax
34.047321717831665,146.5223085589811,202.49407892817362,262.0752673579382
