xmin,ymin,xmax,ymax
89.86261114952981,138.49999999999994,187.13738885046996,243.62737727453776
