xmin,ymin,xmax,ymax
139.8856103557382,70.51396375656435,222.74511426229765,185.79001692318326
