xmin,ymin,xmax,ymax
124.07780665852988,148.7127860327853,196.69128031359355,258.3317545721139
