xmin,ymin,xmax,ymax
139.88443328793983,143.40484234552832,217.94752564018086,252.65493412737368
