xmin,ymin,xmax,ymax
140.87606638835837,76.90685828796529,219.05075717055092,186.31313320767418
