xmin,ymin,xmax,ymax
136.04851609420052,267.8360522328535,228.3464861173959,145.49272666887168
