xmin,ymin,xmax,ymax
137.03466539525425,61.7040373662835,229.46458392614932,184.22226406006388
