xmin,ymin,xmax,ymax
189.37605116554596,235.75172013061024,336.239118956767,80.35836211141918
