xmin,ymin,xmax,ymax
189.37605116554596,80.35836211141918,336.239118956767,235.75172013061024
