xmin,ymin,xmax,ymax
204.8267822530902,287.050273891454,424.0693003444917,85.18263952847332
