xmin,ymin,xmax,ymax
57.46569106229049,275.29784679136674,313.3865712101617,39.374284830489174
