xmin,ymin,xmax,ymax
277.0686360960178,184.89648997097515,532.7649635346527,355.2631069364992
