xmin,ymin,xmax,ymax
277.0686360960178,355.2631069364992,532.7649635346527,184.89648997097515
