xmin,ymin,xmax,ymax
87.69572008166995,159.70452992142515,118.87212638635981,93.60550733425417
