xmin,ymin,xmax,ymax
87.16249315990171,173.89824130602403,128.95821192732444,97.10920402998832
