xmin,ymin,xmax,ymax
135.61381145765563,109.76117574975353,206.2347786280102,161.83048977875308
