xmin,ymin,xmax,ymax
240.73502362499448,284.7181901128693,294.1512343093618,263.30433074225647
