xmin,ymin,xmax,ymax
203.37441650286246,121.55376689995441,264.08348381832207,235.20803437392337
