xmin,ymin,xmax,ymax
202.708057766519,215.16507795968494,263.41113192792454,328.8081255687475
