xmin,ymin,xmax,ymax
240.73502362499448,263.30433074225647,294.1512343093618,284.7181901128693
