xmin,ymin,xmax,ymax
90.4091574105488,26.294704780946688,109.64377592570645,100.00688855185228
