xmin,ymin,xmax,ymax
202.78525569426438,168.68282944292508,372.91501922558905,236.22018174464455
