xmin,ymin,xmax,ymax
454.027898315097,492.6796973710062,783.5168151012265,1000.0073815918361
