xmin,ymin,xmax,ymax
20.406006213506316,341.00981557060413,459.0841202640165,578.3746479956851
