xmin,ymin,xmax,ymax
538.6059008519914,725.7099906853749,1006.7122501980629,409.14288888536
