xmin,ymin,xmax,ymax
476.9389599841901,834.4226359414041,979.8771434963422,426.3709425168763
