xmin,ymin,xmax,ymax
487.73434115607336,820.0168255328722,862.1762662000389,480.1613495781363
