xmin,ymin,xmax,ymax
473.7879151862711,870.8050659556604,1010.0486124551784,432.04253480457794
