xmin,ymin,xmax,ymax
538.6059008519914,409.14288888536,1006.7122501980629,725.7099906853749
