xmin,ymin,xmax,ymax
485.0287017542587,201.06387519237535,1017.1177924793376,617.9054961820771
