xmin,ymin,xmax,ymax
505.37378346318087,276.08153124612045,1009.0988842672652,594.6787698427524
