xmin,ymin,xmax,ymax
477.93584061988827,230.60811618639224,980.8100676816828,638.6079194607398
