xmin,ymin,xmax,ymax
487.47439796406695,786.7718278156431,839.6201584562158,467.5354615924516
