xmin,ymin,xmax,ymax
487.73434115607336,480.1613495781363,862.1762662000389,820.0168255328722
