xmin,ymin,xmax,ymax
244.3558538064542,125.33644980550855,479.16711639675736,288.3100372106906
