xmin,ymin,xmax,ymax
244.3558538064542,288.3100372106906,479.16711639675736,125.33644980550855
