xmin,ymin,xmax,ymax
41.9228311666584,158.40764306130382,222.36109499466033,274.0499227984978
