xmin,ymin,xmax,ymax
212.45797873295328,31.647306252145313,384.18778553071843,350.97090417563174
