xmin,ymin,xmax,ymax
541.0485618468618,810.6094319119413,811.7555016744396,550.5085694020804
