xmin,ymin,xmax,ymax
560.9412854943727,891.0336947837452,992.836044663631,526.0714898463327
