xmin,ymin,xmax,ymax
544.851949654104,934.7666681039459,985.5023283622971,546.2727810332697
