xmin,ymin,xmax,ymax
542.8893346984765,796.0815178699863,809.7107997140848,547.8303695593842
