xmin,ymin,xmax,ymax
107.0062154501486,171.87273013045026,227.28249179536715,37.14164733035092
