xmin,ymin,xmax,ymax
105.3470454501487,172.83928313045027,225.62332179536725,38.108200330350925
