xmin,ymin,xmax,ymax
106.64928545014845,171.93462013045027,226.925561795367,37.203537330350926
