xmin,ymin,xmax,ymax
104.5833654501489,171.80803313045033,224.85964179536745,37.076950330350925
