xmin,ymin,xmax,ymax
105.5987454501485,170.86760313045033,225.87502179536705,36.13652033035093
