xmin,ymin,xmax,ymax
105.90221545014856,171.9366951304503,226.1784917953671,37.20561233035092
