xmin,ymin,xmax,ymax
65.91742620428616,203.59303622513784,195.70677491469115,170.70578836517427
