xmin,ymin,xmax,ymax
96.81945517734033,201.03587276612956,190.1029977772918,180.87105677047543
