xmin,ymin,xmax,ymax
87.72252548382838,211.06451456017436,190.05358557460482,164.18849198113645
