xmin,ymin,xmax,ymax
76.97126358499463,45.6777684449213,210.98128676407146,207.4559284576709
