xmin,ymin,xmax,ymax
100.87731950562193,137.90294182066543,192.35465572052158,66.19147166384931
