xmin,ymin,xmax,ymax
155.2923438876235,178.98304728881396,202.60304283631424,324.66867821064443
