xmin,ymin,xmax,ymax
195.3235886219282,211.9419399173227,346.68262316502825,324.8246261537203
