xmin,ymin,xmax,ymax
217.9136344410735,380.2003535734351,424.1843359097401,187.63321620616256
