xmin,ymin,xmax,ymax
207.99102982722394,112.3138135592657,385.65570198665824,250.95234705374045
