xmin,ymin,xmax,ymax
218.8472447946802,78.89059437542403,425.151289611977,271.4888599308017
