xmin,ymin,xmax,ymax
207.05917408080762,346.7825363294854,384.69513165489144,208.16640992334453
