xmin,ymin,xmax,ymax
26.64096515362189,444.27518348425036,367.25002301468476,361.6058878626761
