xmin,ymin,xmax,ymax
27.808547510501512,338.7579338451266,368.6882805949256,421.49292510673456
