xmin,ymin,xmax,ymax
173.43869001149255,302.7332885351936,450.0324476303531,421.7769526195881
