xmin,ymin,xmax,ymax
210.64169256354535,328.54899237971244,382.24623167837467,647.6396608661692
