xmin,ymin,xmax,ymax
393.30035357551463,201.56868214936634,690.6708540177085,499.41370347428006
