xmin,ymin,xmax,ymax
425.339226782446,108.12845486636496,789.2873430935699,534.3368828721613
