xmin,ymin,xmax,ymax
81.84721244485075,60.613992038649144,120.23678949767327,99.70253831747027
