xmin,ymin,xmax,ymax
244.16627920042876,332.46296174030454,519.5641264945972,101.8914495412871
