xmin,ymin,xmax,ymax
574.9440404475408,424.78817864241364,1147.557371022969,665.6429233340472
