xmin,ymin,xmax,ymax
574.9440404475408,665.6429233340472,1147.557371022969,424.78817864241364
