xmin,ymin,xmax,ymax
32.610755727816695,160.96557557964388,227.31455347735982,295.018235473651
