xmin,ymin,xmax,ymax
151.5067222228863,77.7251721983983,290.43503381240293,186.22496618447624
