xmin,ymin,xmax,ymax
209.5704758490242,274.559718015943,484.70050507688075,561.3425727783842
