xmin,ymin,xmax,ymax
183.11203350285737,192.63523006018158,289.8977494525124,361.2183926471754
