xmin,ymin,xmax,ymax
146.78609670745504,265.3993171333989,262.22388058148795,194.86907357643446
