xmin,ymin,xmax,ymax
213.06421202797742,174.03014742401444,391.7205530135052,242.72310492168083
