xmin,ymin,xmax,ymax
597.6799830968521,657.9950769949071,735.3037314995045,1023.0996415727859
