xmin,ymin,xmax,ymax
462.3608771570796,1296.459849081603,851.7232954362939,671.0618199886453
