xmin,ymin,xmax,ymax
576.0365399578943,1084.04579894483,749.2710855712292,651.3435314912622
