xmin,ymin,xmax,ymax
421.00863625326474,401.93458376930107,598.670554910166,440.9750803625292
