xmin,ymin,xmax,ymax
462.9053074595424,389.39171382107753,846.5764666241801,485.6361064823739
