xmin,ymin,xmax,ymax
385.2548459463933,993.9857131101727,681.017400946022,478.1549187429278
