xmin,ymin,xmax,ymax
263.655562654538,656.4045723384941,515.0451613325602,535.5650266435159
