xmin,ymin,xmax,ymax
317.534568148262,643.3557852457046,517.4544540031152,535.6695513801933
