xmin,ymin,xmax,ymax
491.5824296857693,792.0488215451235,630.2655499927737,492.79607310158934
