xmin,ymin,xmax,ymax
39.12578543739892,329.1065773593646,455.79697428592317,463.569338492653
