xmin,ymin,xmax,ymax
66.8078415897237,72.65450101772154,106.04783737402931,108.89994744288884
