xmin,ymin,xmax,ymax
167.4882720196731,297.07659887154796,300.62779459851913,167.15849586398986
