xmin,ymin,xmax,ymax
203.41728671617716,39.65736360330277,397.9602189609925,264.4730141141628
