xmin,ymin,xmax,ymax
291.34551086131114,19.354485001220837,685.322198823201,694.5394844307984
