xmin,ymin,xmax,ymax
439.91851615360156,403.44015133392213,882.150955177485,659.3139716718518
