xmin,ymin,xmax,ymax
87.5399748227797,111.48914469051783,131.55003606614892,171.37490334643257
