xmin,ymin,xmax,ymax
99.56022784888489,170.5020678207443,167.82171255104234,255.17183477775097
