xmin,ymin,xmax,ymax
91.52839310990754,44.63142964835242,183.3448332155767,179.74820496674988
