xmin,ymin,xmax,ymax
99.13031281156157,41.721492035997926,185.56517440040463,175.60732432120358
