xmin,ymin,xmax,ymax
337.71365815517447,79.62359157348942,393.28196690871425,178.69964670889908
