xmin,ymin,xmax,ymax
83.79301516785483,175.6489084602497,127.77990816372119,235.50314141410354
