xmin,ymin,xmax,ymax
99.13031281156157,175.60732432120358,185.56517440040463,41.721492035997926
