xmin,ymin,xmax,ymax
103.31549222053206,91.81009166914373,171.61293079132577,176.52445486796842
