xmin,ymin,xmax,ymax
171.3048012840668,35.29669942289411,316.90108704308795,295.04666400898793
