xmin,ymin,xmax,ymax
85.40463752810729,447.0865638558957,484.04181404455903,631.4246194962938
