xmin,ymin,xmax,ymax
329.20375915708155,457.8306713292235,486.0727206842373,540.1817552485168
