xmin,ymin,xmax,ymax
55.9181432229168,427.68394837262946,479.0434283773243,599.6049603828711
