xmin,ymin,xmax,ymax
41.04127203179792,429.517129761671,481.9162781842415,625.016851311337
