xmin,ymin,xmax,ymax
397.0785490541482,466.3587560722399,481.22256140798277,500.1326234195232
