xmin,ymin,xmax,ymax
0.3472461045341788,65.35843186928713,101.06602460026227,129.54213141043175
