xmin,ymin,xmax,ymax
0.3472461045341788,129.54213141043175,101.06602460026227,65.35843186928713
