xmin,ymin,xmax,ymax
33.2571161817865,50.392802216590724,107.98385071540201,110.96603790518003
