xmin,ymin,xmax,ymax
259.6705343940048,77.54119192322523,465.9856527433785,299.10378001543455
