xmin,ymin,xmax,ymax
259.07064009438216,260.34311206648226,465.4176329327952,481.9399302933621
