xmin,ymin,xmax,ymax
127.01291148968767,32.13645772223748,209.93212941512047,192.6966328574146
