xmin,ymin,xmax,ymax
130.58629819357634,283.5738326472148,235.08548932557778,145.71765645542308
