xmin,ymin,xmax,ymax
388.0366916107489,354.5363356217815,748.0984162769216,445.1797049307605
