xmin,ymin,xmax,ymax
99.39344854552974,64.51900822415001,184.43695047439542,141.31309185663002
