xmin,ymin,xmax,ymax
291.3221199194809,290.13407545432096,370.26946890220444,552.358595516645
