xmin,ymin,xmax,ymax
227.51311954575522,60.17828228646226,267.56734475953147,300.2499593682346
