xmin,ymin,xmax,ymax
263.9837784082255,293.63559544034115,393.49753811142455,99.51358356148194
