xmin,ymin,xmax,ymax
294.8429789728673,39.22371630722955,373.7718257361256,301.38678103657685
