xmin,ymin,xmax,ymax
107.08732841962092,167.24214469335655,227.3344138169366,301.9405283765691
