xmin,ymin,xmax,ymax
163.68050585118024,160.46305305786174,309.72365395593954,299.1197737098273
