xmin,ymin,xmax,ymax
544.851949654104,546.2727810332697,985.5023283622971,934.7666681039459
