xmin,ymin,xmax,ymax
540.4238320112153,930.4111819546764,1004.9902859295324,527.4820405903278
