xmin,ymin,xmax,ymax
535.8157254588895,935.6060080211837,1003.541898765336,526.427937792897
