xmin,ymin,xmax,ymax
136.83272851564357,157.42581361441643,249.8360623487556,99.88664801684888
