xmin,ymin,xmax,ymax
332.68777203697664,393.05114280148854,484.7001630837583,292.1962878564699
