xmin,ymin,xmax,ymax
236.97282670377422,327.1160718642163,416.0323656455132,198.58984947177225
