xmin,ymin,xmax,ymax
107.46277777777777,39.953212325920845,204.10469866215522,131.06345434074592
