xmin,ymin,xmax,ymax
64.02457996332669,333.4933525671232,317.8311069920685,594.5139446411653
