xmin,ymin,xmax,ymax
101.92899172464502,62.10135495213564,190.97594037140323,117.63776032495434
