xmin,ymin,xmax,ymax
90.42735272688026,86.8743507300486,164.6009107630747,117.17721441476453
