xmin,ymin,xmax,ymax
156.77972837428524,111.86671334335045,198.34182480600907,167.31470284487085
