xmin,ymin,xmax,ymax
125.16359460832359,29.21730570991855,206.04658314234257,161.52070384299458
