xmin,ymin,xmax,ymax
665.2222748142592,669.4022122234057,1144.716267844395,1276.6410501044943
