xmin,ymin,xmax,ymax
670.8531533559799,684.8491788280554,996.7270578329869,1025.3764714403821
