xmin,ymin,xmax,ymax
662.4664641292893,911.8569633283332,910.8096520099184,665.5331967960271
