xmin,ymin,xmax,ymax
672.8557444730626,449.0520810226799,945.5407174974895,745.3007440510446
