xmin,ymin,xmax,ymax
671.9945523269996,966.1546731499295,944.5975919296102,669.995023705266
