xmin,ymin,xmax,ymax
680.0837183512668,470.9974703201257,939.9301595546298,735.8591258241506
