xmin,ymin,xmax,ymax
666.081431488264,138.47238445095945,1145.7195409730311,745.8937337080024
