xmin,ymin,xmax,ymax
662.4664641292893,665.5331967960271,910.8096520099184,911.8569633283332
