xmin,ymin,xmax,ymax
670.8531533559799,1025.3764714403821,996.7270578329869,684.8491788280554
