xmin,ymin,xmax,ymax
399.7145047483258,298.8296829340352,764.9922877295477,444.7678972733124
