xmin,ymin,xmax,ymax
330.0191515385819,305.3690664610431,415.2581827191731,377.3896244069716
