xmin,ymin,xmax,ymax
398.3115733974713,298.397730748032,727.6918726307616,438.0127438238935
