xmin,ymin,xmax,ymax
404.6393204396892,362.5744717446714,586.8807196945373,453.17072113913406
