xmin,ymin,xmax,ymax
144.81164242759132,107.59215627385754,265.41770271162136,168.0979972066118
