xmin,ymin,xmax,ymax
328.13674678527013,207.04524859549497,644.7568076093296,373.75668947029516
