xmin,ymin,xmax,ymax
38.55808920757363,94.64558372366389,258.11653498319515,274.0311945049773
