xmin,ymin,xmax,ymax
597.6799830968521,1023.0996415727859,735.3037314995045,657.9950769949071
