xmin,ymin,xmax,ymax
163.29849713293015,110.52765435639029,277.19321642100635,212.96841513162943
