xmin,ymin,xmax,ymax
85.25067459962804,86.83141840320684,141.3072588316021,138.97100110441403
