xmin,ymin,xmax,ymax
51.3907041503665,123.97846628487156,148.06904034913595,214.13561407906093
