xmin,ymin,xmax,ymax
85.54409627160686,88.95204429106099,138.5201823387035,140.80625490388366
