xmin,ymin,xmax,ymax
59.76508287729763,126.23306950725652,135.44156115324097,190.55307091819645
