xmin,ymin,xmax,ymax
214.6035449326523,399.19867644626123,450.09449327017705,211.6006814318634
