xmin,ymin,xmax,ymax
246.1139646207007,209.8539088706425,358.6228748002525,294.9272993206423
