xmin,ymin,xmax,ymax
265.2246908375969,208.05436709681047,394.26470591064503,312.72998242069235
