xmin,ymin,xmax,ymax
240.57935145647843,201.60221653650996,422.9006573479501,328.4826111061515
