xmin,ymin,xmax,ymax
263.8375457868294,280.02585351167227,412.8662091724191,187.89611346381696
