xmin,ymin,xmax,ymax
265.29663910921363,184.22140009822186,394.28750848512914,288.85714905906144
