xmin,ymin,xmax,ymax
214.51228252302576,97.67079943720722,450.09295323299807,285.34026954352646
