xmin,ymin,xmax,ymax
241.34533808510355,197.98429249420687,404.75545448600064,307.09240256322016
