xmin,ymin,xmax,ymax
262.07186956102896,182.88656642237513,395.9336867481161,294.80819181243794
