xmin,ymin,xmax,ymax
263.8375457868294,187.89611346381696,412.8662091724191,280.02585351167227
