xmin,ymin,xmax,ymax
187.0440181896936,33.95808858993337,273.09683185419567,229.19054046840466
