xmin,ymin,xmax,ymax
200.3355885127752,86.0351793529776,295.45256048882663,229.0403975600396
