xmin,ymin,xmax,ymax
73.934861646547,59.82043565625179,150.01386805081984,173.38101106397923
