xmin,ymin,xmax,ymax
46.98398758917915,69.31070412823772,149.64055272824066,145.14722594902648
