xmin,ymin,xmax,ymax
44.76418420952564,46.428937792446334,147.24243018684092,151.71296721639536
