xmin,ymin,xmax,ymax
35.13873088230207,193.91317729505715,179.85702270243405,109.65932359607359
