xmin,ymin,xmax,ymax
74.93634907259752,200.26342224828647,179.66368616588625,147.17283750232525
