xmin,ymin,xmax,ymax
93.16172573794915,192.36278531828827,181.0614001709098,124.35776741080281
