xmin,ymin,xmax,ymax
35.13873088230207,109.65932359607359,179.85702270243405,193.91317729505715
