xmin,ymin,xmax,ymax
238.21013535831548,173.58813698118595,326.1206657044445,252.35251887004503
