xmin,ymin,xmax,ymax
239.11580356871877,257.8013992471266,369.63593492459245,397.08341132267344
