xmin,ymin,xmax,ymax
242.04228880358824,259.3297806775961,293.7495747766327,308.89628832828595
