xmin,ymin,xmax,ymax
239.70828611646516,249.5742764969166,370.2920493582965,110.22436089555927
