xmin,ymin,xmax,ymax
164.93765795876197,265.1396850947552,322.08655369023245,428.6754094947529
