xmin,ymin,xmax,ymax
236.40743820547323,250.79385691857354,392.43932834011935,84.55157363577945
