xmin,ymin,xmax,ymax
235.61884613929215,250.61862498198357,394.7590161447781,73.48163897380587
