xmin,ymin,xmax,ymax
236.40743820547323,84.55157363577945,392.43932834011935,250.79385691857354
