xmin,ymin,xmax,ymax
238.21013535831548,252.35251887004503,326.1206657044445,173.58813698118595
