xmin,ymin,xmax,ymax
239.70828611646516,110.22436089555927,370.2920493582965,249.5742764969166
