xmin,ymin,xmax,ymax
237.9931938572281,249.03619572737963,399.2347336514147,67.45592383991351
