xmin,ymin,xmax,ymax
235.61884613929215,73.48163897380587,394.7590161447781,250.61862498198357
