xmin,ymin,xmax,ymax
45.4338256813362,205.81046583410483,266.36873216543427,368.92015646860966
