xmin,ymin,xmax,ymax
132.85391568109674,232.90383297436347,261.32357721770063,325.7633416019055
