xmin,ymin,xmax,ymax
441.0055269715509,483.765802019644,834.2173655454698,303.4044467112263
