xmin,ymin,xmax,ymax
440.4744466795106,482.84203907326304,772.8507497353806,290.25473120578096
