xmin,ymin,xmax,ymax
201.39463614304077,342.30019965643595,326.8263066013367,258.7873858150607
