xmin,ymin,xmax,ymax
48.88250634463748,368.12236233546906,330.74788787630223,208.50104055576156
