xmin,ymin,xmax,ymax
37.46540699205775,67.72050203375431,168.043197296171,176.60365755397032
