xmin,ymin,xmax,ymax
196.01359928802526,238.24348824469502,362.171879625134,170.79385820683868
