xmin,ymin,xmax,ymax
168.04443051411295,188.91335872121522,294.1854683450689,371.5210157902318
