xmin,ymin,xmax,ymax
89.76587253671323,6.797983457842747,140.5113883442217,103.45251322447848
