xmin,ymin,xmax,ymax
48.99231411841174,148.04526824628863,236.61829083261046,277.76967222074336
