xmin,ymin,xmax,ymax
48.99231411841174,277.76967222074336,236.61829083261046,148.04526824628863
