xmin,ymin,xmax,ymax
38.04951025442688,374.8458256468215,250.867534525255,228.86866064817033
