xmin,ymin,xmax,ymax
48.585175702387005,191.12975431829545,236.18506771613488,320.8361233581527
