xmin,ymin,xmax,ymax
38.04951025442688,228.86866064817033,250.867534525255,374.8458256468215
