xmin,ymin,xmax,ymax
164.411211864925,283.518516684115,219.79350548300704,167.5302355782796
