xmin,ymin,xmax,ymax
166.2580410406547,164.07918534283107,209.42298703034817,278.92724960147655
