xmin,ymin,xmax,ymax
167.48624064882483,78.81697863173127,217.78142535153165,191.61164540783233
