xmin,ymin,xmax,ymax
166.59226043873718,114.46483200169348,207.4890703049714,168.9663292275863
