xmin,ymin,xmax,ymax
164.411211864925,167.5302355782796,219.79350548300704,283.518516684115
