xmin,ymin,xmax,ymax
165.6877860400184,238.85240028184774,206.58648282826925,184.34838843255534
