xmin,ymin,xmax,ymax
159.1580224114723,36.44728755955282,205.74297913954183,170.8476580286635
