xmin,ymin,xmax,ymax
166.02553958711428,160.03651656767568,221.69787494125626,279.20009862778585
