xmin,ymin,xmax,ymax
166.58180749711187,274.50189839426275,216.87931274979928,161.7020274288667
