xmin,ymin,xmax,ymax
167.1356523302636,259.7309097634631,223.0836272156655,180.64833230256863
