xmin,ymin,xmax,ymax
170.18537042850085,275.1882541249663,212.0606714880828,162.74821067010242
