xmin,ymin,xmax,ymax
166.58180749711187,161.7020274288667,216.87931274979928,274.50189839426275
