xmin,ymin,xmax,ymax
95.42476460636385,73.720184875992,182.10554046788343,117.58768325899075
