xmin,ymin,xmax,ymax
85.40463752810729,631.4246194962938,484.04181404455903,447.0865638558957
