xmin,ymin,xmax,ymax
20.12183745451216,595.0429323055919,473.99744281959624,392.2963775020142
