xmin,ymin,xmax,ymax
61.73467933423012,386.9678929999349,481.9007049685888,596.5360303220674
