xmin,ymin,xmax,ymax
39.97691388556859,325.46336594377215,481.0660771276421,521.0580523946148
