xmin,ymin,xmax,ymax
397.0785490541482,500.1326234195232,481.22256140798277,466.3587560722399
