xmin,ymin,xmax,ymax
20.12183745451216,392.2963775020142,473.99744281959624,595.0429323055919
