xmin,ymin,xmax,ymax
55.9181432229168,599.6049603828711,479.0434283773243,427.68394837262946
