xmin,ymin,xmax,ymax
180.31746200204657,454.3899519718346,495.9693707649651,625.0190090098746
