xmin,ymin,xmax,ymax
54.86101158622546,350.88760081672865,478.191831820538,522.8921242600625
