xmin,ymin,xmax,ymax
396.1871376751044,450.4082569315036,480.37202337522535,484.19853009230724
