xmin,ymin,xmax,ymax
51.45304838134393,310.46318904923123,491.3305224949513,536.82074436373
