xmin,ymin,xmax,ymax
329.20375915708155,540.1817552485168,486.0727206842373,457.8306713292235
