xmin,ymin,xmax,ymax
4.217183934388004,74.8608781461515,486.5284124245493,715.9573141462464
