xmin,ymin,xmax,ymax
152.91638843361602,175.42028274571908,208.48757355638372,284.189689771494
