xmin,ymin,xmax,ymax
47.34330185256954,133.9293143402909,150.0747617005759,209.82116388631056
