xmin,ymin,xmax,ymax
74.3138383432713,219.31835613267037,150.44834938121016,105.67493082409861
