xmin,ymin,xmax,ymax
45.12187898050638,232.7196239740071,147.67488957122214,127.35878293328928
