xmin,ymin,xmax,ymax
89.56838542925925,100.03916868662357,138.24775905978208,172.53851278903738
