xmin,ymin,xmax,ymax
213.70337690116412,175.70134294202285,400.087961179433,274.9203495220895
