xmin,ymin,xmax,ymax
255.70878885983382,212.4021022536524,404.1252553072179,252.50882283579926
