xmin,ymin,xmax,ymax
194.07603691377938,231.5098098480105,366.9585041746949,150.41620043456987
