xmin,ymin,xmax,ymax
190.4661017162573,202.8205475255595,363.33564030737057,283.90809251548876
