xmin,ymin,xmax,ymax
180.7036249978869,105.65968485833281,311.4794522313832,216.4447444866774
