xmin,ymin,xmax,ymax
277.27522090403795,129.1924148127705,520.8338860657125,417.02235091148947
