xmin,ymin,xmax,ymax
332.68777203697664,292.1962878564699,484.7001630837583,393.05114280148854
