xmin,ymin,xmax,ymax
218.59346015088568,221.01021742768512,433.43026038104017,436.32518102792415
