xmin,ymin,xmax,ymax
176.25906302584065,160.76656515006403,307.8827956991744,322.90253474929045
