xmin,ymin,xmax,ymax
91.31320821051008,42.924613130407806,158.96454583837271,106.1565009412713
