xmin,ymin,xmax,ymax
94.90501181346826,44.5569971142794,164.59418018971337,105.79299754032405
