xmin,ymin,xmax,ymax
204.46319706312602,314.5816184609149,324.57562938932574,381.0796699758084
