xmin,ymin,xmax,ymax
211.2641925593698,320.81752355595785,342.277181105449,395.3640649097537
