xmin,ymin,xmax,ymax
277.0164559853988,322.47087415628596,326.01110400734524,360.36724905146053
