xmin,ymin,xmax,ymax
209.70578319911033,314.30649083770584,322.4912841123844,365.99411888453346
