xmin,ymin,xmax,ymax
235.3563080966121,312.65058344149486,327.95738606974555,374.08090695884306
