xmin,ymin,xmax,ymax
136.43521470788073,319.2388250290012,349.4483375117893,428.56175762496497
