xmin,ymin,xmax,ymax
256.03315944123256,323.41605485424293,331.9603265615078,372.771511305628
