xmin,ymin,xmax,ymax
275.24219409152454,305.4021584644207,482.9875440761929,81.07285785105137
