xmin,ymin,xmax,ymax
80.98041953892448,169.43005965556426,161.62580555832443,83.22739999868918
