xmin,ymin,xmax,ymax
83.38343163854728,94.50295513752803,144.51197232539818,171.2630657119039
