xmin,ymin,xmax,ymax
87.50861669074831,27.496742257812002,148.65396864321625,104.27796301399758
