xmin,ymin,xmax,ymax
99.9960083497524,94.42258821937196,127.69410990393226,105.55752355771045
