xmin,ymin,xmax,ymax
129.59825629399518,131.66573894662508,202.6785923515257,225.3646531123302
