xmin,ymin,xmax,ymax
127.11427340938133,137.53360697812036,168.7500919676594,185.93887556829623
