xmin,ymin,xmax,ymax
121.11694399529699,138.03522288878003,174.48797286198862,221.82767265339544
