xmin,ymin,xmax,ymax
284.1020102255686,320.95251911571336,551.0398094565153,199.20024858305896
