xmin,ymin,xmax,ymax
90.0601262101602,28.652531265826866,159.3058068640953,103.2687786304612
