xmin,ymin,xmax,ymax
93.66121903845305,56.57990009251837,152.29622156580854,107.36255799702091
