xmin,ymin,xmax,ymax
283.02197760808167,450.56065285636816,506.35809191198155,57.047312678904774
