xmin,ymin,xmax,ymax
285.4901424660029,454.42158417920893,507.2676627409792,32.9994253625043
