xmin,ymin,xmax,ymax
55.32040236705416,46.82129480992808,171.00694810331652,172.412238922656
