xmin,ymin,xmax,ymax
129.32294008665752,169.44667705007515,231.8931266817034,33.776261277501476
