xmin,ymin,xmax,ymax
37.34117168001944,167.41873796532693,232.0635034357215,344.8170839338232
