xmin,ymin,xmax,ymax
268.48653740283294,32.361365878707716,517.6599541964813,395.4730660811183
