xmin,ymin,xmax,ymax
269.923053870197,760.197220115595,519.1040161658946,397.07452411711137
