xmin,ymin,xmax,ymax
164.28869543038223,175.32814268471407,310.2357102791694,324.987765776945
