xmin,ymin,xmax,ymax
177.86857860866775,188.32165934570253,358.6926210284068,382.0502788899785
