xmin,ymin,xmax,ymax
100.76096209292496,127.96861314598681,198.26607292228414,65.09073836129056
