xmin,ymin,xmax,ymax
167.2826491736273,225.72066215544686,303.5933608660871,160.26156985322325
