xmin,ymin,xmax,ymax
168.31338548711597,193.16590399787907,234.40695454172237,153.87824511939095
