xmin,ymin,xmax,ymax
288.7132205354667,293.8686917283811,407.1900742818377,410.76230061355517
