xmin,ymin,xmax,ymax
257.69710795459514,351.84039143917795,386.4605486637206,410.4667146487902
