xmin,ymin,xmax,ymax
302.69961325154736,358.066223576608,388.6868817469747,411.1871613547647
