xmin,ymin,xmax,ymax
126.08701427376536,297.31087906891463,397.4997484219664,450.9531634223115
