xmin,ymin,xmax,ymax
159.05999943245752,350.1874894372809,385.4031704911613,405.26183421177575
