xmin,ymin,xmax,ymax
329.13610425902857,355.66449019900887,380.14748822804154,386.13120782958373
