xmin,ymin,xmax,ymax
32.96133477005469,314.3584831074004,380.4829717880041,403.1124836462566
