xmin,ymin,xmax,ymax
398.91775618028987,359.3638331172334,796.0143026103322,569.927291273376
