xmin,ymin,xmax,ymax
73.55230520107762,551.7485678018703,359.66504143750467,306.8859754833253
