xmin,ymin,xmax,ymax
79.98552279740534,587.5435761139578,381.9102801161141,296.7781267271209
