xmin,ymin,xmax,ymax
106.5184033259386,632.0692805337202,468.19055863614767,254.4083514376132
