xmin,ymin,xmax,ymax
301.7609721164555,266.56433610664413,401.3165052289436,315.1325468671854
