xmin,ymin,xmax,ymax
282.4138546869352,201.84917638820912,510.1476680724585,342.5107451186433
