xmin,ymin,xmax,ymax
98.74873179666099,119.07590962400337,149.55236869894588,76.82157058823816
