xmin,ymin,xmax,ymax
10.833767994049367,77.37858039161114,100.2155871915852,119.29946559186618
