xmin,ymin,xmax,ymax
243.3040294657178,356.55834639212355,326.91870541752496,301.18932933925987
