xmin,ymin,xmax,ymax
308.26879640308994,351.81394153880143,332.4866473999218,331.98294559249825
