xmin,ymin,xmax,ymax
242.783488905382,298.3121545692659,326.3971026663896,353.68046824727537
