xmin,ymin,xmax,ymax
150.7360720819188,445.37017415215763,347.86180024334817,274.4106027060689
