xmin,ymin,xmax,ymax
72.39852687656526,303.0504225275371,339.30956941934164,529.24206759738
