xmin,ymin,xmax,ymax
130.22333363099256,204.6548139349793,332.4824107389393,344.7668292461984
