xmin,ymin,xmax,ymax
101.72324537761392,537.6864507527289,362.1637293017511,305.6880986420582
