xmin,ymin,xmax,ymax
308.26879640308994,331.98294559249825,332.4866473999218,351.81394153880143
