xmin,ymin,xmax,ymax
228.79275952962712,278.33069356935846,452.4395297207609,138.86311745331727
