xmin,ymin,xmax,ymax
146.20691697934012,73.43381322804305,261.58919998479337,143.93014683241518
