xmin,ymin,xmax,ymax
291.57985307952214,183.6298011277518,458.34956756278575,339.9498949923784
