xmin,ymin,xmax,ymax
287.1064294022621,128.2994062070099,504.9530452970357,333.7289435252261
