xmin,ymin,xmax,ymax
255.3686029518342,558.579995341485,632.3669773277704,825.6593205366495
