xmin,ymin,xmax,ymax
342.49397448594164,559.217087896046,617.5649083941032,733.351724484565
