xmin,ymin,xmax,ymax
195.68986395783077,578.7143481405701,625.546209663335,831.8163904683539
