xmin,ymin,xmax,ymax
437.86438698048255,582.6563966159024,620.2779392586613,728.4233576515304
