xmin,ymin,xmax,ymax
321.7700153376095,556.4312220270679,624.1562325184248,754.2530633611022
