xmin,ymin,xmax,ymax
481.43897165029284,589.6364302428708,616.6913774637035,707.5881389276148
