xmin,ymin,xmax,ymax
462.1478802004224,587.7483033016435,622.4589205061441,708.4664639604295
