xmin,ymin,xmax,ymax
117.91873419594617,565.5431002111837,645.0535208338604,920.7942924510937
