xmin,ymin,xmax,ymax
104.29176311012043,540.2429650102002,619.9890932703006,840.4097490753121
