xmin,ymin,xmax,ymax
483.97712013795217,572.9648588804007,628.3176860111457,716.4862006743276
