xmin,ymin,xmax,ymax
210.84743476231938,540.3201929490963,619.900474644239,803.3131123704575
