xmin,ymin,xmax,ymax
94.1184968557452,62.26478242239955,146.08929447449577,105.22556114322049
