xmin,ymin,xmax,ymax
149.78770581102185,105.71542553307154,181.5423372321668,163.4513923084636
