xmin,ymin,xmax,ymax
146.25024046459544,37.36895390363645,213.8547896029404,182.5947668051066
