xmin,ymin,xmax,ymax
166.92999840307243,74.11899515664197,222.59976523147748,193.27707942821036
