xmin,ymin,xmax,ymax
165.31574516028604,69.80077633693276,220.69548363413674,185.78370615144388
