xmin,ymin,xmax,ymax
168.0400599295242,93.58728578106957,223.98545357215085,172.6662146499974
