xmin,ymin,xmax,ymax
167.16248912981337,74.39183159465688,210.32544364072305,189.23459716757293
