xmin,ymin,xmax,ymax
112.44798129038395,169.3525826951502,226.6247092817681,41.6727391528932
