xmin,ymin,xmax,ymax
264.95889428510884,230.60067848192904,573.0877974765764,489.59385813078507
