xmin,ymin,xmax,ymax
97.63181230405098,78.40058483935462,176.6126282395162,119.71171583577365
