xmin,ymin,xmax,ymax
196.25620480392553,36.13580900076613,318.06995915310273,226.86034411974583
