xmin,ymin,xmax,ymax
188.08680131303066,225.38527239332916,320.1945156240956,50.18046917538436
