xmin,ymin,xmax,ymax
188.08680131303066,50.18046917538436,320.1945156240956,225.38527239332916
