xmin,ymin,xmax,ymax
97.45677594268147,83.8706107977847,185.51002526361174,114.6493386465844
