xmin,ymin,xmax,ymax
233.15788259716794,214.66608704497276,327.1340179767301,108.51062648980201
