xmin,ymin,xmax,ymax
171.3771489981957,227.72498339919184,263.4407503011063,34.362279052512804
