xmin,ymin,xmax,ymax
171.3771489981957,34.362279052512804,263.4407503011063,227.72498339919184
