xmin,ymin,xmax,ymax
187.34343844751515,218.54797440822745,289.51385440645606,413.13902704817565
