xmin,ymin,xmax,ymax
189.9411120982104,229.41968719084684,261.0648409383331,372.19545800885635
