xmin,ymin,xmax,ymax
182.2730293792514,65.01348690807072,272.137410869287,235.51824533459762
