xmin,ymin,xmax,ymax
230.20343270147873,234.03522572737847,324.23640546119907,340.25488979808074
