xmin,ymin,xmax,ymax
190.3237946792002,35.67054339746528,292.4324546540182,230.1439772350966
