xmin,ymin,xmax,ymax
241.91264913553974,212.3005260645673,517.4030114177464,442.9494946449712
