xmin,ymin,xmax,ymax
59.867493068012436,62.66973168015633,218.31024898061662,220.3295420249441
