xmin,ymin,xmax,ymax
337.2295331351638,235.9704985145953,662.9849057397505,406.7487494123452
