xmin,ymin,xmax,ymax
151.9799627100772,176.1191836166372,303.671682041831,357.0311442244192
