xmin,ymin,xmax,ymax
168.38533371151823,220.9684312673951,260.5046156814924,414.44808263994423
