xmin,ymin,xmax,ymax
330.563705785397,277.6880816068733,523.6537606598283,346.902993799618
