xmin,ymin,xmax,ymax
311.97242020574845,262.8475171677253,432.0877764011818,353.743354691012
