xmin,ymin,xmax,ymax
284.1383854123593,302.29787203384393,394.4236124100747,238.33790815926324
