xmin,ymin,xmax,ymax
185.0532021663123,17.890076822793134,387.88554182094094,272.26597528558165
