xmin,ymin,xmax,ymax
184.44961819235846,236.08258993572178,387.26661718660444,490.4392493842858
