xmin,ymin,xmax,ymax
185.0532021663123,272.26597528558165,387.88554182094094,17.890076822793134
