xmin,ymin,xmax,ymax
172.54797723874503,189.69047015035903,307.2954801754009,321.29263197968294
