xmin,ymin,xmax,ymax
186.06725929373928,194.93152021082915,323.1827857085028,348.63555163118394
