xmin,ymin,xmax,ymax
139.20300801627258,184.03247831496265,275.16334632568186,336.4236813734565
