xmin,ymin,xmax,ymax
206.11654649103096,193.3098926272521,288.7874361100629,311.0570827107606
