xmin,ymin,xmax,ymax
265.4996718285439,276.87747664657184,379.2178863355855,370.2348085408519
