xmin,ymin,xmax,ymax
275.18942831110144,266.24238579628815,413.46482850676296,334.3945907507111
