xmin,ymin,xmax,ymax
204.84612446660572,65.33203037854213,352.53363436941095,-34.054336770152865
