xmin,ymin,xmax,ymax
154.09006024491214,365.0957731324047,258.9616240616788,297.67873019898366
