xmin,ymin,xmax,ymax
154.09006024491214,297.67873019898366,258.9616240616788,365.0957731324047
