xmin,ymin,xmax,ymax
256.63064014655794,287.2524078906215,420.01959905515474,10.862271986379028
