xmin,ymin,xmax,ymax
270.66085753334227,297.43902663035146,414.21110601458173,82.95227859315992
