xmin,ymin,xmax,ymax
95.9758856360395,71.74647288536482,153.15849132628887,115.48437046139645
