xmin,ymin,xmax,ymax
36.797876330552754,136.68530019673233,171.3853760384486,203.27416473391565
