xmin,ymin,xmax,ymax
373.36571311461694,186.53408798341007,713.7851289507705,560.710222846563
