xmin,ymin,xmax,ymax
143.0467659748665,36.70488506841207,388.9070557776123,340.17889278877647
