xmin,ymin,xmax,ymax
185.74237003938947,155.8251233533565,358.48101049669907,366.8879985931733
