xmin,ymin,xmax,ymax
270.4457944665396,168.30516983427174,350.99856970760726,319.2830425620989
