xmin,ymin,xmax,ymax
452.9043021056716,442.72861053885765,672.2179488574213,513.4342286981229
