xmin,ymin,xmax,ymax
452.1043808301897,436.7074714885508,610.8826497571363,492.97281446161975
