xmin,ymin,xmax,ymax
451.32232303073806,440.8311481533487,726.1508195637173,527.6308455752632
