xmin,ymin,xmax,ymax
451.65481691001173,428.7894304593451,750.8783503457832,521.4565222711823
