xmin,ymin,xmax,ymax
166.02553958711428,279.20009862778585,221.69787494125626,160.03651656767568
