xmin,ymin,xmax,ymax
158.2532050073346,316.87354434515146,204.84031110061824,182.4669728295798
