xmin,ymin,xmax,ymax
145.34482751332257,315.95183547666255,212.9524958316872,170.71932205785004
