xmin,ymin,xmax,ymax
148.8824560734879,247.60221043593447,180.63855260923128,189.8635798032093
