xmin,ymin,xmax,ymax
142.65303442140103,155.25834886848952,222.90645856099763,294.45603408472743
