xmin,ymin,xmax,ymax
163.73986961129106,58.50098610426289,214.42635798062253,153.106479034602
