xmin,ymin,xmax,ymax
129.04939567579547,156.46782490868168,207.97325261098348,284.76596059451776
