xmin,ymin,xmax,ymax
182.21485801007418,41.1586306798157,288.87388504588876,209.54178882267564
