xmin,ymin,xmax,ymax
96.21454383422497,91.95604397409937,146.65289074923157,136.7587181454038
