xmin,ymin,xmax,ymax
82.81998420483546,86.40428563910507,148.97424962792752,160.1243191371127
