xmin,ymin,xmax,ymax
300.9420504795137,361.9393272651964,587.7457763105836,214.7108324956024
