xmin,ymin,xmax,ymax
48.94711389319173,97.10788506478315,105.22945045355593,142.3282760259707
