xmin,ymin,xmax,ymax
178.64939205599785,80.98596224678965,360.62437964833975,228.82792959546072
