xmin,ymin,xmax,ymax
164.19240112776856,119.61686605935279,296.93899377091634,198.2854853167192
