xmin,ymin,xmax,ymax
345.58478752182054,373.8056766078182,406.0150726124832,431.19195753501214
