xmin,ymin,xmax,ymax
218.89684896150834,565.3260810462058,445.0752197645927,364.9478708763797
