xmin,ymin,xmax,ymax
89.72380295874109,359.4371641574671,441.22141124388486,584.0489915044691
