xmin,ymin,xmax,ymax
332.06958725682125,457.620369958526,411.53650860687844,395.2966654085367
