xmin,ymin,xmax,ymax
89.72380295874109,584.0489915044691,441.22141124388486,359.4371641574671
