xmin,ymin,xmax,ymax
344.50475675289726,463.8329170274239,404.95085056011067,406.43162370292436
