xmin,ymin,xmax,ymax
213.9492390885132,143.19648565197798,394.69568816180026,284.67376746326056
