xmin,ymin,xmax,ymax
164.68798028830633,199.96283926922143,253.4273631849046,265.03540826849644
