xmin,ymin,xmax,ymax
18.232064365985025,175.5735725764804,241.34608901796014,325.2220931571089
