xmin,ymin,xmax,ymax
122.2264828199925,208.18993875634942,253.4916482172539,295.2058510845379
