xmin,ymin,xmax,ymax
98.4469754170891,118.65802120978722,156.4161863107031,65.42418514826508
