xmin,ymin,xmax,ymax
45.74406795246364,346.09673477348497,228.51603354232316,169.586787273461
