xmin,ymin,xmax,ymax
102.06336239170184,350.1559127395142,279.4233889785699,194.03177144595975
