xmin,ymin,xmax,ymax
101.17760603795432,59.66903540961994,262.0192800573805,196.11989711559636
