xmin,ymin,xmax,ymax
100.76096209292496,65.09073836129056,198.26607292228414,127.96861314598681
