xmin,ymin,xmax,ymax
39.90150460787888,251.9166441498545,273.3223181162175,299.74736128999217
