xmin,ymin,xmax,ymax
158.27635346184104,248.31625833885943,284.23142598569643,301.54048987405
