xmin,ymin,xmax,ymax
241.65184035067227,168.03942847077792,422.1831105524152,317.54638290206753
