xmin,ymin,xmax,ymax
263.76504159866704,216.88902737984614,412.8504851082316,309.05386898429384
