xmin,ymin,xmax,ymax
261.9986926478168,202.10105698802974,395.9115113697949,314.0653246699898
