xmin,ymin,xmax,ymax
245.37763173545613,169.36853494274774,449.5749691068745,327.6812056325108
