xmin,ymin,xmax,ymax
240.49798586455972,168.4138076946446,422.88875642220137,295.3425438676396
