xmin,ymin,xmax,ymax
246.03470772394485,201.98190409970226,358.5864839516996,287.0877076274752
