xmin,ymin,xmax,ymax
73.45732748956198,188.79161246855313,118.14709352444834,102.62947712367247
