xmin,ymin,xmax,ymax
135.17849345524087,124.5859557563738,159.53562250137543,164.12815979171162
