xmin,ymin,xmax,ymax
33.756013496846066,214.98706064666143,191.55360564802987,166.61725901774557
