xmin,ymin,xmax,ymax
33.756013496846066,166.61725901774557,191.55360564802987,214.98706064666143
