xmin,ymin,xmax,ymax
478.5719153369173,569.4623349172073,596.7131276141558,705.8456251475516
