xmin,ymin,xmax,ymax
368.80693685462916,486.9182299430021,537.5679378968441,587.5991659660023
