xmin,ymin,xmax,ymax
280.67779360153304,557.2097473627271,596.355339014274,864.4038028155767
