xmin,ymin,xmax,ymax
165.1499426018072,516.55033796065,607.5177530951678,916.9400768091186
