xmin,ymin,xmax,ymax
20.78303332790165,647.1329284611862,475.01164419535326,256.28191463685005
