xmin,ymin,xmax,ymax
241.05353421311202,473.4799964168497,514.8687778889323,690.8544859867607
