xmin,ymin,xmax,ymax
379.09023038319924,389.8032099924566,504.1664773933801,508.10503700718516
