xmin,ymin,xmax,ymax
241.05353421311202,690.8544859867607,514.8687778889323,473.4799964168497
