xmin,ymin,xmax,ymax
99.26561891872734,730.4701284403604,519.0129007533249,450.51951720968947
