xmin,ymin,xmax,ymax
362.08345848396607,608.2483924248656,507.9622881692658,477.494149238396
