xmin,ymin,xmax,ymax
379.64688004651,588.7996240192881,504.7366685307418,470.4849889681895
