xmin,ymin,xmax,ymax
362.08345848396607,477.494149238396,507.9622881692658,608.2483924248656
