xmin,ymin,xmax,ymax
155.60412130656573,130.44377868547846,246.46516974279825,167.53745755524068
