xmin,ymin,xmax,ymax
154.79041173819246,175.640607309312,245.5768278073731,138.57739682071377
