xmin,ymin,xmax,ymax
151.68881944592636,126.77451146024552,272.87653427228406,181.5915089537218
