xmin,ymin,xmax,ymax
90.44154536957603,92.01453812681291,148.78382944149348,154.93753195342975
