xmin,ymin,xmax,ymax
95.7690044618571,121.42802467844673,192.03150410310604,58.289452918517895
