xmin,ymin,xmax,ymax
84.15536849839827,111.06252323758194,161.02515341373828,50.070707144076536
