xmin,ymin,xmax,ymax
99.82058188092651,116.97952168007443,161.08231116200886,72.60335863641272
