xmin,ymin,xmax,ymax
99.82058188092651,72.60335863641272,161.08231116200886,116.97952168007443
