xmin,ymin,xmax,ymax
99.83407498932092,79.30814476096907,161.1126521648814,123.69651191511022
