xmin,ymin,xmax,ymax
176.76477506053607,178.23805895377347,310.26313162667975,330.4365944381959
