xmin,ymin,xmax,ymax
54.18754865030837,305.9178207663474,342.91001009855177,529.6895556682623
