xmin,ymin,xmax,ymax
97.07539792170405,272.15529095772706,337.8206326707086,469.7054022808524
