xmin,ymin,xmax,ymax
191.76183548124527,279.9205211883975,359.27557762939864,420.28113206418794
