xmin,ymin,xmax,ymax
310.66185008655793,352.50560095297743,416.6981121881511,564.1286835716363
