xmin,ymin,xmax,ymax
327.84879752805773,313.690474681623,417.61203254783504,603.0338602033615
