xmin,ymin,xmax,ymax
324.9770237310138,287.2039020899366,655.7154966133833,493.9862007981875
