xmin,ymin,xmax,ymax
188.29030976890067,213.9343212285977,341.86231893758986,432.5900262152342
