xmin,ymin,xmax,ymax
193.1565684970592,207.94306342369782,261.532485576045,344.2263904184297
