xmin,ymin,xmax,ymax
127.28031542998951,154.29503715012294,189.64323406748986,247.14435025050028
