xmin,ymin,xmax,ymax
136.04851609420052,145.49272666887168,228.3464861173959,267.8360522328535
