xmin,ymin,xmax,ymax
182.5,102.27579568317043,331.63651444329685,262.7242043168295
