xmin,ymin,xmax,ymax
244.5302025329438,88.57652494993373,492.37048761753,305.3433796053297
