xmin,ymin,xmax,ymax
162.4491474210754,32.66987586039295,372.38447727675793,340.65870263166266
