xmin,ymin,xmax,ymax
147.58090201857044,67.41739634554771,309.382676412062,212.0279847876468
