xmin,ymin,xmax,ymax
184.1648576770474,110.37032945299032,376.04429614650894,248.92361231590812
