xmin,ymin,xmax,ymax
336.9700658038296,383.2268575404478,493.0255037331615,524.9730020939626
