xmin,ymin,xmax,ymax
37.643893161653295,94.06709690394973,250.43233040774794,240.0239674279853
