xmin,ymin,xmax,ymax
125.52869820124852,170.37273821505528,241.08910612683394,236.2842701197546
