xmin,ymin,xmax,ymax
187.69891032890905,189.32532865253773,287.0835319238904,273.2913326115702
