xmin,ymin,xmax,ymax
166.2790700876103,148.11809581631644,282.6770935923241,296.6411879730704
