xmin,ymin,xmax,ymax
165.1455952551446,163.34154312877706,252.5324873354707,287.9196916705411
