xmin,ymin,xmax,ymax
160.98186149124854,136.36797336352862,302.40399795768167,281.44670759178507
