xmin,ymin,xmax,ymax
163.02835325093338,229.47888172143973,234.13757380543416,311.1307595818297
