xmin,ymin,xmax,ymax
192.84547630540374,127.92672907899828,283.7208008963437,236.70051416041156
