xmin,ymin,xmax,ymax
277.25471098303024,15.162034652816743,455.7648585762993,398.17171745495943
