xmin,ymin,xmax,ymax
387.27510793261877,277.4783484414844,435.48023229785167,374.99736599029256
