xmin,ymin,xmax,ymax
236.5452571734279,470.55991552947137,321.7316723642293,531.9652945497735
