xmin,ymin,xmax,ymax
391.5888386665906,282.4623881323821,435.24498747678103,375.0855941515641
