xmin,ymin,xmax,ymax
363.1806575901346,211.67720495911098,438.7795034406395,392.87149033246146
