xmin,ymin,xmax,ymax
191.8155005556765,67.15301059111772,318.063466689046,218.6470678314525
