xmin,ymin,xmax,ymax
191.21559465954547,46.969741081143354,318.66057798075593,222.04729936945347
