xmin,ymin,xmax,ymax
88.51698224148396,21.371757909273015,111.613346477417,101.46100837751067
