xmin,ymin,xmax,ymax
141.73666951133686,163.88545207058033,237.4239040967401,223.4462577713726
