xmin,ymin,xmax,ymax
269.5567203775745,383.8266232266942,406.4004186426032,462.19784334264295
