xmin,ymin,xmax,ymax
325.1382679387573,400.0164637797121,409.54472034094033,445.3366431780079
