xmin,ymin,xmax,ymax
49.23803215236853,368.609676125334,411.6263587482772,570.4749758196825
