xmin,ymin,xmax,ymax
289.4251566991095,379.31969998317766,397.7042642637066,426.4128948238293
