xmin,ymin,xmax,ymax
249.6807254534267,379.39671225797554,405.3203819466223,464.68225978024026
