xmin,ymin,xmax,ymax
45.68884253769647,183.3859755288563,222.45825745999332,240.8421987001363
