xmin,ymin,xmax,ymax
31.570532925370344,186.6623198529888,211.26519177399496,250.21547400849988
