xmin,ymin,xmax,ymax
30.798055564001515,163.15162686738154,203.40066610992767,230.1105626766956
