xmin,ymin,xmax,ymax
219.03360248177694,193.64691921655344,253.68378253748403,257.08920547309515
