xmin,ymin,xmax,ymax
239.44226683425995,234.13936913817338,474.3397676945615,461.1992989339712
