xmin,ymin,xmax,ymax
232.94215290437887,470.94904084452634,536.3019924381313,594.6617617161601
