xmin,ymin,xmax,ymax
40.55427093293588,463.2790716015456,535.8268755187405,744.0126281341254
