xmin,ymin,xmax,ymax
177.4392752006297,459.6047192425874,532.4547130235321,664.3300827530671
