xmin,ymin,xmax,ymax
70.64275172790212,405.85059525295935,534.6798837167444,667.9426346592622
