xmin,ymin,xmax,ymax
213.89941887051532,465.51122660534264,540.1386871841703,628.3828027529727
