xmin,ymin,xmax,ymax
92.15539678485538,134.9776020500463,188.44893957599925,68.31484327761729
