xmin,ymin,xmax,ymax
100.40190658701908,128.16646563447142,195.0994084544111,73.70910882225809
