xmin,ymin,xmax,ymax
190.42183478411084,217.80135723757087,255.8218456057491,56.42736537861822
