xmin,ymin,xmax,ymax
200.63858058739402,228.29702205718246,291.0179459798719,116.34244350202071
