xmin,ymin,xmax,ymax
88.76830287366215,26.852348721743795,175.8187349892521,146.94687229734473
