xmin,ymin,xmax,ymax
101.3553150638271,88.42272802291757,176.38935836066207,107.41254323688375
