xmin,ymin,xmax,ymax
100.49453347935821,90.7328656130938,183.53448134075234,108.48716371628036
