xmin,ymin,xmax,ymax
249.9859926483532,235.11748203486934,367.7517060601451,357.64961341612195
