xmin,ymin,xmax,ymax
69.53645556792043,88.45128281297366,112.21316542203203,134.94528525555677
