xmin,ymin,xmax,ymax
80.21548292255437,87.0232087632819,142.43930866684235,168.90638674104264
