xmin,ymin,xmax,ymax
117.65911107721826,103.63874370962708,148.59068743078518,126.65247256989426
