xmin,ymin,xmax,ymax
117.65911107721826,126.65247256989426,148.59068743078518,103.63874370962708
