xmin,ymin,xmax,ymax
92.44559580163082,96.66650680322198,105.02609448626504,139.6976199476598
