xmin,ymin,xmax,ymax
134.59653223346004,126.6909756233905,191.3310338030949,87.24237666932959
