xmin,ymin,xmax,ymax
66.29313355904401,153.5277798814442,113.65179226014425,68.84773564279624
