xmin,ymin,xmax,ymax
449.89162256641157,349.90330920974543,706.9146246065028,506.6659491121517
