xmin,ymin,xmax,ymax
234.9926945400074,260.20315839026296,341.93285572612956,214.1768011849323
