xmin,ymin,xmax,ymax
287.50963134247013,510.412045901537,463.52507197926593,269.1173777586033
