xmin,ymin,xmax,ymax
33.29729006223988,413.4248208825524,480.7420121859932,557.1973580209578
