xmin,ymin,xmax,ymax
424.02498568282556,501.49143175126324,739.4876488322494,130.306794722439
