xmin,ymin,xmax,ymax
463.1701626744356,490.7601845834238,563.9390016333788,410.86312353167864
