xmin,ymin,xmax,ymax
446.4647049566521,495.92385018591415,692.9103011196065,279.7902477735367
