xmin,ymin,xmax,ymax
418.0359872520404,500.6502889324653,591.988019999831,293.76444797990956
