xmin,ymin,xmax,ymax
445.52315579682033,490.33350618474344,687.1548083000197,255.32360157781358
