xmin,ymin,xmax,ymax
410.2871119493176,470.6398707911559,528.1897844500801,326.7445238155776
