xmin,ymin,xmax,ymax
469.5416048587457,516.1068444368514,604.9008207005153,408.5733585627304
