xmin,ymin,xmax,ymax
448.89905402108263,507.06111365316997,548.8684820208858,384.85971516587233
