xmin,ymin,xmax,ymax
160.43786330461262,-47.341893594926375,271.26564796783214,104.76126630774269
