xmin,ymin,xmax,ymax
159.85211999845274,233.99463153026954,270.6266202161023,386.02466236544467
