xmin,ymin,xmax,ymax
43.11119749582383,101.31780370766558,114.7344441896407,6.497281674595911
