xmin,ymin,xmax,ymax
184.95444270880898,161.01315423740743,301.57064257220986,202.03764554403986
