xmin,ymin,xmax,ymax
30.965701091642813,180.17943242700025,232.3219424064971,321.2235105070439
