xmin,ymin,xmax,ymax
213.9775670132201,822.6366173389172,485.365592020486,409.5759437061962
