xmin,ymin,xmax,ymax
104.56497821197627,109.65056062930535,173.78694824238005,59.5503079608452
