xmin,ymin,xmax,ymax
247.4991097197551,82.72973386309394,414.0931079373538,277.293751500118
