xmin,ymin,xmax,ymax
238.7727140828806,48.94691933907329,415.1047580118436,275.69107815241557
