xmin,ymin,xmax,ymax
245.23844732436896,67.62920563505554,413.5576193274828,270.20005724038367
