xmin,ymin,xmax,ymax
244.52185151762023,96.04332002116287,416.42544516688577,277.2263564631385
