xmin,ymin,xmax,ymax
259.1784889745627,268.7084829025823,422.7702557453247,72.88490916107973
