xmin,ymin,xmax,ymax
238.7727140828806,275.69107815241557,415.1047580118436,48.94691933907329
