xmin,ymin,xmax,ymax
253.79970357237994,280.1249736965327,417.21028472058197,75.57929320081128
