xmin,ymin,xmax,ymax
176.6461135751988,63.806746445686116,339.3705301198713,257.40882680590346
