xmin,ymin,xmax,ymax
256.44561095826066,267.27855447412935,382.34477122389285,135.4827394527386
