xmin,ymin,xmax,ymax
205.52234134943598,329.30634045632814,356.5577023311789,533.4093240507816
