xmin,ymin,xmax,ymax
60.79113688527639,110.10854631822923,99.57478508106635,85.49707010156396
