xmin,ymin,xmax,ymax
65.46059784136446,16.92476208445902,136.66992970756337,96.56072384788382
