xmin,ymin,xmax,ymax
252.67003361747936,207.40286085340364,461.0842396161312,273.44886142306666
