xmin,ymin,xmax,ymax
444.030307882002,327.548026717419,885.7522185240389,534.6485584885014
