xmin,ymin,xmax,ymax
182.21485801007418,209.54178882267564,288.87388504588876,41.1586306798157
