xmin,ymin,xmax,ymax
113.43785771422182,36.54975713919623,272.4104543795089,202.88565968106388
