xmin,ymin,xmax,ymax
73.43996347660578,128.27637555751835,199.17675179656587,253.58826773066926
