xmin,ymin,xmax,ymax
124.88381745408265,33.99888301829162,271.6967107697935,250.791018764466
