xmin,ymin,xmax,ymax
94.59205993799219,107.15974358469629,170.62348106181685,42.06941344135515
