xmin,ymin,xmax,ymax
83.8198369900449,106.04150590793239,150.20222585501165,39.735107388355345
