xmin,ymin,xmax,ymax
336.61802449446054,443.425656832369,425.70001937410757,410.93815507473664
