xmin,ymin,xmax,ymax
39.5593868179883,575.8591645734086,436.5208087412225,401.068457024955
