xmin,ymin,xmax,ymax
49.98012744961807,116.12534435563708,103.44187424821803,82.28858705403115
