xmin,ymin,xmax,ymax
75.60869870101101,171.26079925751975,188.6675925380057,241.94433619447994
