xmin,ymin,xmax,ymax
30.236289135888683,289.2754549798192,382.67496771047945,489.7676074284403
