xmin,ymin,xmax,ymax
32.19299798970542,279.84297615469825,209.96858816339955,147.93073170551114
