xmin,ymin,xmax,ymax
220.00973048530614,272.33905651538026,446.12894792497696,472.66486094435567
