xmin,ymin,xmax,ymax
87.17287884069458,96.29017037191795,146.01900751572927,152.72541605037168
