xmin,ymin,xmax,ymax
105.7363250907232,125.39371013218204,149.00521190380195,166.56138750311243
