xmin,ymin,xmax,ymax
56.160718820660065,66.4739794985096,158.1453389567384,154.8166307627024
