xmin,ymin,xmax,ymax
95.48050176491097,571.5192075219746,387.4401195483115,268.5080968195582
