xmin,ymin,xmax,ymax
246.9781232713051,311.19000204674217,433.8238365447007,122.86393062744804
