xmin,ymin,xmax,ymax
282.75453732938706,285.7388334039884,523.5239658315685,562.0834251862454
