xmin,ymin,xmax,ymax
217.45690391181915,285.6873830018133,400.48705346225734,138.7574053461082
