xmin,ymin,xmax,ymax
313.16484959493334,384.0995802817358,435.1359784922589,288.52737915253687
