xmin,ymin,xmax,ymax
343.16258491461497,283.0148005423416,632.4881084776575,353.4619381800238
