xmin,ymin,xmax,ymax
296.10403072143436,202.209599380543,490.1035268487451,357.49099213919703
