xmin,ymin,xmax,ymax
343.16258491461497,353.4619381800238,632.4881084776575,283.0148005423416
