xmin,ymin,xmax,ymax
296.18460427997695,361.6016512861025,422.0654445465108,273.21044039484843
