xmin,ymin,xmax,ymax
313.16484959493334,288.52737915253687,435.1359784922589,384.0995802817358
