xmin,ymin,xmax,ymax
296.6347113170026,285.18180395086694,490.72220608554034,440.53363272530123
