xmin,ymin,xmax,ymax
311.97242020574845,353.743354691012,432.0877764011818,262.8475171677253
