xmin,ymin,xmax,ymax
330.563705785397,346.902993799618,523.6537606598283,277.6880816068733
