xmin,ymin,xmax,ymax
296.18460427997695,273.21044039484843,422.0654445465108,361.6016512861025
