xmin,ymin,xmax,ymax
148.32228777106354,202.66797487984138,182.55221693816804,250.8218075671822
