xmin,ymin,xmax,ymax
270.2213425192616,215.80862012266869,482.80914425066555,310.9640770807591
