xmin,ymin,xmax,ymax
144.10089530700202,107.87514418769183,259.609856230848,166.04259660082909
