xmin,ymin,xmax,ymax
419.77153382141466,727.0557207231857,741.023728016662,403.2291546071242
