xmin,ymin,xmax,ymax
412.3349428253513,753.3824909034765,858.2491488021578,367.34814682096464
