xmin,ymin,xmax,ymax
352.9084323367773,810.6208946292764,783.0464969376563,410.2371673322325
