xmin,ymin,xmax,ymax
406.967826737662,695.2975303252704,773.835144052426,370.8577356087002
