xmin,ymin,xmax,ymax
-6.110930466665195,143.61528653430506,113.86748097387726,22.127517636569337
