xmin,ymin,xmax,ymax
11.944576719444058,126.67023322830093,101.30182133435233,84.76087373054818
