xmin,ymin,xmax,ymax
60.92098792761021,207.16104064107407,323.0106229866301,354.2516933173935
