xmin,ymin,xmax,ymax
285.2871700556086,273.4186258927789,324.0194617621846,315.61465699318495
