xmin,ymin,xmax,ymax
84.42117757107121,209.73974139147674,320.34070406906017,342.4005555823714
