xmin,ymin,xmax,ymax
284.62553659855166,320.4668789624522,344.0918656800063,381.9391293768546
