xmin,ymin,xmax,ymax
38.567026421128276,200.6336875545813,319.5239739762942,343.64193732128257
