xmin,ymin,xmax,ymax
132.74964143128753,120.88689641484115,278.2011589139248,254.15848456516142
