xmin,ymin,xmax,ymax
133.19703533519996,55.098541827498146,278.69263932920535,188.4105247395076
