xmin,ymin,xmax,ymax
19.5071429589525,101.61551870114067,79.40582579145303,50.80269242672648
