xmin,ymin,xmax,ymax
342.05440932651095,404.0311575021759,680.9014053281048,221.52851794878688
