xmin,ymin,xmax,ymax
99.99269843538241,89.78991700180575,161.55756371394432,110.16587497701335
