xmin,ymin,xmax,ymax
342.6666486967224,284.1225785083571,440.3763829142929,455.69243136820205
