xmin,ymin,xmax,ymax
104.78588058998389,312.75173687651284,379.09837092978864,615.2760240997368
