xmin,ymin,xmax,ymax
152.41702327381677,318.9418872269713,378.0552647865841,588.5197186507536
