xmin,ymin,xmax,ymax
162.4568569070077,309.27559889305167,384.3972104663155,582.5535543693762
