xmin,ymin,xmax,ymax
157.3867070128099,128.1835320150281,285.87959889446824,180.35150093212263
