xmin,ymin,xmax,ymax
486.3845390782574,633.2355121200764,577.0287439607459,550.1946362790347
