xmin,ymin,xmax,ymax
138.24246162612826,966.9275026050423,602.866380922537,523.1064651225303
