xmin,ymin,xmax,ymax
280.67779360153304,864.4038028155767,596.355339014274,557.2097473627271
