xmin,ymin,xmax,ymax
150.48692032379836,716.6407168010066,563.4745747435898,333.85974295192636
