xmin,ymin,xmax,ymax
290.4066847737216,341.2468938074757,495.2049806659637,242.78008680413035
