xmin,ymin,xmax,ymax
169.71619656271923,45.26702929307908,288.3114751538236,201.6085971194609
