xmin,ymin,xmax,ymax
191.54974471702826,165.5323811342697,355.4721524748775,227.7015601019441
