xmin,ymin,xmax,ymax
387.89535325694555,428.4288718149545,523.6743041723416,544.1320733081975
