xmin,ymin,xmax,ymax
441.30227054023976,459.8961265892485,521.7461375531491,525.9107491379959
