xmin,ymin,xmax,ymax
457.57577227587194,427.1844644255734,875.7793174711724,512.2275237835198
