xmin,ymin,xmax,ymax
447.7076601209542,444.5377689877778,502.71963685350534,479.60328466199496
