xmin,ymin,xmax,ymax
460.58292363876967,425.55462496493215,773.9704447038584,474.39888260665055
