xmin,ymin,xmax,ymax
449.0287183423525,429.98663726200994,853.5290103801772,536.5910327368067
