xmin,ymin,xmax,ymax
134.70943484848607,292.22929338149913,231.8560243407325,211.41713577502946
