xmin,ymin,xmax,ymax
33.832349902259466,328.5141807417371,232.94354032290826,196.31727458012028
