xmin,ymin,xmax,ymax
142.2848840342068,207.71303253744486,225.15345635146986,255.81948493623338
