xmin,ymin,xmax,ymax
49.16568352187102,200.95807773539093,238.56620032383864,322.42224121866536
