xmin,ymin,xmax,ymax
136.51058423003036,157.9769860092881,233.67048676469582,238.80021817522316
