xmin,ymin,xmax,ymax
33.832349902259466,196.31727458012028,232.94354032290826,328.5141807417371
