xmin,ymin,xmax,ymax
589.2670436055006,370.7103255103688,721.7829938886186,416.5318317151299
