xmin,ymin,xmax,ymax
-296.1985735040778,309.97610838139656,67.93292974805172,588.5792269678802
