xmin,ymin,xmax,ymax
86.14842442312352,94.84319114321318,129.6910844858303,26.90468686627696
