xmin,ymin,xmax,ymax
83.21079911854986,110.21881883698273,149.34687612842276,36.519053879834786
