xmin,ymin,xmax,ymax
298.1034009418462,217.49337374231666,566.8840788738024,326.13716692765774
