xmin,ymin,xmax,ymax
331.51227150733496,269.28064118522013,489.18024696483224,317.730582967886
