xmin,ymin,xmax,ymax
43.11119749582383,6.497281674595911,114.7344441896407,101.31780370766558
