xmin,ymin,xmax,ymax
151.95212329529545,197.46904310956836,328.5376849736217,400.32114137629037
