xmin,ymin,xmax,ymax
35.86381817165602,270.04718335267876,350.0557186183403,544.4773431863456
