xmin,ymin,xmax,ymax
95.78138332568733,74.85841835754468,192.07035659827534,138.01435417178607
