xmin,ymin,xmax,ymax
104.4640550321235,88.72372775230974,120.71331462936041,117.82503853539035
