xmin,ymin,xmax,ymax
205.32487293553686,406.01472659235344,345.40656579508664,218.40238781913956
