xmin,ymin,xmax,ymax
49.67732503741922,348.70235855868026,417.36437995168444,490.2185088500746
