xmin,ymin,xmax,ymax
33.181007703838986,332.22796767779965,416.6857443078368,508.4430378386235
