xmin,ymin,xmax,ymax
79.36810062903947,181.71907376135528,115.84513959783956,97.40653003983357
