xmin,ymin,xmax,ymax
75.51589261948408,199.58950551864632,106.04044709970486,103.16643516001841
