xmin,ymin,xmax,ymax
79.36810062903947,97.40653003983357,115.84513959783956,181.71907376135528
