xmin,ymin,xmax,ymax
138.894897946632,317.73376939096755,249.79358857675038,208.09133659817425
