xmin,ymin,xmax,ymax
248.10082955145344,324.09737736745575,473.22110018122703,185.12202163397035
