xmin,ymin,xmax,ymax
110.1176615470548,453.9623601443254,377.70160912932874,254.86781299014103
