xmin,ymin,xmax,ymax
95.63279257379166,329.34427595868226,424.7824886718308,593.1002139002304
