xmin,ymin,xmax,ymax
94.57050752022691,172.34979312088478,423.65669047044173,436.0548363781156
