xmin,ymin,xmax,ymax
191.77153119975,340.43597911512063,383.2412244472917,460.94625376110935
