xmin,ymin,xmax,ymax
221.57344223752187,360.53844900716535,403.072937853651,208.77084266338449
