xmin,ymin,xmax,ymax
204.91126255074226,398.2591404422946,453.55792646115214,195.50592671266196
