xmin,ymin,xmax,ymax
154.24647543165656,118.05906766988511,277.10716106592304,186.1640872964503
