xmin,ymin,xmax,ymax
360.9806247178051,197.60891894848203,511.3141004124309,348.22005907615915
