xmin,ymin,xmax,ymax
423.1213663335118,317.0802991727969,578.1594451623225,455.87722723712756
