xmin,ymin,xmax,ymax
408.07661632002987,392.122250319533,602.1273475523519,521.173454222163
