xmin,ymin,xmax,ymax
111.00081986644184,220.48176556202145,223.53513053096893,181.87981026048897
