xmin,ymin,xmax,ymax
46.33557986209689,194.55988559113882,182.4532931860756,122.57150259533967
