xmin,ymin,xmax,ymax
165.5060434181757,48.93293412605021,274.1064643467881,194.6515776155486
