xmin,ymin,xmax,ymax
81.79171530199415,95.88139511773943,134.74982497533074,182.62477667550834
