xmin,ymin,xmax,ymax
85.56690744131765,98.30313739759964,140.00559542545398,198.61478890041235
