xmin,ymin,xmax,ymax
63.773523293084736,55.613557717648234,147.535161864771,113.66472322067261
