xmin,ymin,xmax,ymax
268.22055426504244,292.3567796072322,581.0493010230241,587.2861947807927
