xmin,ymin,xmax,ymax
95.85335696134712,602.7483008796045,579.8494342093418,202.9917626121762
