xmin,ymin,xmax,ymax
266.49174752011686,592.0780971952188,599.9875939862131,250.19651766899014
