xmin,ymin,xmax,ymax
58.18821370491992,57.146353791447495,90.2753653363402,96.00393603673501
