xmin,ymin,xmax,ymax
56.599812882945116,230.8158969420852,348.29606505737206,362.13253707970307
