xmin,ymin,xmax,ymax
329.232578281639,119.9266596295766,419.0741576931896,409.52258096452755
