xmin,ymin,xmax,ymax
184.80924688797472,236.88791673251586,355.5850298123364,403.3127562107891
