xmin,ymin,xmax,ymax
328.426200114473,158.54170236295624,418.03828667243897,436.52611814837826
