xmin,ymin,xmax,ymax
55.332480791866146,193.3349782894739,344.3069361174296,417.30201876903493
