xmin,ymin,xmax,ymax
153.1670581080416,94.06481021395899,286.78942060727275,178.85803126206838
