xmin,ymin,xmax,ymax
120.11086889485023,329.83280853348214,434.4379335550175,515.9923880522294
