xmin,ymin,xmax,ymax
347.02725421199466,511.1465592176647,644.303396687845,707.4693195082687
