xmin,ymin,xmax,ymax
295.6235373454656,496.9432879299649,619.2560153178965,716.2215437859131
