xmin,ymin,xmax,ymax
136.71770731792412,326.8161929017352,440.3646047193763,516.8603570868829
