xmin,ymin,xmax,ymax
30.795364489331405,160.19871438333615,432.70808848423826,486.4487657527391
