xmin,ymin,xmax,ymax
568.4350731393522,906.9968397581613,801.889823427684,652.014629948628
