xmin,ymin,xmax,ymax
397.3120043477504,810.9869454349515,686.1346316764837,686.7216956738978
