xmin,ymin,xmax,ymax
603.0785255627034,900.6574034826248,750.224435200194,737.9294723658466
