xmin,ymin,xmax,ymax
487.3926249631222,815.6636570704045,727.4297463583016,602.0444593987086
