xmin,ymin,xmax,ymax
181.3511476311553,788.3298632438505,682.8718820684749,651.0530666184222
