xmin,ymin,xmax,ymax
585.0045463178117,956.6904835840012,772.6094797003493,712.3984586467122
