xmin,ymin,xmax,ymax
284.84503609312446,781.7706023203218,683.8811876559755,672.6635419410857
