xmin,ymin,xmax,ymax
276.69674393028595,819.7521315475539,709.1247385414738,484.09945756431785
