xmin,ymin,xmax,ymax
33.63113587557609,276.6463297600089,340.3752398881486,393.3866089270741
