xmin,ymin,xmax,ymax
34.24023312046461,406.7678311290747,340.8432194421348,290.0812583525019
