xmin,ymin,xmax,ymax
333.76978643499706,132.9603317034589,485.8347412078476,233.8500608250597
