xmin,ymin,xmax,ymax
218.59346015088568,436.32518102792415,433.43026038104017,221.01021742768512
