xmin,ymin,xmax,ymax
222.09038131329226,195.68052876412924,429.05394238527697,356.5131651216714
