xmin,ymin,xmax,ymax
226.40524211561433,392.40981832344863,481.29761537023364,190.32955562616212
