xmin,ymin,xmax,ymax
236.97282670377422,198.58984947177225,416.0323656455132,327.1160718642163
