xmin,ymin,xmax,ymax
222.09038131329226,356.5131651216714,429.05394238527697,195.68052876412924
