xmin,ymin,xmax,ymax
229.4249195652485,229.7244141339297,450.3175772204868,435.1745624581703
