xmin,ymin,xmax,ymax
219.63602235612962,89.67132992914685,434.54711010086794,305.06074638607265
