xmin,ymin,xmax,ymax
252.3904257435147,235.68556782485325,426.91302973893585,481.6516154117853
