xmin,ymin,xmax,ymax
262.4477994545939,265.34368833895957,334.4036045616258,320.7367584256623
