xmin,ymin,xmax,ymax
75.02850845791323,265.17018912571405,200.59389655307788,140.029117973006
