xmin,ymin,xmax,ymax
220.59455821050665,175.42097505933071,459.6810025707964,368.27406260648513
