xmin,ymin,xmax,ymax
90.22879167788301,34.28775715245294,158.15133784647435,108.22296509373223
