xmin,ymin,xmax,ymax
90.19730090323526,163.8241856449652,158.10117248858262,89.90930540447528
