xmin,ymin,xmax,ymax
28.381353385336524,695.3083567175606,454.1591128396774,471.2094741010533
