xmin,ymin,xmax,ymax
298.1259448516307,594.7168326667178,623.7488891986302,405.209483806727
