xmin,ymin,xmax,ymax
72.86352979438095,25.799010780917286,109.14809216871345,100.44313755588502
