xmin,ymin,xmax,ymax
135.09046146648942,181.43764139271457,231.2245553950056,49.981964696197565
