xmin,ymin,xmax,ymax
146.48102264037067,168.29597856987425,234.41226244103274,62.520381497181006
