xmin,ymin,xmax,ymax
209.33776388798856,296.6590711231421,386.87689034532605,112.3458244231646
