xmin,ymin,xmax,ymax
209.33776388798856,112.3458244231646,386.87689034532605,296.6590711231421
