xmin,ymin,xmax,ymax
142.58249120529422,158.62956718560508,183.42068559725635,213.09364294417873
