xmin,ymin,xmax,ymax
97.47969043404646,195.4448377329192,227.66295146820516,335.4688221545851
