xmin,ymin,xmax,ymax
149.23942359723355,225.39658273734352,189.95145900717398,262.2315416231136
