xmin,ymin,xmax,ymax
202.43788915475648,-48.79340415970711,257.9080237072428,91.46119656245315
