xmin,ymin,xmax,ymax
172.6973912321996,179.727546770275,289.1385784348249,238.05326154320852
