xmin,ymin,xmax,ymax
441.1494789569001,414.3860827338609,818.5583896713395,633.3861856386588
