xmin,ymin,xmax,ymax
153.86150544835084,34.62341522233669,225.89162409427888,177.60886225160414
