xmin,ymin,xmax,ymax
154.9939819519327,167.14738774404765,227.05407987821388,310.19234600116664
