xmin,ymin,xmax,ymax
74.94698227259096,97.59386722571702,135.92959916816358,179.09858954726218
