xmin,ymin,xmax,ymax
98.85596587094051,83.87114408878364,157.72464683604767,110.97058434831894
