xmin,ymin,xmax,ymax
98.85596587094051,110.97058434831894,157.72464683604767,83.87114408878364
