xmin,ymin,xmax,ymax
166.74220427651966,46.094463498736104,267.71238473796245,192.73608816503042
