xmin,ymin,xmax,ymax
163.94366574499853,30.915047423914984,273.5006847092206,194.34720431977303
