xmin,ymin,xmax,ymax
165.0494881439331,36.05686462613454,359.7890433299315,333.48280394517724
