xmin,ymin,xmax,ymax
46.3318551981406,53.92174014784567,199.4505282418652,204.31384289914052
