xmin,ymin,xmax,ymax
46.212355766221435,146.98354082722966,199.48871464745503,297.5305215186586
