xmin,ymin,xmax,ymax
317.6794617867964,216.14267998645897,460.3301776342238,361.9827737748386
