xmin,ymin,xmax,ymax
261.0851684325737,563.0746230902898,457.3830844293948,312.6985786169408
