xmin,ymin,xmax,ymax
316.80406474254255,445.4342671956488,459.50592075565874,299.5418898521807
