xmin,ymin,xmax,ymax
261.0851684325737,312.6985786169408,457.3830844293948,563.0746230902898
