xmin,ymin,xmax,ymax
91.71944707491616,90.20466056895515,159.3893898353965,153.45393809744496
