xmin,ymin,xmax,ymax
94.99920053580604,89.20114201875458,171.05153144091128,154.30937297924015
