xmin,ymin,xmax,ymax
58.22848550001481,180.66440245237771,155.9911535366914,88.04665343442434
