xmin,ymin,xmax,ymax
470.81315223800743,481.42838628250183,897.7470327773885,348.34126112478896
