xmin,ymin,xmax,ymax
447.8570839052509,470.1191194748999,635.7549523165621,435.70050768602016
