xmin,ymin,xmax,ymax
450.52057759572017,481.56936015757555,749.7342506143254,388.90532203664424
