xmin,ymin,xmax,ymax
206.88444660529512,61.68035967555342,344.74062234275743,222.56882043317734
