xmin,ymin,xmax,ymax
337.2295331351638,406.7487494123452,662.9849057397505,235.9704985145953
