xmin,ymin,xmax,ymax
284.81558786642074,269.0498850597079,454.3449365622097,324.32562192094196
