xmin,ymin,xmax,ymax
275.8617785208028,322.9334833041137,409.50685736884293,254.48903241990377
