xmin,ymin,xmax,ymax
331.19505144634604,316.9319215757359,488.9022283396116,268.4699335466762
