xmin,ymin,xmax,ymax
297.7778743386457,260.0612594340997,566.6253799726198,368.7320650337742
