xmin,ymin,xmax,ymax
275.8617785208028,254.48903241990377,409.50685736884293,322.9334833041137
