xmin,ymin,xmax,ymax
274.71001693073276,263.31416590717356,416.3877923079067,312.010349542467
