xmin,ymin,xmax,ymax
371.45090202074925,182.26149951892603,711.6161291330341,556.1582397594502
