xmin,ymin,xmax,ymax
348.8185705081951,461.1213518869595,664.0008906397675,228.42212958923398
