xmin,ymin,xmax,ymax
214.58526621853684,138.75281817554102,395.1645027795191,280.09921624417166
