xmin,ymin,xmax,ymax
214.82403621853655,139.43543537554098,395.40327277951883,280.7818334441716
