xmin,ymin,xmax,ymax
213.99176621853667,138.067759575541,394.57100277951895,279.4141576441716
