xmin,ymin,xmax,ymax
214.50787621853647,138.88782797554103,395.08711277951875,280.2342260441716
