xmin,ymin,xmax,ymax
213.16070621853692,139.00904377554104,393.7399427795192,280.35544184417165
