xmin,ymin,xmax,ymax
213.90435621853658,138.71815017554098,394.48359277951863,280.0645482441716
