xmin,ymin,xmax,ymax
214.7149062185365,138.969859175541,395.2941427795188,280.3162572441716
