xmin,ymin,xmax,ymax
214.19708621853624,138.92225177554104,394.7763227795183,280.26864984417165
