xmin,ymin,xmax,ymax
214.15460621853663,138.09437087554102,394.7338427795189,279.4407689441716
