xmin,ymin,xmax,ymax
214.90655621853648,138.303721475541,395.48579277951853,279.6501195441716
