xmin,ymin,xmax,ymax
213.7329762185368,139.334361175541,394.3122127795191,280.68075924417155
