xmin,ymin,xmax,ymax
214.94342621853684,139.239512475541,395.5226627795191,280.5859105441716
