xmin,ymin,xmax,ymax
212.76007621853682,139.350840675541,393.3393127795191,280.6972387441716
