xmin,ymin,xmax,ymax
213.99884621853676,139.60169517554098,394.57808277951904,280.94809324417156
