xmin,ymin,xmax,ymax
213.9426862185369,139.02601157554096,394.5219227795192,280.37240964417157
