xmin,ymin,xmax,ymax
213.63556621853672,138.99793537554103,394.214802779519,280.34433344417164
