xmin,ymin,xmax,ymax
214.19000621853684,139.223155075541,394.7692427795191,280.56955314417155
