xmin,ymin,xmax,ymax
214.97320621853646,139.10315997554096,395.5524427795185,280.44955804417157
