xmin,ymin,xmax,ymax
213.6187162185363,139.305064275541,394.19795277951835,280.6514623441716
