xmin,ymin,xmax,ymax
213.86285621853654,139.232920675541,394.4420927795186,280.5793187441716
