xmin,ymin,xmax,ymax
214.49542621853675,139.95777427554103,395.07466277951903,281.30417234417166
