xmin,ymin,xmax,ymax
214.11554621853656,139.81666097554103,394.69478277951885,281.1630590441716
