xmin,ymin,xmax,ymax
215.82208621853692,139.10352617554102,396.4013227795192,280.4499242441716
