xmin,ymin,xmax,ymax
213.7664262185367,139.673960775541,394.345662779519,281.0203588441716
