xmin,ymin,xmax,ymax
214.93805621853653,138.422129675541,395.5172927795188,279.7685277441716
