xmin,ymin,xmax,ymax
213.57818621853698,139.04261307554097,394.15742277951927,280.38901114417155
