xmin,ymin,xmax,ymax
214.64923621853677,139.338755675541,395.22847277951905,280.6851537441716
