xmin,ymin,xmax,ymax
214.4417162185366,138.88807207554103,395.02095277951867,280.2344701441716
