xmin,ymin,xmax,ymax
213.5657362185368,137.946543775541,394.1449727795191,279.2929418441716
