xmin,ymin,xmax,ymax
214.20611621853664,139.14918047554102,394.7853527795189,280.49557854417156
