xmin,ymin,xmax,ymax
214.39410621853676,139.10279377554102,394.97334277951904,280.4491918441716
