xmin,ymin,xmax,ymax
212.82525621853688,138.89918047554102,393.40449277951916,280.2455785441716
