xmin,ymin,xmax,ymax
214.07184621853708,139.41883377554103,394.65108277951936,280.7652318441716
