xmin,ymin,xmax,ymax
213.13165621853682,138.47181227554097,393.7108927795191,279.8182103441716
