xmin,ymin,xmax,ymax
34.62992777032534,307.47184721714143,287.0303517995435,245.07550889862247
