xmin,ymin,xmax,ymax
98.0795508069798,110.75617051325025,156.37843120934872,66.54010341259777
