xmin,ymin,xmax,ymax
108.50568192422622,164.37934731786459,220.77702564101435,295.82384725953193
