xmin,ymin,xmax,ymax
89.22938411066849,21.586406714268378,153.9634987559295,104.66969702264987
