xmin,ymin,xmax,ymax
261.38953063615423,391.6012329271375,330.0566025063273,308.8307669999142
