xmin,ymin,xmax,ymax
249.7415070201879,605.1773916357431,374.4401793817732,314.0280970733786
