xmin,ymin,xmax,ymax
159.46522734967334,127.60827154885646,288.5671713988381,188.7364027287777
