xmin,ymin,xmax,ymax
142.18564302301348,205.3724451894443,183.31007136127693,52.10740161764602
