xmin,ymin,xmax,ymax
187.00162017090568,177.9191021905997,221.0228053332644,91.7833282970521
