xmin,ymin,xmax,ymax
94.95477922796181,88.1638724484335,153.2696926969246,132.39209963077974
