xmin,ymin,xmax,ymax
315.3788049385221,433.1733374289163,625.5959334714908,262.56537207524195
