xmin,ymin,xmax,ymax
424.7521504511868,463.7801921146108,672.498283312461,892.1369888307089
