xmin,ymin,xmax,ymax
456.4661411302176,462.45792279101624,635.542067421372,650.8760814743033
