xmin,ymin,xmax,ymax
478.5549208582403,355.0799911644257,637.5895456408347,600.1710357578817
