xmin,ymin,xmax,ymax
354.37673122011483,103.76284816356987,784.4903646428071,504.1238342828627
