xmin,ymin,xmax,ymax
183.30627596779277,34.51403589032924,365.72575777736074,337.70753715780444
