xmin,ymin,xmax,ymax
252.62390595033241,202.08933416300056,460.97453884501795,268.1151885567315
