xmin,ymin,xmax,ymax
135.48403692093075,393.1728336454685,285.7378448849479,215.15483806286164
