xmin,ymin,xmax,ymax
135.48403692093075,215.15483806286164,285.7378448849479,393.1728336454685
