xmin,ymin,xmax,ymax
282.4794145443851,230.31468499598682,520.3031461850484,295.7904621706894
