xmin,ymin,xmax,ymax
282.4794145443851,295.7904621706894,520.3031461850484,230.31468499598682
