xmin,ymin,xmax,ymax
317.534568148262,535.6695513801933,517.4544540031152,643.3557852457046
