xmin,ymin,xmax,ymax
385.2548459463933,478.1549187429278,681.017400946022,993.9857131101727
