xmin,ymin,xmax,ymax
408.57808520398885,538.2113679059312,524.5600425876955,608.2192527694842
