xmin,ymin,xmax,ymax
376.4133030117396,764.7341175570009,585.8816423867618,479.6889263386642
