xmin,ymin,xmax,ymax
38.59591125968359,480.89881267702293,363.26296816376043,326.99834753827685
