xmin,ymin,xmax,ymax
91.25868802369291,152.10565188348727,202.00713389655107,210.6508357132925
