xmin,ymin,xmax,ymax
39.41082383377352,192.9784058227766,195.31165133502532,211.33982706057589
