xmin,ymin,xmax,ymax
192.51604723326227,160.0918760835038,224.56233598963036,187.0111888455022
