xmin,ymin,xmax,ymax
89.26620913162674,191.56657759956113,202.0527931665473,251.9069802384351
