xmin,ymin,xmax,ymax
157.95009222504322,284.0496525191035,302.4549216495696,326.01550374168306
