xmin,ymin,xmax,ymax
123.68943083331784,278.31274557553184,296.8469655551824,319.71688802547754
