xmin,ymin,xmax,ymax
140.62264367862946,278.1127373792415,307.08440148598436,325.1260444331929
