xmin,ymin,xmax,ymax
123.52907191877797,282.0617037198811,299.3074007711681,313.2136178349327
