xmin,ymin,xmax,ymax
114.90799997326057,286.73410175131295,306.382730351806,325.0218290799256
