xmin,ymin,xmax,ymax
107.84875318895354,283.5692655021705,299.29375100622855,319.6681263897428
