xmin,ymin,xmax,ymax
140.6729903536459,97.62770091736496,304.40260856235795,257.3804160229304
