xmin,ymin,xmax,ymax
174.20529626272446,37.336185750310335,315.03726099271375,213.98434117665295
