xmin,ymin,xmax,ymax
193.07470667957182,11.464647158383855,308.01454211250643,191.69111353322182
