xmin,ymin,xmax,ymax
245.33374705466463,476.58156528564257,350.1581195385629,264.4069150230479
