xmin,ymin,xmax,ymax
223.2801561901548,216.7545746698205,428.31057654137055,284.06820291392614
