xmin,ymin,xmax,ymax
273.9899106332765,221.89807344175495,455.4147634559416,331.54301526709554
