xmin,ymin,xmax,ymax
273.8705344928711,248.54892099341632,455.371981179372,358.24015267162883
