xmin,ymin,xmax,ymax
273.8705344928711,358.24015267162883,455.371981179372,248.54892099341632
