xmin,ymin,xmax,ymax
269.3139788328059,253.22845396613334,445.29034565341897,358.3626109102484
