xmin,ymin,xmax,ymax
269.3139788328059,358.3626109102484,445.29034565341897,253.22845396613334
