xmin,ymin,xmax,ymax
272.9832360839656,249.71645626430532,459.7768431887374,384.8857934112223
