xmin,ymin,xmax,ymax
301.6533203504604,264.9663175575914,401.2508837737281,313.5550328237937
