xmin,ymin,xmax,ymax
282.298034963491,237.57656079054806,510.1279929092658,378.2975139596337
