xmin,ymin,xmax,ymax
305.78682655290834,206.79360828977798,569.2048392726489,333.97840535876287
