xmin,ymin,xmax,ymax
41.50782278505153,225.13939418153504,213.5749650736593,112.5802464620815
