xmin,ymin,xmax,ymax
40.73719648897918,184.0198651821209,212.84914879919666,296.6083257487258
