xmin,ymin,xmax,ymax
282.54901928282334,281.43356933494135,553.8798368801088,548.5242915569853
