xmin,ymin,xmax,ymax
135.73761040563622,44.985887748751566,245.40830624961765,181.76602692077017
