xmin,ymin,xmax,ymax
140.13818850515733,87.47389671291785,216.54757205755323,167.17970895591316
