xmin,ymin,xmax,ymax
135.09046146648942,49.981964696197565,231.2245553950056,181.43764139271457
