xmin,ymin,xmax,ymax
146.48102264037067,62.520381497181006,234.41226244103274,168.29597856987425
