xmin,ymin,xmax,ymax
188.29030976890067,432.5900262152342,341.86231893758986,213.9343212285977
