xmin,ymin,xmax,ymax
125.34250292902175,54.08986966818068,222.92116874638828,148.41166660825837
