xmin,ymin,xmax,ymax
90.78340358140349,35.17263206200414,109.1700393709582,100.00658631304863
