xmin,ymin,xmax,ymax
98.0795508069798,66.54010341259777,156.37843120934872,110.75617051325025
