xmin,ymin,xmax,ymax
449.60016412517433,57.97058158517949,688.0434479634639,610.2943486719964
