xmin,ymin,xmax,ymax
592.2797006608318,402.07517692171234,690.0922499124306,54.764014603226784
