xmin,ymin,xmax,ymax
592.2797006608318,54.764014603226784,690.0922499124306,402.07517692171234
