xmin,ymin,xmax,ymax
528.0044639451551,605.4545945970749,689.3785859058623,1023.5664906435152
