xmin,ymin,xmax,ymax
528.0044639451551,1023.5664906435152,689.3785859058623,605.4545945970749
