xmin,ymin,xmax,ymax
474.0806078920419,344.8524581284516,1066.686935510924,823.9978362202754
