xmin,ymin,xmax,ymax
50.15941152259939,206.96410095873324,221.00475971551842,275.2330437291767
