xmin,ymin,xmax,ymax
63.53116621028224,43.80470136243048,118.7585212515752,107.24448391974022
