xmin,ymin,xmax,ymax
196.27363173205072,185.26847074418038,419.590062063965,391.5662717037423
