xmin,ymin,xmax,ymax
90.94197275812212,85.35004855954736,158.23004673527316,145.05288444127098
