xmin,ymin,xmax,ymax
98.49657232622394,91.02181267789342,149.29845394721087,116.98162527571372
