xmin,ymin,xmax,ymax
159.6986393195232,177.81067541128073,210.42775034321124,272.4957228216226
