xmin,ymin,xmax,ymax
96.05785374725838,22.076522052398786,226.17407841941804,162.02840274556945
