xmin,ymin,xmax,ymax
182.56986107186822,175.69633308480792,294.6078997791119,128.6487583680256
