xmin,ymin,xmax,ymax
147.79093383552845,132.0920810452218,188.48200505451382,95.27608989476926
