xmin,ymin,xmax,ymax
147.79093383552845,95.27608989476926,188.48200505451382,132.0920810452218
