xmin,ymin,xmax,ymax
141.13742935379855,144.38868558207878,181.9545945906998,198.82471569584771
