xmin,ymin,xmax,ymax
171.2368220618389,119.44191964947072,287.6180492241724,177.73760027132903
