xmin,ymin,xmax,ymax
200.9620054595564,265.9584987447431,256.403576308918,406.14087698521615
