xmin,ymin,xmax,ymax
186.947288449609,267.43600173748587,267.7585551838172,414.6919888663997
