xmin,ymin,xmax,ymax
186.947288449609,414.6919888663997,267.7585551838172,267.43600173748587
