xmin,ymin,xmax,ymax
41.980177899135356,212.6276535481203,147.51427419447384,131.6725936711132
