xmin,ymin,xmax,ymax
180.11257250715607,294.7904375882337,233.62095088314368,167.5652557964856
