xmin,ymin,xmax,ymax
94.1973588686144,194.23140730963485,155.4926310546523,173.03145556599088
