xmin,ymin,xmax,ymax
179.41407854252407,252.76272804415646,354.05030924642597,106.11465886970814
