xmin,ymin,xmax,ymax
222.47481607431826,533.42092689298,390.5196061917776,268.1055432936025
