xmin,ymin,xmax,ymax
82.66114477923588,1.4681867503680905,156.18826550476547,107.39079163704884
