xmin,ymin,xmax,ymax
40.144397283748276,216.49328105306785,401.11013757199476,422.59777145032683
