xmin,ymin,xmax,ymax
138.24200338661376,42.6128292949046,180.0739601103976,177.95817180123902
