xmin,ymin,xmax,ymax
82.18004836450223,189.92445933384118,163.8232926640212,88.1312412080963
