xmin,ymin,xmax,ymax
161.75527195668428,160.27925050805572,220.55609371033302,253.01479901128954
