xmin,ymin,xmax,ymax
156.50239636855326,159.84044384028317,227.8332298126686,273.51898990416777
