xmin,ymin,xmax,ymax
170.54088394490327,97.18872078087622,299.75202709707764,240.36253402384887
