xmin,ymin,xmax,ymax
154.16089253885184,159.35331424536963,214.3445154462504,240.89689579176786
