xmin,ymin,xmax,ymax
500.7812479840992,1224.9238576757152,1021.2526406027167,563.4319206456535
