xmin,ymin,xmax,ymax
86.06487489578717,151.98763050642776,143.77505965487433,91.42950055717597
