xmin,ymin,xmax,ymax
87.0850404233388,49.73539618878564,144.8110963488873,110.31018053214547
