xmin,ymin,xmax,ymax
97.45260873977622,138.06823500077542,202.14502485611297,66.071895306165
