xmin,ymin,xmax,ymax
96.58635313672039,58.520159427658655,201.30756123787546,130.5362991956302
