xmin,ymin,xmax,ymax
150.87832586779996,124.53488928113137,271.96649830310275,179.30686063471572
