xmin,ymin,xmax,ymax
38.01881063580366,174.10715100178243,229.5671140505603,247.98405012085846
