xmin,ymin,xmax,ymax
37.46648869602298,192.2647587953221,229.2381631079003,266.22780828130936
