xmin,ymin,xmax,ymax
38.01881063580366,247.98405012085846,229.5671140505603,174.10715100178243
