xmin,ymin,xmax,ymax
45.1313003260114,174.3789948418517,220.6684927337107,254.36894928230925
