xmin,ymin,xmax,ymax
63.9146609670604,501.80396115598404,328.6354725438971,281.3849945963628
