xmin,ymin,xmax,ymax
64.12761642239116,116.59742185541415,329.1091818161692,337.23350427575804
