xmin,ymin,xmax,ymax
47.5866473700778,252.925293490657,399.6432264285959,539.7442630481373
