xmin,ymin,xmax,ymax
371.45090202074925,556.1582397594502,711.6161291330341,182.26149951892603
