xmin,ymin,xmax,ymax
38.74277170667733,26.565727674313905,113.15462523280007,109.97061541682012
