xmin,ymin,xmax,ymax
265.6557783244666,234.6183943059915,506.9255891388741,326.19880919314136
