xmin,ymin,xmax,ymax
25.9055982435882,246.51090352677278,372.10798140361226,460.4296525418698
