xmin,ymin,xmax,ymax
153.07942773195998,260.92267065084764,258.19473836148586,150.7377636816975
