xmin,ymin,xmax,ymax
64.02247136514643,245.81394567541625,293.4202585294829,420.4239955598932
