xmin,ymin,xmax,ymax
195.84187256199561,203.03516606104694,282.6600666426466,286.2149504314689
