xmin,ymin,xmax,ymax
63.238796960990385,129.53394640936006,292.68875644801983,304.18370814973844
