xmin,ymin,xmax,ymax
84.32575955525908,259.20604665443454,284.1010509013945,399.0819342932009
