xmin,ymin,xmax,ymax
99.17820058956272,105.75256923812157,154.05521105701405,86.62339541022106
