xmin,ymin,xmax,ymax
147.12418512289787,156.87996784095262,260.4287424127094,128.11979501393145
