xmin,ymin,xmax,ymax
400.6700146399843,424.10921672447813,836.3217185796572,546.1745074218345
