xmin,ymin,xmax,ymax
405.39018178472713,426.87852427032897,819.6475527101103,564.5408274322226
