xmin,ymin,xmax,ymax
63.906882832885685,479.4546772212604,316.92708057572827,252.93600291364197
