xmin,ymin,xmax,ymax
177.09852839722566,414.0781253580933,300.33069389266825,290.9601081033804
