xmin,ymin,xmax,ymax
128.6590734324741,54.19857957820636,275.890877190913,256.17409521446706
