xmin,ymin,xmax,ymax
196.0875507424778,235.87078679743027,287.7012374332214,445.37332561700373
