xmin,ymin,xmax,ymax
203.87966103166332,140.24721841196128,272.41832199585815,245.70760649475767
