xmin,ymin,xmax,ymax
203.93130859646408,234.17424594931612,272.4785794840325,339.64788211498404
