xmin,ymin,xmax,ymax
57.28862505122038,86.5154998227049,145.19296103658644,158.66464754882293
