xmin,ymin,xmax,ymax
74.40550325872982,97.00843237768436,135.06595786016192,184.02509630949265
