xmin,ymin,xmax,ymax
406.09616050333557,381.4904973766385,820.182101908174,519.0958326140377
