xmin,ymin,xmax,ymax
336.6619714709327,466.9792022348036,724.9368080528875,613.2401200443112
