xmin,ymin,xmax,ymax
401.37794667565413,399.8492169684111,836.8493676126034,521.8639941547765
