xmin,ymin,xmax,ymax
411.09913864078817,369.2713177460688,751.5863481358431,512.5296173263689
