xmin,ymin,xmax,ymax
91.10223661571717,33.53781612991827,120.19189298061224,97.30809374654677
