xmin,ymin,xmax,ymax
14.89108581504388,79.03243959102076,104.79808528817262,115.39833508924983
