xmin,ymin,xmax,ymax
-7.2267047273687695,60.42886694177207,112.78470257599588,181.95004679827122
