xmin,ymin,xmax,ymax
183.63617305503732,298.0053068336663,327.76630888318294,166.27267071080217
