xmin,ymin,xmax,ymax
170.43437867631116,275.4897185679172,257.4871867517367,185.1338293032366
