xmin,ymin,xmax,ymax
53.8328690938248,188.11212518435445,146.25210230986255,126.85759224395906
