xmin,ymin,xmax,ymax
161.2673619515258,178.69663161109128,287.8865955460494,135.2305483739575
