xmin,ymin,xmax,ymax
100.0,67.4324136410142,180.706882537296,132.56758635898586
