xmin,ymin,xmax,ymax
101.32918209889999,129.32302495302787,182.01387513534064,64.2057604595509
