xmin,ymin,xmax,ymax
85.47091253466124,-5.5673590359143645,148.3592428604204,95.2802881554112
