xmin,ymin,xmax,ymax
37.546721653231316,198.92123578752745,214.45274392103613,289.7634551412471
