xmin,ymin,xmax,ymax
121.39376885617446,195.7450543502046,226.3467314363362,281.0312981066169
