xmin,ymin,xmax,ymax
94.39986509352298,124.44438350208134,151.56674903318572,80.71851119682174
