xmin,ymin,xmax,ymax
89.49169079835087,169.95631771622317,176.51818932144965,49.89481285538153
