xmin,ymin,xmax,ymax
28.60263875299097,431.5742305871561,334.59227857579754,281.84875267610926
