xmin,ymin,xmax,ymax
233.4932805130245,386.9505671035749,329.9850031207436,322.6035687451463
