xmin,ymin,xmax,ymax
207.110314599606,434.72572185668156,344.00130737680684,336.8940580163432
