xmin,ymin,xmax,ymax
254.62889370242783,328.49197312400497,334.34581244114133,379.3026059343565
