xmin,ymin,xmax,ymax
181.3665685177334,328.0483226994837,346.6367505644191,430.07939987499765
