xmin,ymin,xmax,ymax
284.6918599775263,331.00055309144176,342.46765759203777,368.2153650896012
