xmin,ymin,xmax,ymax
131.47948596590936,435.2457942534715,340.8800768771571,324.2552484793061
