xmin,ymin,xmax,ymax
198.61716519488868,317.4872598858054,333.50089458459024,388.044588208954
