xmin,ymin,xmax,ymax
205.92429734383813,371.6517774253028,332.1696935369662,304.65624122968495
