xmin,ymin,xmax,ymax
174.25582114564668,317.388464328846,335.1539223326308,410.29838238583
