xmin,ymin,xmax,ymax
207.110314599606,336.8940580163432,344.00130737680684,434.72572185668156
