xmin,ymin,xmax,ymax
201.11026297992998,319.8537419767176,329.280960041988,395.76300759959855
