xmin,ymin,xmax,ymax
107.9644158660733,317.06128186363327,348.617313517296,440.49651470747114
