xmin,ymin,xmax,ymax
181.3665685177334,430.07939987499765,346.6367505644191,328.0483226994837
