xmin,ymin,xmax,ymax
218.86980404318615,404.60649987218244,349.93522823554326,319.63368003274485
