xmin,ymin,xmax,ymax
50.84904516427446,465.59777437389545,335.08587562124603,322.3037277051279
