xmin,ymin,xmax,ymax
211.2641925593698,395.3640649097537,342.277181105449,320.81752355595785
