xmin,ymin,xmax,ymax
277.0164559853988,360.36724905146053,326.01110400734524,322.47087415628596
