xmin,ymin,xmax,ymax
218.86980404318615,319.63368003274485,349.93522823554326,404.60649987218244
