xmin,ymin,xmax,ymax
307.1043482123048,350.6849593638273,340.0690312855254,330.51597848789424
