xmin,ymin,xmax,ymax
91.8047341298834,113.80908402928884,160.86244918345233,53.80175630847151
