xmin,ymin,xmax,ymax
212.53138961066793,280.5019825015147,406.50003751080044,149.09150670385247
