xmin,ymin,xmax,ymax
72.85140960066019,293.3923022933649,341.0111726059656,388.91895320371594
