xmin,ymin,xmax,ymax
34.24023312046461,290.0812583525019,340.8432194421348,406.7678311290747
