xmin,ymin,xmax,ymax
32.670816650812185,159.32626840588273,184.21207249249323,212.09564986012538
