xmin,ymin,xmax,ymax
94.52564924551916,87.41226459813998,168.32158474191306,117.13469561920351
