xmin,ymin,xmax,ymax
98.61185871242765,76.2825457779162,177.5709597107318,117.58231871728032
