xmin,ymin,xmax,ymax
95.50654966046454,78.85885747012628,169.28219574755008,108.57311662420852
