xmin,ymin,xmax,ymax
21.161157518345135,54.25904860533666,109.41783715784436,130.72618188220838
