xmin,ymin,xmax,ymax
100.690492016507,143.21997082251255,176.140987183719,57.43092259922179
