xmin,ymin,xmax,ymax
360.83816890718685,531.5639237878139,690.8321498333676,185.5583276763296
