xmin,ymin,xmax,ymax
360.5109196853605,187.48079497145216,690.6453147710022,533.6336182681428
