xmin,ymin,xmax,ymax
90.29242873006069,163.99816839182608,153.51920850390604,93.51673520828115
