xmin,ymin,xmax,ymax
88.63241886166725,155.94799614096917,144.685642847542,95.23810737717031
