xmin,ymin,xmax,ymax
78.50662170173746,189.01990506783488,153.53534108740166,94.49162206540052
