xmin,ymin,xmax,ymax
396.051749396594,439.97053907376494,502.53128001587356,517.6558606114277
