xmin,ymin,xmax,ymax
30.16188376419632,434.33724123443096,489.5290706394276,546.6637001429262
