xmin,ymin,xmax,ymax
396.051749396594,517.6558606114277,502.53128001587356,439.97053907376494
