xmin,ymin,xmax,ymax
35.67824672124149,266.05413947668035,249.6784557025927,215.5466008758559
