xmin,ymin,xmax,ymax
77.62920524619085,99.27558298053646,119.76756024494352,171.7602894563501
