xmin,ymin,xmax,ymax
220.01681599915833,366.31246499791905,303.10705046642965,275.52478307841136
