xmin,ymin,xmax,ymax
125.82797902343509,156.03104803650172,207.70087874436308,279.5059698413974
