xmin,ymin,xmax,ymax
155.8996059341523,160.44150275292867,197.4046661321222,215.81340021959244
