xmin,ymin,xmax,ymax
124.3268594212575,298.34938693978546,205.09885112314305,166.2275505706777
