xmin,ymin,xmax,ymax
368.76108295510994,417.13695946019664,447.55116619970477,457.94521817065777
