xmin,ymin,xmax,ymax
49.69896740836339,441.2343898548062,480.0094122244602,523.548610274646
