xmin,ymin,xmax,ymax
90.66647803548767,446.03623056423896,441.19493044631963,515.3255243378326
