xmin,ymin,xmax,ymax
321.86889734441957,422.31551876718345,489.2752882250518,482.7371941303876
