xmin,ymin,xmax,ymax
163.40719818152343,431.8703755408501,259.2512498881799,227.79618724371755
