xmin,ymin,xmax,ymax
139.8291462332504,178.18150538237973,241.77688674068304,74.1879561613448
