xmin,ymin,xmax,ymax
100.0,71.37825762107497,166.71517620535155,128.62174237892503
