xmin,ymin,xmax,ymax
42.352287275831486,326.39759866951124,304.012536999561,147.97294795782423
