xmin,ymin,xmax,ymax
149.50792135558322,207.0346263543174,295.6260086624145,310.1231185669897
