xmin,ymin,xmax,ymax
41.924070030247094,249.56540891318525,303.659412855656,428.04126518801064
