xmin,ymin,xmax,ymax
149.50792135558322,310.1231185669897,295.6260086624145,207.0346263543174
