xmin,ymin,xmax,ymax
59.49024372563292,4.098080597983085,168.71133301620068,113.86121949364144
