xmin,ymin,xmax,ymax
66.46930870589313,81.5532795541751,103.60905948262734,124.30082060102853
