xmin,ymin,xmax,ymax
67.83947642840099,79.55644195032198,104.96901602480307,122.29223001442091
