xmin,ymin,xmax,ymax
32.02484142287244,158.7465157987872,119.44113047343126,76.54576946181919
