xmin,ymin,xmax,ymax
30.50943706228213,73.19977009511922,100.46041656456327,1.7921860868054864
