xmin,ymin,xmax,ymax
71.67662393747696,122.20930006523781,162.26595738054607,16.549265206454493
