xmin,ymin,xmax,ymax
324.01041057309476,188.10727924766695,654.8405160562911,394.94686793391924
