xmin,ymin,xmax,ymax
409.20557462805436,326.6992868801983,569.8144932032849,387.03058309522544
