xmin,ymin,xmax,ymax
432.93181406994745,322.0391525940511,795.4275962691956,417.1679586974497
