xmin,ymin,xmax,ymax
136.28696283296222,117.75180209848898,303.7001647667064,297.13444081214175
