xmin,ymin,xmax,ymax
160.87024724031653,158.85270021682368,223.53030661824118,272.4564573812775
