xmin,ymin,xmax,ymax
156.9713678353121,-30.896275341410444,235.00932586648332,113.96018447522118
