xmin,ymin,xmax,ymax
124.07945494840374,28.75333099577483,238.6337017741198,133.74119655185893
