xmin,ymin,xmax,ymax
170.54088394490327,240.36253402384887,299.75202709707764,97.18872078087622
