xmin,ymin,xmax,ymax
154.99120359311064,107.09919576760785,215.22210843329003,188.70684022606008
