xmin,ymin,xmax,ymax
125.20195334618825,143.8028018933647,265.1412817484304,28.2841814824867
