xmin,ymin,xmax,ymax
125.20195334618825,28.2841814824867,265.1412817484304,143.8028018933647
