xmin,ymin,xmax,ymax
162.06129402319016,161.28676145501186,228.26082460253224,282.97534101290796
