xmin,ymin,xmax,ymax
123.27340996196244,214.27580927559194,237.73773042491575,319.18125818501886
