xmin,ymin,xmax,ymax
162.06129402319016,282.97534101290796,228.26082460253224,161.28676145501186
