xmin,ymin,xmax,ymax
156.50239636855326,273.51898990416777,227.8332298126686,159.84044384028317
