xmin,ymin,xmax,ymax
161.70582935076413,75.51484010626291,224.41511621903305,189.20784755094985
