xmin,ymin,xmax,ymax
213.4082974738485,233.03903482498538,285.6404180633418,342.469220313698
