xmin,ymin,xmax,ymax
275.24219409152454,81.07285785105137,482.9875440761929,305.4021584644207
