xmin,ymin,xmax,ymax
276.1860534910278,273.50280577941913,484.0198086243545,497.9275687709866
