xmin,ymin,xmax,ymax
31.570532925370344,250.21547400849988,211.26519177399496,186.6623198529888
