xmin,ymin,xmax,ymax
38.788867426046636,253.90160331759495,214.83664613540577,178.92846209915348
