xmin,ymin,xmax,ymax
52.33142388128158,247.07635102162533,204.44049559441783,187.92214334198553
