xmin,ymin,xmax,ymax
45.68884253769647,240.8421987001363,222.45825745999332,183.3859755288563
