xmin,ymin,xmax,ymax
132.6041396407195,259.13963618774824,345.59538186501663,402.0573490738601
