xmin,ymin,xmax,ymax
113.41583532241157,131.35223088254574,359.4426515920477,358.04265368959193
