xmin,ymin,xmax,ymax
304.44208041945535,388.92600927697436,417.68041892894917,631.1969818367501
