xmin,ymin,xmax,ymax
19.28382651295624,139.82229404872518,346.71842048112126,367.66934908006976
