xmin,ymin,xmax,ymax
226.6627330837582,320.660554064077,348.7684514155151,436.05882951111244
