xmin,ymin,xmax,ymax
91.15185541432538,254.81839242434393,347.70069115324213,424.49442796612095
