xmin,ymin,xmax,ymax
15.809988312730638,61.61070016245844,96.68299959312276,123.39235443906432
