xmin,ymin,xmax,ymax
36.89672849796966,151.99124136120776,211.44020494721053,269.9275934941992
