xmin,ymin,xmax,ymax
36.20045678675592,158.8154224727541,210.8340021106576,276.8126327640357
