xmin,ymin,xmax,ymax
85.32829659742902,171.13322589437746,216.39814833645505,272.29686234741337
