xmin,ymin,xmax,ymax
193.7689581652112,234.6508270282144,225.83198990773712,207.71744993307658
