xmin,ymin,xmax,ymax
92.4586957762283,242.64122373139503,203.26500356596375,184.0654522347957
