xmin,ymin,xmax,ymax
206.4523495901385,127.68941963686433,376.21554782859494,312.9550765911274
