xmin,ymin,xmax,ymax
143.94222009248438,186.45466249892115,264.6980451018651,125.8736873595767
