xmin,ymin,xmax,ymax
443.55708757989726,271.0014607430854,820.934262708627,489.98314835259265
