xmin,ymin,xmax,ymax
183.9999038827383,201.2355882386023,316.04242299837665,376.3539278352134
