xmin,ymin,xmax,ymax
100.51619731371238,78.8629066471191,151.54847808620843,113.12916694866223
