xmin,ymin,xmax,ymax
382.3828838818645,387.5343721575507,630.2281065924474,463.6605335671452
