xmin,ymin,xmax,ymax
85.51506965472328,93.67596948054097,150.26698715252348,176.78210894000654
