xmin,ymin,xmax,ymax
83.07954432355808,9.91730656210757,165.03011570491145,109.0032775304428
