xmin,ymin,xmax,ymax
89.22938411066849,104.66969702264987,153.9634987559295,21.586406714268378
