xmin,ymin,xmax,ymax
134.23794734989747,185.3446376154097,249.61691385235008,109.24440076399864
