xmin,ymin,xmax,ymax
89.4225079946803,99.03846938939745,108.65183815560368,172.73038677764254
