xmin,ymin,xmax,ymax
163.78376599291914,231.78973239584423,252.51745911552825,296.8581290851661
