xmin,ymin,xmax,ymax
84.42305693359071,155.06877030753992,262.6177106414243,278.3286482264077
