xmin,ymin,xmax,ymax
122.2264828199925,295.2058510845379,253.4916482172539,208.18993875634942
