xmin,ymin,xmax,ymax
118.79898801537433,214.30864785115807,256.17633332529203,313.1220803773956
