xmin,ymin,xmax,ymax
119.70031780082377,183.6978451013518,257.0864720086754,282.517613733733
