xmin,ymin,xmax,ymax
84.42305693359071,278.3286482264077,262.6177106414243,155.06877030753992
