xmin,ymin,xmax,ymax
260.7762433541725,402.7968167246954,534.6578355266809,769.95900161517
