xmin,ymin,xmax,ymax
153.42659149940005,175.19316581740452,231.90410534156672,319.48290397059003
