xmin,ymin,xmax,ymax
185.0904216152262,158.20942423833895,332.79621435848344,211.74882541690772
