xmin,ymin,xmax,ymax
283.2424121499573,215.2275658205055,573.8358951610924,363.3317148568395
