xmin,ymin,xmax,ymax
96.90251732274533,113.90504760923639,188.6638418314492,59.82178332347755
