xmin,ymin,xmax,ymax
96.90251732274533,59.82178332347755,188.6638418314492,113.90504760923639
