xmin,ymin,xmax,ymax
64.60649067784448,100.23067896231157,216.30953097617544,224.44340914880905
