xmin,ymin,xmax,ymax
235.08506575506578,219.524394319613,341.9782734433762,265.5305430416354
