xmin,ymin,xmax,ymax
109.46299867540063,122.20520261152228,156.42318408858213,228.38371344438724
