xmin,ymin,xmax,ymax
190.2120267980697,412.470582251797,333.04694431114376,206.95643498366144
