xmin,ymin,xmax,ymax
192.75070723956492,210.28541562427438,358.4285676285017,114.90794891553281
