xmin,ymin,xmax,ymax
227.05664874562967,86.73087557583966,395.29013069927623,261.41558529890324
