xmin,ymin,xmax,ymax
89.94915085887351,88.79519340986786,172.52603605547733,149.89382969617446
