xmin,ymin,xmax,ymax
103.922136402778,167.78191720726932,182.27258957299446,84.57155155879946
