xmin,ymin,xmax,ymax
163.73986961129106,153.106479034602,214.42635798062253,58.50098610426289
