xmin,ymin,xmax,ymax
98.3936513486077,79.38522001898951,156.49369002273494,114.55875231639612
