xmin,ymin,xmax,ymax
273.05953760511164,420.72512387195366,314.06420371021835,312.2184285028118
