xmin,ymin,xmax,ymax
220.31590837622622,479.8562387892687,350.81275728032597,299.62281696784885
