xmin,ymin,xmax,ymax
231.19478276406926,449.2888507257237,330.22028811791444,306.28632450543114
