xmin,ymin,xmax,ymax
157.88610831532628,24.645900503783423,215.1602513763769,185.82274061728737
