xmin,ymin,xmax,ymax
164.1776024468943,75.262599997346,199.9773087427077,211.4046892237851
