xmin,ymin,xmax,ymax
48.68316039552451,252.794562336745,405.0846052864281,417.2494201022278
