xmin,ymin,xmax,ymax
33.75375086471513,395.59107319403716,288.3379234328738,186.95242473888717
