xmin,ymin,xmax,ymax
206.9766531827877,89.03904226406075,376.50803403499003,274.0517127006131
