xmin,ymin,xmax,ymax
195.84055170321335,187.4933565763301,247.77570605519145,225.64561572363982
