xmin,ymin,xmax,ymax
195.84055170321335,225.64561572363982,247.77570605519145,187.4933565763301
