xmin,ymin,xmax,ymax
143.7180917846174,28.591339669801528,285.61937644691943,253.2708206678675
