xmin,ymin,xmax,ymax
141.4071796670819,233.00815160149023,283.2974309136971,457.6701628344583
