xmin,ymin,xmax,ymax
141.4071796670819,457.6701628344583,283.2974309136971,233.00815160149023
