xmin,ymin,xmax,ymax
151.88206702951572,210.1070869258554,249.86686055362645,132.76298262042837
