xmin,ymin,xmax,ymax
152.87189323225425,109.50779761333933,251.03088155791363,186.98940224321342
