xmin,ymin,xmax,ymax
152.17670810011884,140.8799235164784,285.56194182168986,225.52266890703373
