xmin,ymin,xmax,ymax
199.7026865827827,63.55827796217034,436.45527714210107,282.65146303093127
