xmin,ymin,xmax,ymax
215.53381861985508,42.57703039942072,487.1459873815668,455.97885751597556
