xmin,ymin,xmax,ymax
239.29260222067433,163.13322610146434,457.4320363436673,310.7446065845521
