xmin,ymin,xmax,ymax
68.43062172750524,1085.8454515328979,697.607153140498,484.08722909166397
