xmin,ymin,xmax,ymax
83.54670276191905,150.88086153676784,283.36742933694245,290.7885613827792
