xmin,ymin,xmax,ymax
101.24269373584752,165.8821635660629,286.0741741982015,292.2850955792597
