xmin,ymin,xmax,ymax
291.99404445211786,280.46626384428725,458.7970747963461,436.81758603193
