xmin,ymin,xmax,ymax
287.5197271116305,492.1590343969379,505.4098625842199,286.6884580811763
