xmin,ymin,xmax,ymax
291.99404445211786,436.81758603193,458.7970747963461,280.46626384428725
