xmin,ymin,xmax,ymax
284.95599411128643,290.27022291575594,538.0638729997729,533.198478384661
