xmin,ymin,xmax,ymax
284.5432084607938,87.26815909920629,537.6005336699815,330.1478940828008
