xmin,ymin,xmax,ymax
96.13305090463393,321.301133566507,256.8047345452719,175.25356952533988
