xmin,ymin,xmax,ymax
35.86381817165602,544.4773431863456,350.0557186183403,270.04718335267876
