xmin,ymin,xmax,ymax
46.64598760737499,278.534846085253,334.3362213864755,536.7929868379749
