xmin,ymin,xmax,ymax
93.04287629027385,88.02023862916138,179.35297633748837,169.8720773887443
