xmin,ymin,xmax,ymax
204.1486471498315,241.8696810332831,316.2008765781351,377.4247173232711
