xmin,ymin,xmax,ymax
179.28780399215725,213.1704559162963,269.2065360467569,383.7783367337827
