xmin,ymin,xmax,ymax
161.48509128829573,195.62349130799885,225.4934265003542,256.0223299201695
