xmin,ymin,xmax,ymax
151.52894062062978,219.4978973937836,272.0539170528855,117.34308894664099
