xmin,ymin,xmax,ymax
139.8291462332504,74.1879561613448,241.77688674068304,178.18150538237973
