xmin,ymin,xmax,ymax
138.12835378375303,63.66681135934442,217.62463070660442,169.0986843017576
