xmin,ymin,xmax,ymax
162.88858966092175,108.25820373694529,226.9814799965077,47.77957815261169
