xmin,ymin,xmax,ymax
150.14042856743504,84.53055162011174,270.50640133770867,186.55059141503824
