xmin,ymin,xmax,ymax
162.88858966092175,47.77957815261169,226.9814799965077,108.25820373694529
