xmin,ymin,xmax,ymax
136.75752057558134,134.86327509579553,216.14892131825127,240.15605608910658
