xmin,ymin,xmax,ymax
138.12835378375303,169.0986843017576,217.62463070660442,63.66681135934442
