xmin,ymin,xmax,ymax
151.52894062062978,117.34308894664099,272.0539170528855,219.4978973937836
