xmin,ymin,xmax,ymax
155.03682711887905,257.7759509433727,329.4983516491127,374.42381581961706
