xmin,ymin,xmax,ymax
71.88015739744742,125.6306270346522,338.78780926208583,351.81939870121215
