xmin,ymin,xmax,ymax
166.1954165677414,151.10994005475658,280.0871251593785,296.87048459675043
