xmin,ymin,xmax,ymax
65.91742620428616,170.70578836517427,195.70677491469115,203.59303622513784
