xmin,ymin,xmax,ymax
32.06528215575712,161.91008476095425,191.42617050703657,214.82537511699582
