xmin,ymin,xmax,ymax
33.181007703838986,508.4430378386235,416.6857443078368,332.22796767779965
