xmin,ymin,xmax,ymax
245.45713888371347,169.2758711533121,449.57670642154903,327.5282474718945
