xmin,ymin,xmax,ymax
245.6552787278681,229.94726244283058,480.4603258065031,392.9165358972127
