xmin,ymin,xmax,ymax
336.2288880183212,460.35045631061644,638.4782136665201,203.76389928514297
