xmin,ymin,xmax,ymax
335.40790186308413,207.27294257446164,637.7568659802316,463.94408503826503
