xmin,ymin,xmax,ymax
257.4491615595965,227.11479519546964,513.2948602271698,391.55970960330944
