xmin,ymin,xmax,ymax
474.09373263742157,503.5494119251675,670.4706890247639,315.99892762530106
