xmin,ymin,xmax,ymax
267.78648852610627,147.6135472858412,501.76776312216793,379.54370938926985
