xmin,ymin,xmax,ymax
150.21670744951166,209.50145502153782,347.3399314436706,380.4588546995503
