xmin,ymin,xmax,ymax
101.20450337482316,117.18635115169309,361.6416788189265,349.1817560941497
