xmin,ymin,xmax,ymax
211.909593015798,254.40691657566072,336.22418784015645,390.70860911234683
