xmin,ymin,xmax,ymax
307.7474305692367,303.0564991525083,331.9649739169838,322.8872431777079
