xmin,ymin,xmax,ymax
73.71153034824334,78.09564199153283,198.62064375285465,191.18406268990708
