xmin,ymin,xmax,ymax
85.44105784471486,78.53974460453452,199.92746070838453,194.10516839415618
