xmin,ymin,xmax,ymax
88.75393925522008,87.00175616382398,171.2083430310131,173.75269124796438
