xmin,ymin,xmax,ymax
88.75393925522008,173.75269124796438,171.2083430310131,87.00175616382398
