xmin,ymin,xmax,ymax
186.3287028217078,128.76485207396524,350.52677545630377,221.4573669622439
