xmin,ymin,xmax,ymax
81.05819697007655,82.66989159859273,383.2839204143238,373.72518323460315
