xmin,ymin,xmax,ymax
107.6175261354258,38.09980284657118,469.65020526708463,416.13719377246235
