xmin,ymin,xmax,ymax
196.25354732860723,134.27527319818265,347.63704883197414,247.1762067510177
