xmin,ymin,xmax,ymax
117.09622550211134,220.63621359461985,194.2079458023827,135.34721145683176
