xmin,ymin,xmax,ymax
80.09192687074744,158.18069747153112,116.60664487499798,101.69105590021951
