xmin,ymin,xmax,ymax
430.49642092174395,413.37430938795603,783.4509340255827,784.5361926299578
