xmin,ymin,xmax,ymax
417.3235924183955,438.3140226767947,591.3334457019203,645.2686311508951
