xmin,ymin,xmax,ymax
176.78238824068467,160.42142437199666,345.8694635232689,281.37325115706915
