xmin,ymin,xmax,ymax
109.95024098991146,232.41842389495173,172.37301833561406,137.623179012244
