xmin,ymin,xmax,ymax
104.45519366802597,124.67058046362149,164.79342722851163,231.74574213879305
