xmin,ymin,xmax,ymax
109.95024098991146,137.623179012244,172.37301833561406,232.41842389495173
