xmin,ymin,xmax,ymax
26.91567439139476,120.95825417460657,101.41619686864556,85.61580766271732
