xmin,ymin,xmax,ymax
187.00162017090568,91.7833282970521,221.0228053332644,177.9191021905997
