xmin,ymin,xmax,ymax
188.60887911328896,93.81690253480019,220.40935092478534,174.9557873773049
