xmin,ymin,xmax,ymax
100.58793478303073,73.29634672727903,172.76161165700842,119.32714062584549
