xmin,ymin,xmax,ymax
270.52926891800894,563.7790237473992,529.2075909990776,268.5324519639944
