xmin,ymin,xmax,ymax
202.05606736935385,89.55675527876977,439.6623909601261,360.53817800376055
