xmin,ymin,xmax,ymax
353.3381059699427,398.1343391227838,566.0582335749718,354.7248863962118
