xmin,ymin,xmax,ymax
249.01022285543468,569.7867442070018,478.734336593081,259.06115852953513
