xmin,ymin,xmax,ymax
272.7121452747931,291.90191983554695,412.49230115145156,461.05165340872384
