xmin,ymin,xmax,ymax
249.8181400695329,73.15857245211384,479.5108457504922,383.8416754896423
