xmin,ymin,xmax,ymax
196.80705714965916,183.99422114843063,331.97623741106463,239.1461900770009
