xmin,ymin,xmax,ymax
200.92090020719843,243.39516905771015,366.6026410066904,187.80585069730986
