xmin,ymin,xmax,ymax
203.95486822416365,172.26113565361143,387.69982313462924,240.11931727762462
