xmin,ymin,xmax,ymax
105.82914717944504,189.40310165174768,282.3621504065518,249.2177235788391
