xmin,ymin,xmax,ymax
199.6328884394468,187.1520683614338,365.2618694646226,242.7236848321936
