xmin,ymin,xmax,ymax
207.44557489413546,243.84577330116306,350.73821382334177,190.49197437799117
