xmin,ymin,xmax,ymax
211.3137797403599,174.5554092506584,368.46103030512313,260.21840858381734
