xmin,ymin,xmax,ymax
29.011882185142667,315.5810835927682,424.19634364873446,496.67785776804976
