xmin,ymin,xmax,ymax
34.628464107099546,216.23825684933385,197.21229301861672,171.09153553027218
