xmin,ymin,xmax,ymax
37.03117244737007,205.56076794556802,195.93891327034416,178.4323230593927
