xmin,ymin,xmax,ymax
262.4477994545939,320.7367584256623,334.4036045616258,265.34368833895957
