xmin,ymin,xmax,ymax
99.89271682588719,92.88772910632639,139.8893383696584,107.7123528109559
