xmin,ymin,xmax,ymax
488.1526580476484,436.6478521711053,772.0540286059104,574.475512614632
