xmin,ymin,xmax,ymax
487.54091604565133,439.057486047372,894.513676283452,563.3911583215458
