xmin,ymin,xmax,ymax
490.7362638732784,433.4384191204377,877.9247797269293,537.5471896501301
