xmin,ymin,xmax,ymax
491.41390081667214,433.7494039208176,890.2284683721416,568.6059398511269
