xmin,ymin,xmax,ymax
492.12073480604636,438.9008925815579,945.1242720764935,546.1492696413986
