xmin,ymin,xmax,ymax
492.0145772281644,463.30084398398446,655.2227705253322,546.7056453104976
