xmin,ymin,xmax,ymax
489.9036955787892,471.9128410416484,687.9426924025327,567.7981610854854
