xmin,ymin,xmax,ymax
489.9186175241082,460.7224902621271,723.132532561179,548.0113505123926
