xmin,ymin,xmax,ymax
310.064263887836,127.23957358227162,668.7287186626158,582.7162894878775
