xmin,ymin,xmax,ymax
87.28244381618288,106.50037267180176,144.40884326826267,44.505674061552895
