xmin,ymin,xmax,ymax
111.6565838458888,39.516533190024575,220.58931980712913,169.28676019087243
