xmin,ymin,xmax,ymax
147.78005176283727,56.296862928300015,273.7874482555886,174.64378538210553
