xmin,ymin,xmax,ymax
50.18309872053874,382.451152325557,406.57513888833137,546.9016704554303
