xmin,ymin,xmax,ymax
232.8575010421905,200.95967783587565,417.4795980095139,251.5710372833645
