xmin,ymin,xmax,ymax
229.57911548014863,215.6826312742566,371.6388794326249,255.06900863431986
