xmin,ymin,xmax,ymax
90.32052811836479,89.20940199327976,163.3808051848032,158.96221420358023
