xmin,ymin,xmax,ymax
169.39232749246185,280.557735490169,241.96672021933705,155.74084546312895
