xmin,ymin,xmax,ymax
156.1395023300147,378.78403891523817,234.1161996928331,234.04129303689336
