xmin,ymin,xmax,ymax
123.27340996196244,319.18125818501886,237.73773042491575,214.27580927559194
