xmin,ymin,xmax,ymax
145.39756822423112,162.06264024576666,258.9433379091953,129.65454913608414
