xmin,ymin,xmax,ymax
215.73993953621493,382.866706304165,399.8864114667258,46.19926022124406
