xmin,ymin,xmax,ymax
196.94735939441898,134.6193228394244,361.7408506174402,254.45738432243604
