xmin,ymin,xmax,ymax
334.61493066017715,385.58823633877023,439.477243954085,553.2832568073779
