xmin,ymin,xmax,ymax
289.98725160890865,343.73339742277676,467.3171417132346,699.6008140906061
