xmin,ymin,xmax,ymax
291.6069807403278,400.8002877940674,468.99724882754947,44.81170397960494
