xmin,ymin,xmax,ymax
237.5246122763125,228.52593989280103,348.84578402117165,284.9478536046438
