xmin,ymin,xmax,ymax
192.03633581826875,31.471653381673434,271.30802917223286,227.30028565922356
