xmin,ymin,xmax,ymax
49.98012744961807,82.28858705403115,103.44187424821803,116.12534435563708
