xmin,ymin,xmax,ymax
40.11019589058594,194.78214576091247,185.77684319546802,68.78499126387399
