xmin,ymin,xmax,ymax
57.02270119345462,185.33954548586487,197.8516848081748,58.29438086498678
