xmin,ymin,xmax,ymax
15.536294058528483,159.09650473387285,109.2480633888033,77.42266715544952
