xmin,ymin,xmax,ymax
370.3710339057395,509.29968340721405,449.113620339265,468.5160250280919
