xmin,ymin,xmax,ymax
51.50125770421823,485.21677960087015,481.5522996480636,402.95218043810485
