xmin,ymin,xmax,ymax
419.804735574706,507.4907802453315,459.63367554224124,472.71563648948427
