xmin,ymin,xmax,ymax
92.44407199860484,480.4178335719805,442.7612162981495,411.1703092744424
