xmin,ymin,xmax,ymax
32.444517724468824,477.0625221271398,427.56990694429055,401.97106918794805
