xmin,ymin,xmax,ymax
208.39340712142848,495.4888539397025,490.4539486658864,435.8801228468967
