xmin,ymin,xmax,ymax
323.50711618345395,504.1242458770155,490.812589925888,443.7389943476371
