xmin,ymin,xmax,ymax
206.68575274136788,430.9561194942751,488.916430635908,490.60080603085066
