xmin,ymin,xmax,ymax
418.22460258275623,418.9469537359938,458.0775670041787,453.74307354187556
