xmin,ymin,xmax,ymax
92.44407199860484,411.1703092744424,442.7612162981495,480.4178335719805
