xmin,ymin,xmax,ymax
28.160693871705462,68.53631933470871,155.94399372638122,257.5074511978057
