xmin,ymin,xmax,ymax
29.404355924821402,233.36466344185376,157.1934372743749,44.38498166940113
