xmin,ymin,xmax,ymax
29.404355924821402,44.38498166940113,157.1934372743749,233.36466344185376
