xmin,ymin,xmax,ymax
173.9039554721685,242.45373172520505,323.5682762162239,100.6887330818912
