xmin,ymin,xmax,ymax
249.0,145.5781307285675,464.6696434428941,352.42186927143246
