xmin,ymin,xmax,ymax
115.86113755893916,37.00923778301967,241.4348797610498,193.66705886206614
