xmin,ymin,xmax,ymax
96.39722452491543,38.70713647711091,236.26591874089158,211.08530638482102
