xmin,ymin,xmax,ymax
245.94622580460464,135.77183196055267,419.5152007621109,319.2883786795071
