xmin,ymin,xmax,ymax
95.48050176491097,268.5080968195582,387.4401195483115,571.5192075219746
