xmin,ymin,xmax,ymax
246.9781232713051,122.86393062744804,433.8238365447007,311.19000204674217
