xmin,ymin,xmax,ymax
196.4273631871506,255.15140845436844,368.9782287256146,148.17397171541614
