xmin,ymin,xmax,ymax
37.46932508243549,284.41789413052607,318.45371977071113,427.4401146016406
