xmin,ymin,xmax,ymax
37.46932508243549,427.4401146016406,318.45371977071113,284.41789413052607
