xmin,ymin,xmax,ymax
63.445334004223696,208.80099046491222,319.6977033649448,336.81917310152727
