xmin,ymin,xmax,ymax
194.89173541604214,245.28274099475675,326.22013443952414,330.53820118756636
