xmin,ymin,xmax,ymax
33.797279086858,199.220253747875,319.09623829040265,341.6585004526806
