xmin,ymin,xmax,ymax
144.57240318852382,221.77748337979784,319.32203726715807,329.3624077550174
