xmin,ymin,xmax,ymax
108.86553358821016,277.8659903820177,325.7765215032432,426.3298961403417
