xmin,ymin,xmax,ymax
83.37180116255627,280.34053828722494,325.19129508496576,427.920896357205
