xmin,ymin,xmax,ymax
32.69911178392704,286.40152476424475,318.0259422986371,428.85368648895377
