xmin,ymin,xmax,ymax
32.69911178392704,428.85368648895377,318.0259422986371,286.40152476424475
