xmin,ymin,xmax,ymax
83.32795579766821,285.6593971420027,319.2705296511449,418.33317117979647
