xmin,ymin,xmax,ymax
59.82547038313328,420.91212384759564,321.9407093973598,273.8071016503999
