xmin,ymin,xmax,ymax
284.2135712019483,354.64806578652355,322.9496467279862,312.4479124884199
