xmin,ymin,xmax,ymax
283.5518731088616,307.59521649783574,343.02401155101757,246.11696076107216
