xmin,ymin,xmax,ymax
241.26426433513484,189.81216593619988,404.73664021321747,298.96184634393643
