xmin,ymin,xmax,ymax
87.92543229831404,811.5517662127645,565.8194131767327,528.9125983647607
