xmin,ymin,xmax,ymax
180.77834798102208,798.2019542670162,569.4713146346262,523.7235439927431
