xmin,ymin,xmax,ymax
399.4314356550501,590.3815363999986,554.7777362721911,520.3219515650463
