xmin,ymin,xmax,ymax
441.3854481216265,600.4864591601277,553.6527261579424,509.80498482295
