xmin,ymin,xmax,ymax
455.81846356196934,590.0825946015016,544.7769016202294,491.1053942502124
