xmin,ymin,xmax,ymax
477.19845116873876,606.1025962868616,555.445242594546,534.3520341257815
