xmin,ymin,xmax,ymax
39.50848836345244,129.95604589426495,102.60875553233814,80.28962046453972
