xmin,ymin,xmax,ymax
98.4469754170891,65.42418514826508,156.4161863107031,118.65802120978722
