xmin,ymin,xmax,ymax
101.21487712386329,108.6529877490652,138.18639848969042,85.55868806299426
