xmin,ymin,xmax,ymax
100.6153295879285,87.45521357919262,137.59701867670424,110.55586454409172
