xmin,ymin,xmax,ymax
88.73654691638754,323.8082819825768,307.69697050093544,282.1310252349706
