xmin,ymin,xmax,ymax
76.34880982383106,319.4958124185923,307.2092457048851,270.06789958442505
