xmin,ymin,xmax,ymax
73.45732748956198,102.62947712367247,118.14709352444834,188.79161246855313
