xmin,ymin,xmax,ymax
194.3058288230677,253.91793030610887,354.26559477898604,124.82642494653028
