xmin,ymin,xmax,ymax
124.59307134462028,121.00778352897524,222.02153667575112,215.1843932025091
