xmin,ymin,xmax,ymax
99.39906301923338,112.55269310225214,136.4605522064362,80.58980263494834
