xmin,ymin,xmax,ymax
107.85065298340015,209.28998059628418,217.7440647935479,238.610166682996
