xmin,ymin,xmax,ymax
243.0858900795747,232.82224550126546,490.7903375039639,449.47029339231904
