xmin,ymin,xmax,ymax
219.20215321256933,337.5260405546993,349.59038526609515,199.68520634638372
