xmin,ymin,xmax,ymax
339.4170528198499,77.6246453128519,464.7855132018608,186.23907263728353
