xmin,ymin,xmax,ymax
148.4000895321442,268.5407771477478,286.3808431990717,422.98037850320753
