xmin,ymin,xmax,ymax
148.2469144053846,408.11468215431614,284.2543960849855,269.1734490256123
