xmin,ymin,xmax,ymax
205.32487293553686,218.40238781913956,345.40656579508664,406.01472659235344
