xmin,ymin,xmax,ymax
33.13498248307303,85.49707602199658,142.38598955016414,155.4566251112933
