xmin,ymin,xmax,ymax
128.7012716808415,223.70644241451402,275.9515709063744,425.7073305002585
