xmin,ymin,xmax,ymax
294.92603339669813,277.2602641204887,495.4129447966252,468.5211477072532
