xmin,ymin,xmax,ymax
281.0074190160144,324.26891941202047,410.48076973030606,464.52779531059673
