xmin,ymin,xmax,ymax
219.03360248177694,257.08920547309515,253.68378253748403,193.64691921655344
