xmin,ymin,xmax,ymax
257.4491615595965,391.55970960330944,513.2948602271698,227.11479519546964
