xmin,ymin,xmax,ymax
338.41271612645824,337.6571484664501,521.8561671057414,396.3225008714749
