xmin,ymin,xmax,ymax
201.24161919519588,282.367842523094,438.8804329464997,553.3863191016707
