xmin,ymin,xmax,ymax
33.86503963784389,148.80296807760612,169.40777360207642,187.0872203708945
