xmin,ymin,xmax,ymax
34.16165657099773,148.24911954070137,169.77387952036528,186.55299910400794
