xmin,ymin,xmax,ymax
160.62316462573085,253.8280434474447,288.9284628633475,61.13479495501912
