xmin,ymin,xmax,ymax
160.62316462573085,61.13479495501912,288.9284628633475,253.8280434474447
