xmin,ymin,xmax,ymax
214.44629146056195,160.41342817027464,408.63372667277554,291.97212866863117
