xmin,ymin,xmax,ymax
283.1244516212025,227.3397103570291,554.178067305168,326.6357684220104
