xmin,ymin,xmax,ymax
286.0275625241377,222.06963485389826,543.710787184094,324.85133405389763
