xmin,ymin,xmax,ymax
286.6136179411902,292.0793719763417,612.4301283845557,642.0611980078077
