xmin,ymin,xmax,ymax
295.0884017909723,363.6223290836069,522.9777366303042,639.7544405897189
