xmin,ymin,xmax,ymax
305.0576443650548,315.1654095052902,539.632993374847,552.5311946996239
