xmin,ymin,xmax,ymax
130.50305627852654,148.6214658781521,172.78215314864224,230.6807805359067
