xmin,ymin,xmax,ymax
230.10134045849009,201.83609525272547,453.9501689808287,341.42967625434187
