xmin,ymin,xmax,ymax
35.61967501145392,121.68712614052339,234.7581517808879,253.90214866658067
