xmin,ymin,xmax,ymax
144.08707156106198,194.39178408236097,226.96700025042452,242.50482902592915
