xmin,ymin,xmax,ymax
321.1323647891347,63.45520567017632,562.4645831485082,405.5917829019401
