xmin,ymin,xmax,ymax
322.0345380011929,54.41730491009107,623.6090266773244,421.06028785572636
