xmin,ymin,xmax,ymax
282.4184935359963,49.29357285309688,557.6377457118542,402.25337575543443
