xmin,ymin,xmax,ymax
95.11046302649447,109.41494687374927,176.221657588811,52.988676372079624
