xmin,ymin,xmax,ymax
522.1911799262753,448.17035537227275,832.6146107980871,613.7814936569002
