xmin,ymin,xmax,ymax
539.5949395723774,339.30693693052814,1007.6417618801856,655.8337822759829
