xmin,ymin,xmax,ymax
488.46993885416964,278.2528647671748,840.5709185092537,597.4486350971174
