xmin,ymin,xmax,ymax
56.382966397550945,99.96871391984081,143.5592090300097,180.53969829201677
