xmin,ymin,xmax,ymax
95.00760745649768,92.98795145381825,159.2706212082544,140.0699094100894
