xmin,ymin,xmax,ymax
89.77224610870303,96.58675450484714,170.31292520706347,151.93023053216768
