xmin,ymin,xmax,ymax
132.32777971134294,133.3135484530319,210.3222099031367,237.0038635895537
