xmin,ymin,xmax,ymax
213.70337690116412,274.9203495220895,400.087961179433,175.70134294202285
