xmin,ymin,xmax,ymax
255.70878885983382,252.50882283579926,404.1252553072179,212.4021022536524
