xmin,ymin,xmax,ymax
58.59015608355821,22.851078791108918,110.86240809964374,104.3162700342429
