xmin,ymin,xmax,ymax
134.26794200534516,42.35223376206102,212.26073591939905,146.04037353613603
