xmin,ymin,xmax,ymax
129.05454507971046,93.41615046959794,170.68949014275415,141.82040354541869
