xmin,ymin,xmax,ymax
20.450353100363145,73.3623634382069,108.73130465061331,149.8505263237367
