xmin,ymin,xmax,ymax
62.2043260265998,332.47588524355615,404.29273281491055,609.7640672966369
