xmin,ymin,xmax,ymax
172.27458871823137,33.30106271505542,207.8379499920502,190.01273114573394
