xmin,ymin,xmax,ymax
35.29611394695985,203.22453391489208,226.68118619199345,251.92552257914232
