xmin,ymin,xmax,ymax
61.08956606829679,206.89272107390357,219.55467107604932,256.3298120083318
