xmin,ymin,xmax,ymax
79.93009922948181,196.64652170453513,235.58444214208384,253.04893879287488
