xmin,ymin,xmax,ymax
21.377719961963294,112.96538734852084,102.47460674031208,88.77511379100929
