xmin,ymin,xmax,ymax
42.26723967152407,257.1565711957062,265.5631634211936,367.71750885218637
