xmin,ymin,xmax,ymax
35.43285262533959,250.13604159441184,272.1404944275648,362.5541836156225
