xmin,ymin,xmax,ymax
76.62790977727812,10.952405517657098,129.69171796823275,100.00641895500507
