xmin,ymin,xmax,ymax
349.71473143504,265.5727626695907,611.9644513882281,402.5637446113357
