xmin,ymin,xmax,ymax
340.0458330337401,237.88753859848225,591.0238154387673,400.29565641637856
