xmin,ymin,xmax,ymax
146.48970842716153,132.17117484101198,259.71067783980993,160.9101305003308
