xmin,ymin,xmax,ymax
130.38599690969272,381.07053096701617,415.0631242427646,531.8949419729114
