xmin,ymin,xmax,ymax
217.9759178269701,377.9398687021413,407.8117060517186,478.1444988179659
