xmin,ymin,xmax,ymax
41.310491020439486,364.3033424620102,409.1741977838974,563.0760754921428
