xmin,ymin,xmax,ymax
130.38599690969272,531.8949419729114,415.0631242427646,381.07053096701617
