xmin,ymin,xmax,ymax
41.310491020439486,563.0760754921428,409.1741977838974,364.3033424620102
