xmin,ymin,xmax,ymax
237.94309206915455,488.21515334290035,408.28895057479326,395.0611555709382
