xmin,ymin,xmax,ymax
269.5567203775745,462.19784334264295,406.4004186426032,383.8266232266942
