xmin,ymin,xmax,ymax
114.22338084862054,529.480290309614,404.35257775776495,386.60062687733415
