xmin,ymin,xmax,ymax
249.6807254534267,464.68225978024026,405.3203819466223,379.39671225797554
