xmin,ymin,xmax,ymax
49.23803215236853,570.4749758196825,411.6263587482772,368.609676125334
