xmin,ymin,xmax,ymax
81.21124323974436,353.48277658923973,412.2406560682939,527.923080348277
