xmin,ymin,xmax,ymax
114.22338084862054,386.60062687733415,404.35257775776495,529.480290309614
