xmin,ymin,xmax,ymax
164.5289862811378,370.90799937055704,403.78664294365717,486.08428246051454
