xmin,ymin,xmax,ymax
81.21124323974436,527.923080348277,412.2406560682939,353.48277658923973
