xmin,ymin,xmax,ymax
83.82353661883576,380.52071767115797,413.8375348040804,563.5313098665474
