xmin,ymin,xmax,ymax
167.86667388653336,31.26195594821263,294.74722670819733,237.18954222761175
