xmin,ymin,xmax,ymax
426.5374088772867,528.9361213945882,509.7843725548678,460.18573879071243
