xmin,ymin,xmax,ymax
40.553939831956995,478.9149846605335,433.92406624205773,398.8137476984033
