xmin,ymin,xmax,ymax
227.16812676072504,205.3615826999707,322.85463277711574,267.5487012041751
