xmin,ymin,xmax,ymax
48.2652693105415,246.64176359154263,205.44487147777272,164.15290255662183
