xmin,ymin,xmax,ymax
121.58732956220811,172.07094457363246,173.46340014099155,269.0099424716502
