xmin,ymin,xmax,ymax
62.66400675134224,76.19760320365339,102.54744678592047,109.85897309967777
