xmin,ymin,xmax,ymax
49.86848456105139,57.86091420893098,106.16629960820481,103.09374145593875
