xmin,ymin,xmax,ymax
208.46101794758124,33.06294203415587,290.13831905722327,250.2594650301911
