xmin,ymin,xmax,ymax
20.41824406408341,230.84248897999723,340.3661886416687,477.2164746993275
