xmin,ymin,xmax,ymax
193.42165703793876,85.94431646528966,410.134119484499,270.0873882891109
