xmin,ymin,xmax,ymax
69.9011074143848,106.9022571373925,136.79541909220438,44.456509049305
