xmin,ymin,xmax,ymax
100.50146142901303,71.19484221637276,183.68644267552827,125.6046113895789
