xmin,ymin,xmax,ymax
168.37366187759972,205.0757825916799,326.91471619320146,77.98290549012722
