xmin,ymin,xmax,ymax
168.37366187759972,77.98290549012722,326.91471619320146,205.0757825916799
