xmin,ymin,xmax,ymax
135.2172038154174,170.199491886195,208.65787026625912,310.542058119498
