xmin,ymin,xmax,ymax
167.3428832529515,141.101672720971,271.35549354102244,228.36162925086023
