xmin,ymin,xmax,ymax
162.85467752457131,173.73983991654063,263.8529837806498,320.42231240742603
