xmin,ymin,xmax,ymax
99.95176012259935,66.33065043493451,160.9502655165113,133.58186465974364
