xmin,ymin,xmax,ymax
17.092772185719014,76.50906593205019,100.01687218989127,123.55046945365211
