xmin,ymin,xmax,ymax
40.583743018299174,201.74711530832633,196.56602286545854,183.37610091532719
