xmin,ymin,xmax,ymax
33.418561053344774,210.052011530173,196.82723427862425,179.84695686652833
