xmin,ymin,xmax,ymax
92.4586957762283,184.0654522347957,203.26500356596375,242.64122373139503
