xmin,ymin,xmax,ymax
33.418561053344774,179.84695686652833,196.82723427862425,210.052011530173
