xmin,ymin,xmax,ymax
364.8731607136784,373.286505707534,649.1533460898709,665.5710966842057
