xmin,ymin,xmax,ymax
365.8234804881685,366.60444289643317,468.563282334524,463.01082383749605
