xmin,ymin,xmax,ymax
280.7854207833761,255.3503073058182,389.9215309233044,402.146559927412
