xmin,ymin,xmax,ymax
258.1148205494805,124.29613989269501,409.76687206753337,303.4458868030979
