xmin,ymin,xmax,ymax
267.04669343725783,280.99577001171247,434.2169235853625,532.4089550604185
