xmin,ymin,xmax,ymax
277.45746128959644,324.77622856186144,431.95487367655215,90.86221821745971
