xmin,ymin,xmax,ymax
283.74360296682113,187.33147914555775,392.88485893604417,334.13465329345627
