xmin,ymin,xmax,ymax
270.004227831941,308.4879813894961,437.1823401509094,57.062942066974756
