xmin,ymin,xmax,ymax
283.2025954996755,315.88402145745977,346.6769751606525,260.39580368066254
