xmin,ymin,xmax,ymax
27.63638047086033,125.48073692937567,210.57309936263368,304.4259727930522
