xmin,ymin,xmax,ymax
156.43489006792015,130.35688500167402,246.78179226046723,230.95580199710557
