xmin,ymin,xmax,ymax
34.127404758639386,430.7714134132637,291.82777759520263,157.99522300502707
