xmin,ymin,xmax,ymax
34.127404758639386,157.99522300502707,291.82777759520263,430.7714134132637
