xmin,ymin,xmax,ymax
300.9762816594632,285.68126795708656,586.8750962443471,482.9800912638633
