xmin,ymin,xmax,ymax
138.07438278666848,167.14155560889276,179.23567682590442,320.54399253773363
