xmin,ymin,xmax,ymax
184.53923465639753,197.58548021735714,216.36821377442578,278.79710143545935
