xmin,ymin,xmax,ymax
98.41811656421703,59.94760204082697,183.44450435649458,110.01932562697061
