xmin,ymin,xmax,ymax
107.59526006244141,576.5932340905333,629.816620519724,869.0789002801114
