xmin,ymin,xmax,ymax
36.89672849796966,269.9275934941992,211.44020494721053,151.99124136120776
