xmin,ymin,xmax,ymax
85.32829659742902,272.29686234741337,216.39814833645505,171.13322589437746
