xmin,ymin,xmax,ymax
64.06697077518174,265.20852834231994,206.9929548437251,162.355725980773
