xmin,ymin,xmax,ymax
251.04853619611367,222.55666164383274,480.13046165657124,318.1949934167614
