xmin,ymin,xmax,ymax
123.13352921964918,134.47796604587472,165.12673392114993,198.18157282970887
