xmin,ymin,xmax,ymax
183.1408809412826,182.05924143114476,355.0217702694306,350.5642662885142
