xmin,ymin,xmax,ymax
302.75123038524237,499.76820108620626,523.1049210129088,311.8414157316858
