xmin,ymin,xmax,ymax
297.09265110231183,523.1895187872852,563.177907957571,308.902638221077
