xmin,ymin,xmax,ymax
296.74909832946366,444.20892153125675,451.9930389345127,310.4354508940695
