xmin,ymin,xmax,ymax
55.81896429519816,462.501677709884,568.9238756841635,682.4199349100355
