xmin,ymin,xmax,ymax
455.81846356196934,491.1053942502124,544.7769016202294,590.0825946015016
