xmin,ymin,xmax,ymax
26.601224429878357,136.82310655910675,161.87523825064886,210.21245142686934
