xmin,ymin,xmax,ymax
37.84788356953072,202.66844937457307,172.50066435512736,136.04728620007734
