xmin,ymin,xmax,ymax
37.84788356953072,136.04728620007734,172.50066435512736,202.66844937457307
