xmin,ymin,xmax,ymax
109.71192822728653,137.73391456340767,177.71511695073013,191.13813561580247
