xmin,ymin,xmax,ymax
108.6270805471695,148.2100239386907,176.59730061284722,201.58835406567192
