xmin,ymin,xmax,ymax
26.601224429878357,210.21245142686934,161.87523825064886,136.82310655910675
