xmin,ymin,xmax,ymax
109.71192822728653,191.13813561580247,177.71511695073013,137.73391456340767
