xmin,ymin,xmax,ymax
302.77906496575383,403.8052438537664,525.7969317094398,786.6861476321969
