xmin,ymin,xmax,ymax
452.2591362023477,241.1184598466224,942.4017389334992,572.6189415575963
