xmin,ymin,xmax,ymax
85.58324673573281,39.16486726215484,115.85083564077502,100.34176992019887
