xmin,ymin,xmax,ymax
85.94672841227862,159.34611554004658,116.20599556496495,98.18603282215122
