xmin,ymin,xmax,ymax
316.61357526887014,216.82441037897212,626.8189812487333,387.42592876131545
