xmin,ymin,xmax,ymax
75.66121858449668,101.55451467334979,127.58386520939412,19.661361347231605
