xmin,ymin,xmax,ymax
75.66121858449668,19.661361347231605,127.58386520939412,101.55451467334979
