xmin,ymin,xmax,ymax
47.0079181541401,109.39223375218717,129.11359719405553,12.599384684153392
