xmin,ymin,xmax,ymax
17.337240501698034,171.6069065450455,240.43695957330237,321.2458319917875
