xmin,ymin,xmax,ymax
83.52398904849201,218.49734477123155,261.70721730718947,341.7493195379207
