xmin,ymin,xmax,ymax
174.53983804547283,78.92213683699539,382.4993622997033,262.83136727507707
