xmin,ymin,xmax,ymax
210.9685263730148,161.78997091759038,350.05605107236624,285.4242831894649
