xmin,ymin,xmax,ymax
181.43592769022052,87.38541200260593,393.739806141567,268.27358272737365
