xmin,ymin,xmax,ymax
203.0779952944663,135.03540518859137,370.9741634958709,257.3643879365914
