xmin,ymin,xmax,ymax
202.60614200196028,172.0908541404059,357.63660408579267,249.28846083474028
