xmin,ymin,xmax,ymax
165.094208427166,30.756937243710468,260.95164351484163,234.85962185928474
