xmin,ymin,xmax,ymax
90.19730090323526,89.90930540447528,158.10117248858262,163.8241856449652
