xmin,ymin,xmax,ymax
122.3168607158077,108.37027992357218,237.81270738139187,201.7060367759509
