xmin,ymin,xmax,ymax
131.0617200744308,138.9377136610551,208.3467529402975,264.26770925488813
