xmin,ymin,xmax,ymax
141.8353211794862,147.91983039314493,216.30540099680377,233.4703616902189
