xmin,ymin,xmax,ymax
122.14917442187652,141.70317381366465,209.2324115232757,244.25031759657173
