xmin,ymin,xmax,ymax
158.90017802263333,160.0494625039729,213.27406073718657,194.56822773709519
