xmin,ymin,xmax,ymax
328.87914059376794,69.66742630611208,400.27619456597677,122.40334277681683
