xmin,ymin,xmax,ymax
119.31268590883224,248.68163528086615,222.25268028401115,436.648412263038
