xmin,ymin,xmax,ymax
105.34406408756865,79.43099140596814,152.95706445538016,119.31110107199606
