xmin,ymin,xmax,ymax
101.82546642849715,80.48657634610913,149.4515610856048,120.3776536404971
