xmin,ymin,xmax,ymax
84.47225334288336,114.28561302840899,167.010659914446,27.16338627954292
