xmin,ymin,xmax,ymax
331.19505144634604,268.4699335466762,488.9022283396116,316.9319215757359
