xmin,ymin,xmax,ymax
284.4867574765808,261.87325485038673,454.0582567349961,317.16273507479787
