xmin,ymin,xmax,ymax
277.09423230910056,244.8198625781141,601.8278511638778,520.8946171981885
