xmin,ymin,xmax,ymax
32.02484142287244,76.54576946181919,119.44113047343126,158.7465157987872
