xmin,ymin,xmax,ymax
71.67662393747696,16.549265206454493,162.26595738054607,122.20930006523781
