xmin,ymin,xmax,ymax
30.659082198964143,118.44881075035396,175.7408863574151,240.4623055372016
