xmin,ymin,xmax,ymax
30.659082198964143,240.4623055372016,175.7408863574151,118.44881075035396
