xmin,ymin,xmax,ymax
199.02714127473246,219.00393861818802,363.5258373168797,170.31529580515664
