xmin,ymin,xmax,ymax
169.3410553849899,29.08399861737132,298.6157789452443,230.47424350118678
