xmin,ymin,xmax,ymax
32.249118941397455,116.29189235947933,103.948476109083,75.29569010132366
