xmin,ymin,xmax,ymax
52.797915997943846,537.4033177017794,698.2337778759609,1048.7707209182026
