xmin,ymin,xmax,ymax
52.797915997943846,1048.7707209182026,698.2337778759609,537.4033177017794
