xmin,ymin,xmax,ymax
57.46569106229049,39.374284830489174,313.3865712101617,275.29784679136674
