xmin,ymin,xmax,ymax
56.75854433074824,315.3344211943314,312.6754233949798,551.2542947109389
