xmin,ymin,xmax,ymax
153.8643151082474,277.34984413385354,318.5754568059767,393.61245727800133
