xmin,ymin,xmax,ymax
177.8766570552939,388.26512968532796,317.1913092208813,293.54730386927383
