xmin,ymin,xmax,ymax
153.8643151082474,393.61245727800133,318.5754568059767,277.34984413385354
