xmin,ymin,xmax,ymax
277.45746128959644,90.86221821745971,431.95487367655215,324.77622856186144
