xmin,ymin,xmax,ymax
256.63064014655794,10.862271986379028,420.01959905515474,287.2524078906215
