xmin,ymin,xmax,ymax
159.32863158350233,175.29821741473862,256.97355796645274,106.78000337464627
