xmin,ymin,xmax,ymax
158.20875158350236,175.29943841473857,255.85367796645278,106.78122437464629
