xmin,ymin,xmax,ymax
76.9321422397411,451.7005455772721,523.9900211511942,792.6005700805819
