xmin,ymin,xmax,ymax
108.8537707223029,191.48692819844598,544.3596633106324,543.745019110026
