xmin,ymin,xmax,ymax
205.03537819380358,759.8626529607285,532.7333332865494,483.9312324533499
