xmin,ymin,xmax,ymax
109.94934805299272,477.37559995750786,545.4721169274756,829.647341220193
