xmin,ymin,xmax,ymax
109.94934805299272,829.647341220193,545.4721169274756,477.37559995750786
