xmin,ymin,xmax,ymax
145.40546156824735,471.89532024159183,554.5811453007716,818.502311008096
