xmin,ymin,xmax,ymax
133.85572420178377,159.55869293122828,176.10744895982398,77.55250468638042
