xmin,ymin,xmax,ymax
149.55024379050917,179.53863678959164,229.57890449293882,120.04319515037524
