xmin,ymin,xmax,ymax
111.6566492585315,31.675221222220188,199.78918045053774,155.7919927371196
