xmin,ymin,xmax,ymax
141.4692475133245,142.28916380699994,196.3342084306521,208.36331200139142
