xmin,ymin,xmax,ymax
141.4692475133245,208.36331200139142,196.3342084306521,142.28916380699994
