xmin,ymin,xmax,ymax
71.43910806062286,33.832860434188206,210.50182344590166,196.90286057339858
