xmin,ymin,xmax,ymax
299.79753699343007,317.6086798772056,363.3712539879739,506.4784619325842
