xmin,ymin,xmax,ymax
249.32076639305092,177.5449971381337,474.5672974710578,316.59829827679823
