xmin,ymin,xmax,ymax
33.89601968342024,227.10923007854456,208.07443824535758,186.0518972846744
