xmin,ymin,xmax,ymax
101.40148630931026,68.405331249098,196.12503141017805,122.87766465129502
