xmin,ymin,xmax,ymax
195.3235886219282,324.8246261537203,346.68262316502825,211.9419399173227
