xmin,ymin,xmax,ymax
177.1969477617024,85.62776037146705,321.92277815320836,225.6429746006129
