xmin,ymin,xmax,ymax
176.57923865760085,185.7103485439069,321.4443848662777,325.86034406215623
