xmin,ymin,xmax,ymax
161.49663796133063,233.41114843534456,331.0645036244305,29.985991033258927
