xmin,ymin,xmax,ymax
161.49663796133063,29.985991033258927,331.0645036244305,233.41114843534456
