xmin,ymin,xmax,ymax
177.1969477617024,225.6429746006129,321.92277815320836,85.62776037146705
