xmin,ymin,xmax,ymax
57.168767888434786,89.57862440391563,154.98015648853084,182.24252998659276
