xmin,ymin,xmax,ymax
16.037988121600904,153.224324883799,103.58058358444441,91.28349179323516
