xmin,ymin,xmax,ymax
16.037988121600904,91.28349179323516,103.58058358444441,153.224324883799
