xmin,ymin,xmax,ymax
282.05594520001614,869.6123235834868,622.1011893456155,449.3450640782089
