xmin,ymin,xmax,ymax
119.31268590883224,436.648412263038,222.25268028401115,248.68163528086615
