xmin,ymin,xmax,ymax
136.9762839217501,103.98040775294629,240.72441632418486,170.09407450907617
