xmin,ymin,xmax,ymax
194.07603691377938,150.41620043456987,366.9585041746949,231.5098098480105
