xmin,ymin,xmax,ymax
113.31204456012645,36.93289134987299,175.74781895769627,131.74787355871217
