xmin,ymin,xmax,ymax
313.58270095316027,248.2083301770643,535.749262974375,325.0123732893477
