xmin,ymin,xmax,ymax
250.74195537695834,252.23627522642087,506.4840399828105,341.4487042509027
