xmin,ymin,xmax,ymax
99.29597555838154,63.70068479560763,188.9686730771059,138.0112061758981
