xmin,ymin,xmax,ymax
94.5759896698728,91.1755496219057,162.82359570654648,129.6517376878416
