xmin,ymin,xmax,ymax
98.29337982222353,88.34332849225972,183.34315114653975,138.4288225534654
