xmin,ymin,xmax,ymax
81.06578030963965,103.53300833964279,119.40257206952492,4.3472391949585045
