xmin,ymin,xmax,ymax
92.35158557141426,26.457400385209496,178.68542219079313,108.3317496282288
