xmin,ymin,xmax,ymax
168.31338548711597,153.87824511939095,234.40695454172237,193.16590399787907
