xmin,ymin,xmax,ymax
449.06517663167665,488.6584787820112,889.1487143901197,363.7481300520144
