xmin,ymin,xmax,ymax
134.13843846585382,285.8705482390553,239.9351209244562,145.1105738685701
