xmin,ymin,xmax,ymax
313.0588013721224,429.0579741460633,431.6767881739095,479.7202911034729
