xmin,ymin,xmax,ymax
44.29485854327436,665.9794332525657,457.15247175987884,338.68625990625793
