xmin,ymin,xmax,ymax
44.29485854327436,338.68625990625793,457.15247175987884,665.9794332525657
