xmin,ymin,xmax,ymax
76.62790977727812,100.00641895500507,129.69171796823275,10.952405517657098
