xmin,ymin,xmax,ymax
117.76792273681542,189.6613814996324,246.31490485252323,327.375927864935
