xmin,ymin,xmax,ymax
236.00069978996964,35.266757285382546,422.07394968469714,317.16297990480797
