xmin,ymin,xmax,ymax
186.68475314865987,213.9300470749897,338.7646893112194,148.4407295751012
