xmin,ymin,xmax,ymax
186.68475314865987,148.4407295751012,338.7646893112194,213.9300470749897
