xmin,ymin,xmax,ymax
185.8200967167229,153.45144682008294,338.0937190564555,219.0241702962777
