xmin,ymin,xmax,ymax
131.53847585180972,147.6881484724587,204.6172787264344,53.991200055424656
