xmin,ymin,xmax,ymax
134.26794200534516,146.04037353613603,212.26073591939905,42.35223376206102
