xmin,ymin,xmax,ymax
201.66801565483138,42.36570347068391,339.15163781270167,238.63867708884618
