xmin,ymin,xmax,ymax
58.22848550001481,88.04665343442434,155.9911535366914,180.66440245237771
