xmin,ymin,xmax,ymax
227.6366468051374,379.55718659580737,443.5026764153356,530.8021184513248
