xmin,ymin,xmax,ymax
2.2076437047171567,65.35113339906229,55.14989022239183,110.75376837384363
