xmin,ymin,xmax,ymax
89.16078056021865,49.31472698248837,154.36224547241613,124.54936711641852
