xmin,ymin,xmax,ymax
251.5527271220618,90.52266640796779,392.80446269856463,311.41593365267266
