xmin,ymin,xmax,ymax
251.4969161028506,274.77675090215206,392.79272290294614,495.73893791291215
