xmin,ymin,xmax,ymax
237.61907479888816,164.09497173196885,354.70730559777064,292.0751736292261
