xmin,ymin,xmax,ymax
320.5554761815795,351.60862592301964,561.9767881667585,693.8715111479456
