xmin,ymin,xmax,ymax
281.8273127664479,354.94826552327356,557.1481687863122,708.0383720743243
