xmin,ymin,xmax,ymax
321.45798245270066,336.134410396474,623.1438046458791,702.9127484677073
