xmin,ymin,xmax,ymax
371.2676348254006,324.2011813703787,554.3522855831325,474.6728195282899
