xmin,ymin,xmax,ymax
300.8251032232988,373.9921920203898,448.2350358313263,542.1092155994099
