xmin,ymin,xmax,ymax
152.446253150782,137.4301446006093,293.4113380363831,238.04008726376628
