xmin,ymin,xmax,ymax
141.35482739879671,175.0106809645502,265.89259112907916,87.9425921900766
