xmin,ymin,xmax,ymax
140.40794994168073,114.90008249096576,264.9444433576823,201.96728315059562
