xmin,ymin,xmax,ymax
86.14842442312352,26.90468686627696,129.6910844858303,94.84319114321318
