xmin,ymin,xmax,ymax
204.93844016555556,49.84026471516983,422.4199221945115,321.8741909183518
