xmin,ymin,xmax,ymax
73.68867118555613,33.35354957725929,166.56273636220203,154.78874031907765
