xmin,ymin,xmax,ymax
61.89977654424126,29.248164584069855,206.4454875516609,190.3440279860919
