xmin,ymin,xmax,ymax
446.572103105884,460.98474627625905,501.5438515694009,425.94487274548317
