xmin,ymin,xmax,ymax
457.90830465234467,438.13175772921426,626.3468812147803,488.27498198187175
