xmin,ymin,xmax,ymax
452.3527261560703,490.1684854805504,876.2755017887844,397.66609059828266
