xmin,ymin,xmax,ymax
456.43299906727066,478.32536099443263,874.3307271346214,393.34449055014727
