xmin,ymin,xmax,ymax
454.4603593377958,399.0055600790272,869.725741657385,479.16924430565746
