xmin,ymin,xmax,ymax
452.3527261560703,397.66609059828266,876.2755017887844,490.1684854805504
