xmin,ymin,xmax,ymax
447.4513939925955,435.18738346833914,709.5133234914433,507.37259890431324
