xmin,ymin,xmax,ymax
450.3364338503234,409.7240388322197,705.6060838079563,475.03749893947577
