xmin,ymin,xmax,ymax
456.43299906727066,393.34449055014727,874.3307271346214,478.32536099443263
