xmin,ymin,xmax,ymax
447.3623363853883,441.14900129760076,564.6186835372575,485.5446354811439
