xmin,ymin,xmax,ymax
456.765288274843,417.27951672423785,625.0806917979485,467.38607305046753
