xmin,ymin,xmax,ymax
454.4603593377958,479.16924430565746,869.725741657385,399.0055600790272
