xmin,ymin,xmax,ymax
116.79785170995592,121.84574747123088,193.86539126937532,207.08588373900218
