xmin,ymin,xmax,ymax
452.2591362023477,572.6189415575963,942.4017389334992,241.1184598466224
