xmin,ymin,xmax,ymax
38.197508444110554,131.5901663960858,164.65416125751676,236.2829920173669
