xmin,ymin,xmax,ymax
37.240057402407274,67.49769735584402,163.8703659255309,172.3342916641106
