xmin,ymin,xmax,ymax
236.56443316262948,244.77610305307155,435.36041850121865,195.81320701117977
