xmin,ymin,xmax,ymax
229.57911548014863,255.06900863431986,371.6388794326249,215.6826312742566
