xmin,ymin,xmax,ymax
225.7859370598842,260.336321437465,263.0108005248203,220.89372891877014
