xmin,ymin,xmax,ymax
235.95542024277438,240.61183704781604,432.0810979572045,195.7814255967894
