xmin,ymin,xmax,ymax
44.5204418826695,98.65110629738939,116.16338604367589,193.49770539632613
