xmin,ymin,xmax,ymax
86.98442024159323,170.90414056779537,152.65355547682685,98.93108192982697
