xmin,ymin,xmax,ymax
86.98442024159323,98.93108192982697,152.65355547682685,170.90414056779537
