xmin,ymin,xmax,ymax
81.96191828728001,455.36061809163346,510.3190297766864,638.3088329501554
