xmin,ymin,xmax,ymax
74.97977446441769,631.7627862165803,511.08879666926555,459.5416343552337
