xmin,ymin,xmax,ymax
46.09111747001725,398.24902943402356,509.3977338346001,628.2645468194286
