xmin,ymin,xmax,ymax
353.2830150750717,555.5791429657912,509.3681451038253,486.80093261952493
