xmin,ymin,xmax,ymax
39.322241821057105,380.8797554358254,497.45759496833807,584.5090694491546
