xmin,ymin,xmax,ymax
248.01983155131552,567.0054071857227,505.3077477678478,463.1163791010971
