xmin,ymin,xmax,ymax
190.95409699576726,573.1671735552748,500.25895352189536,445.8348074948135
