xmin,ymin,xmax,ymax
353.2830150750717,486.80093261952493,509.3681451038253,555.5791429657912
