xmin,ymin,xmax,ymax
24.78487893188276,667.7847778101151,511.79985320938135,414.4684238195207
