xmin,ymin,xmax,ymax
25.08374379331144,364.5955572801146,500.60744868199527,610.1318875302134
