xmin,ymin,xmax,ymax
265.5813304845283,559.0986556543501,476.6003798960717,464.39740752876537
