xmin,ymin,xmax,ymax
81.96191828728001,638.3088329501554,510.3190297766864,455.36061809163346
