xmin,ymin,xmax,ymax
382.3633199506653,442.2707357072983,603.5805600046533,236.5339115853626
