xmin,ymin,xmax,ymax
360.0795593042774,645.3732174647635,510.4084456731148,494.76667513931363
