xmin,ymin,xmax,ymax
422.2184039099757,525.9054844193865,577.251749792581,387.11279349730484
