xmin,ymin,xmax,ymax
196.1109806954189,140.11250866175567,368.6476621585084,247.08115161099636
