xmin,ymin,xmax,ymax
68.00244717272972,94.67547470360273,107.23165433662712,130.9109558279286
