xmin,ymin,xmax,ymax
33.62765103524191,90.95131208498933,108.37493654175512,151.54120632199155
