xmin,ymin,xmax,ymax
95.31223847774231,90.56826393879021,165.02057242062847,151.82110518349202
