xmin,ymin,xmax,ymax
30.641876819545814,271.28468135518574,234.74057065586953,146.47464542194132
