xmin,ymin,xmax,ymax
439.4204491140206,348.40437736533374,804.2861822502425,428.82422946158715
