xmin,ymin,xmax,ymax
396.66859102156127,406.25705145600716,518.6564901924651,460.9215807770247
