xmin,ymin,xmax,ymax
169.75384206599892,215.69162596427253,318.7557433079169,172.34814327371856
