xmin,ymin,xmax,ymax
197.59309110037634,136.0025663301618,335.82458669916196,192.59319277688473
