xmin,ymin,xmax,ymax
220.6868129204379,111.17664049047659,255.32801656866968,174.60249151315537
