xmin,ymin,xmax,ymax
36.618051345142476,134.71650343260288,204.8436206558547,297.8979238988768
