xmin,ymin,xmax,ymax
104.45519366802597,231.74574213879305,164.79342722851163,124.67058046362149
