xmin,ymin,xmax,ymax
1.9201124733037886,95.0138219496888,46.57958723963816,148.3242046574021
