xmin,ymin,xmax,ymax
153.05996615846402,97.89260621545657,178.48231365783272,50.11246013647349
