xmin,ymin,xmax,ymax
397.2699342199526,254.39320367637958,794.1308911786507,464.83173872695164
