xmin,ymin,xmax,ymax
342.0022740364948,1292.57919315429,767.2327334404174,625.2066391810957
