xmin,ymin,xmax,ymax
73.12977401817534,100.78252636425987,108.38293849467141,166.2763556587879
