xmin,ymin,xmax,ymax
73.12977401817534,166.2763556587879,108.38293849467141,100.78252636425987
