xmin,ymin,xmax,ymax
74.1732025726426,37.04926050007742,109.43606219816729,102.56110158006891
