xmin,ymin,xmax,ymax
32.57780463945119,117.16769793322851,141.81673658731995,187.11951464624178
