xmin,ymin,xmax,ymax
300.9420504795137,214.7108324956024,587.7457763105836,361.9393272651964
