xmin,ymin,xmax,ymax
105.82116545014878,171.2554211304503,226.09744179536733,36.52433833035093
