xmin,ymin,xmax,ymax
234.9217747652998,549.01186035675,430.1462624790014,272.12862191152976
