xmin,ymin,xmax,ymax
243.4608119265091,423.5708889211428,366.31940702092186,281.9815476256472
