xmin,ymin,xmax,ymax
204.10542744030215,247.9229239857549,421.3750453969461,519.6918427277279
