xmin,ymin,xmax,ymax
235.7848371445242,20.491656534032877,431.1996922707111,297.6448895187736
