xmin,ymin,xmax,ymax
244.33220089646272,146.05494804040325,367.31059793336556,287.78235601418083
