xmin,ymin,xmax,ymax
39.42414020769843,212.70497393693762,276.4017709391287,375.7655962866542
