xmin,ymin,xmax,ymax
447.8921952851822,368.998797749833,852.0966908885023,475.5252372856487
