xmin,ymin,xmax,ymax
446.572103105884,425.94487274548317,501.5438515694009,460.98474627625905
