xmin,ymin,xmax,ymax
459.43795140913267,431.1454690098257,772.5963035139664,479.95400861242075
