xmin,ymin,xmax,ymax
446.316024375677,398.1958651983718,708.1863174631528,470.32829419693115
