xmin,ymin,xmax,ymax
446.2270318930771,420.00786662131475,563.3976337189397,464.3710358831816
