xmin,ymin,xmax,ymax
156.92390744727254,271.89490364835274,263.85424637345614,466.2465326005431
