xmin,ymin,xmax,ymax
34.164829178696436,341.5672327675748,389.4832685600295,442.69974098239646
