xmin,ymin,xmax,ymax
224.1101384344579,308.4393876052304,393.087498555028,583.7280636467904
