xmin,ymin,xmax,ymax
93.59308940276514,90.49247232661855,134.71387672541255,127.06019644528726
