xmin,ymin,xmax,ymax
86.87737099419373,169.53413313790065,189.1997204034626,216.4061655100291
