xmin,ymin,xmax,ymax
95.97352633378824,179.56192126831155,189.24912840005652,199.7250207832643
