xmin,ymin,xmax,ymax
32.24938345331498,184.67784633251546,195.5727263462718,214.8671282265671
