xmin,ymin,xmax,ymax
219.79071164508335,220.12210753552472,282.2590862800787,384.01618825224637
