xmin,ymin,xmax,ymax
-66.71511845728304,246.22550996734208,54.08706127843635,415.94509012403387
