xmin,ymin,xmax,ymax
230.24663215381128,217.77518062063268,291.74466680273093,399.02660241908416
