xmin,ymin,xmax,ymax
211.28905064414843,216.4397797850056,291.81573951724107,410.147275821628
