xmin,ymin,xmax,ymax
95.76190476190493,57.18276561302446,163.78875183144226,125.65628200602293
