xmin,ymin,xmax,ymax
72.8418662036321,107.58206760036467,134.6980404020611,42.164029128778
