xmin,ymin,xmax,ymax
82.02749141520314,89.12870676112675,164.61770499106285,172.6458219098622
