xmin,ymin,xmax,ymax
94.60717784400242,71.783834447603,162.61532165386996,140.23852477394132
