xmin,ymin,xmax,ymax
80.87654062849458,108.30136682333284,163.4440469016164,24.80721381908586
