xmin,ymin,xmax,ymax
94.60717784400242,140.23852477394132,162.61532165386996,71.783834447603
