xmin,ymin,xmax,ymax
79.09398882184985,30.83871425387042,152.18324015651012,113.87310014200216
