xmin,ymin,xmax,ymax
80.24444938007343,83.55544113221879,153.3538013551896,166.61266272198554
