xmin,ymin,xmax,ymax
150.45696254461393,45.31637178045321,208.99427666604436,86.93173905955041
