xmin,ymin,xmax,ymax
243.9765711731295,423.8644629951675,501.00649425830443,851.7503888392716
