xmin,ymin,xmax,ymax
32.19299798970542,147.93073170551114,209.96858816339955,279.84297615469825
