xmin,ymin,xmax,ymax
221.03499760868954,109.79450859081363,459.9526993043444,302.5114840971417
