xmin,ymin,xmax,ymax
181.5367498275234,310.69994088933413,363.9113717804578,613.818882044785
