xmin,ymin,xmax,ymax
164.0341750054689,17.39437088679665,348.87645233581475,297.0554117235131
