xmin,ymin,xmax,ymax
287.4791269635732,338.06164328353407,375.9213220630422,485.15839231413554
