xmin,ymin,xmax,ymax
203.27722783371973,166.21576175938304,373.5500045836013,233.8098868087099
