xmin,ymin,xmax,ymax
209.96313287943917,140.6188297697787,348.88613867360186,264.10690188285594
