xmin,ymin,xmax,ymax
220.4897846715162,197.1076441527287,321.57222538153883,255.6227052734709
