xmin,ymin,xmax,ymax
214.75403370394156,191.27875126798,324.9868263077883,282.417556772113
