xmin,ymin,xmax,ymax
126.01714799563888,274.71039719223677,216.69768900483427,172.03010604972025
