xmin,ymin,xmax,ymax
21.105882238916365,64.87946772129047,150.2156517736488,173.50059617398287
