xmin,ymin,xmax,ymax
21.159007577885404,113.9778002564102,150.1368517918943,222.48793883389698
