xmin,ymin,xmax,ymax
91.0716339215985,161.25459223384155,109.4532145007704,96.43846339047094
