xmin,ymin,xmax,ymax
131.15680218833313,34.161456143662036,235.75862479613374,172.15302460650707
