xmin,ymin,xmax,ymax
217.39158607707395,263.1287920766107,461.994154118737,563.2355829106148
