xmin,ymin,xmax,ymax
189.11213175521425,32.33110793479614,254.02300694279006,226.6683796606137
