xmin,ymin,xmax,ymax
98.8468042710474,79.20860679230634,149.63471845381537,105.16128201515022
