xmin,ymin,xmax,ymax
134.23794734989747,109.24440076399864,249.61691385235008,185.3446376154097
