xmin,ymin,xmax,ymax
155.04601240157945,120.56801456630927,278.0732673911134,188.76536811687225
