xmin,ymin,xmax,ymax
204.5563462795983,76.85655900364424,344.6161323633605,264.439557886994
