xmin,ymin,xmax,ymax
35.30941478296245,272.0567250825881,186.61851365542748,157.3937358843395
