xmin,ymin,xmax,ymax
52.03513457192366,280.49984827278723,201.8060335020043,176.42830530947145
