xmin,ymin,xmax,ymax
30.32344421982043,259.1127276590108,231.71143312068853,118.04641133608288
