xmin,ymin,xmax,ymax
30.641876819545814,146.47464542194132,234.74057065586953,271.28468135518574
