xmin,ymin,xmax,ymax
153.3451311984802,154.35439030095768,191.14201290150822,230.5548689991615
