xmin,ymin,xmax,ymax
154.50864933434423,164.00195637973673,210.1425628041868,55.10977124332851
