xmin,ymin,xmax,ymax
154.50864933434423,55.10977124332851,210.1425628041868,164.00195637973673
