xmin,ymin,xmax,ymax
154.93787606090382,185.09162784972136,192.7774226073857,108.8051346088281
