xmin,ymin,xmax,ymax
81.57797106170801,84.6955702666358,163.98574026955248,182.2374433095564
