xmin,ymin,xmax,ymax
82.18004836450223,88.1312412080963,163.8232926640212,189.92445933384118
