xmin,ymin,xmax,ymax
69.35063991678135,131.42698353665918,223.06679224242657,252.0792731505157
