xmin,ymin,xmax,ymax
33.69198274854443,131.15568077790402,228.2089982189152,265.0797419407434
