xmin,ymin,xmax,ymax
199.7026865827827,282.65146303093127,436.45527714210107,63.55827796217034
