xmin,ymin,xmax,ymax
40.583743018299174,183.37610091532719,196.56602286545854,201.74711530832633
