xmin,ymin,xmax,ymax
193.7689581652112,207.71744993307658,225.83198990773712,234.6508270282144
