xmin,ymin,xmax,ymax
26.96459271544859,83.06900870439625,102.27421596472072,121.1451477189002
