xmin,ymin,xmax,ymax
296.1920286064792,302.66014921437295,375.62289081576,375.86500676357264
