xmin,ymin,xmax,ymax
260.4556854508257,297.8870780559089,389.9998053088233,492.05459532619466
