xmin,ymin,xmax,ymax
264.3649770935094,297.838143140556,379.04910693520947,418.7026450490364
