xmin,ymin,xmax,ymax
93.83060651410779,82.63800570503861,196.97713607164815,163.83272909535611
