xmin,ymin,xmax,ymax
275.73463025750675,33.03067434985326,572.1060399727451,423.818394594288
