xmin,ymin,xmax,ymax
128.18921657270698,123.39203577384012,195.04101096582963,45.05003709017524
