xmin,ymin,xmax,ymax
229.23687067120886,215.49556206177886,437.4597493827084,334.7608645454223
