xmin,ymin,xmax,ymax
227.68850248441504,256.96865242558164,435.71345405740226,137.81671807991825
