xmin,ymin,xmax,ymax
553.6147154846292,789.3117473116292,1222.4088565428897,247.66082887305149
