xmin,ymin,xmax,ymax
194.32456499391378,347.90694885396476,411.1530292442153,163.66530896332893
