xmin,ymin,xmax,ymax
31.197075563736462,422.9072555225133,549.7230946736017,662.122177180059
