xmin,ymin,xmax,ymax
387.942917361755,318.58027918005746,710.9123819095637,438.80774981069493
