xmin,ymin,xmax,ymax
83.90249229107758,95.63087317965102,134.70895172833298,172.94069177957084
