xmin,ymin,xmax,ymax
93.90844475640961,57.0139320864742,106.4924032668896,100.05687943249353
