xmin,ymin,xmax,ymax
151.37784629862165,172.12230530303145,203.75599896642868,283.51103486943225
