xmin,ymin,xmax,ymax
284.2135712019483,312.4479124884199,322.9496467279862,354.64806578652355
