xmin,ymin,xmax,ymax
62.35006306714831,291.2413248770191,318.6274661312634,419.27201381443894
