xmin,ymin,xmax,ymax
143.4850576844592,298.6988186868498,318.25176333405534,406.29425320522705
