xmin,ymin,xmax,ymax
283.5518731088616,246.11696076107216,343.02401155101757,307.59521649783574
