xmin,ymin,xmax,ymax
193.8093056879411,297.5229103891618,325.15053439255576,382.7866993240959
