xmin,ymin,xmax,ymax
225.54537382577314,144.39366686646702,436.5656661572418,348.38273625748934
