xmin,ymin,xmax,ymax
210.2714919827613,124.64285239418598,356.449293855012,326.3514647811919
