xmin,ymin,xmax,ymax
68.17793926958149,124.45992618291723,146.0943355442453,186.2211523289884
