xmin,ymin,xmax,ymax
41.980177899135356,131.6725936711132,147.51427419447384,212.6276535481203
