xmin,ymin,xmax,ymax
134.71243111343597,31.862484885455785,240.6130193490858,172.76070342555232
