xmin,ymin,xmax,ymax
36.933684225124125,217.65281087174515,272.68344644289937,398.00478901363505
