xmin,ymin,xmax,ymax
89.3990124609702,108.24027323164364,162.43920237957832,38.50663881681169
