xmin,ymin,xmax,ymax
152.1830484007968,264.14331499315244,309.3918535249908,487.04909068227676
