xmin,ymin,xmax,ymax
135.33477449170903,261.04004947237286,311.3225205356319,519.4517427054957
