xmin,ymin,xmax,ymax
196.7597891992619,267.92254618395805,295.8636881261923,390.70818083379345
