xmin,ymin,xmax,ymax
84.16455343813413,85.22677046678822,161.05547869737256,146.2353602245966
