xmin,ymin,xmax,ymax
48.53049985787993,540.3549854710031,400.7010949622493,253.44312753498005
