xmin,ymin,xmax,ymax
125.16770144137081,422.54624791982326,404.4661015607437,248.45419907542885
