xmin,ymin,xmax,ymax
71.46636735853008,371.1895042897454,535.5918643150851,633.3314529662409
