xmin,ymin,xmax,ymax
230.00258144132977,377.61501808872697,535.6381452710227,572.8823230733544
