xmin,ymin,xmax,ymax
219.69462197446774,369.3154077696945,533.207495544495,569.9684374516122
