xmin,ymin,xmax,ymax
173.52783174192064,353.4466102664045,516.6258207957542,617.0201346345631
