xmin,ymin,xmax,ymax
233.79667464220393,444.484331853125,537.2142819289611,568.2206109054126
