xmin,ymin,xmax,ymax
74.25579742997093,339.43277679901666,539.138088577269,591.3567018864364
