xmin,ymin,xmax,ymax
30.52901545809891,98.71780674208509,150.68446993761404,202.08427585929485
