xmin,ymin,xmax,ymax
61.308042330651006,94.02799058910387,167.0000731894263,185.7287462845266
