xmin,ymin,xmax,ymax
97.45260873977622,66.071895306165,202.14502485611297,138.06823500077542
