xmin,ymin,xmax,ymax
179.32075791441093,325.46120719712246,495.12599606360345,496.1731480951037
