xmin,ymin,xmax,ymax
84.36182909349282,319.05248515554604,483.1926454769132,503.48008386586883
