xmin,ymin,xmax,ymax
60.680373107072,353.9580216246169,481.0504963472274,563.6279576464756
