xmin,ymin,xmax,ymax
293.99538555386016,342.6414597800481,617.5014799645251,561.8340840357113
