xmin,ymin,xmax,ymax
29.27063225546408,572.3245079373248,431.0264030239957,898.4471535414698
