xmin,ymin,xmax,ymax
87.84263444774228,206.12198933484677,229.82480611155552,300.55030558524027
