xmin,ymin,xmax,ymax
231.65793593193735,178.1467592449563,451.8618185125499,326.99459853501196
