xmin,ymin,xmax,ymax
92.27567465926722,101.63647826975381,159.35039009941488,12.726701493938663
