xmin,ymin,xmax,ymax
245.33374705466463,264.4069150230479,350.1581195385629,476.58156528564257
