xmin,ymin,xmax,ymax
96.32342448609461,85.68428886720164,187.56708743803722,138.14297491740123
