xmin,ymin,xmax,ymax
94.70174846883799,107.18788318646739,162.93059055050662,68.7222737401134
