xmin,ymin,xmax,ymax
96.44870284640172,60.23337108611716,187.66727932153503,112.6776341773027
