xmin,ymin,xmax,ymax
94.70174846883799,68.7222737401134,162.93059055050662,107.18788318646739
