xmin,ymin,xmax,ymax
88.94168899283613,147.8411032776055,154.42705578205346,179.4753039118727
