xmin,ymin,xmax,ymax
30.158244122636916,124.51793911072838,165.09051771272652,209.66192919519108
