xmin,ymin,xmax,ymax
39.958970190187074,138.260912281113,166.16871874667459,205.72144066314206
