xmin,ymin,xmax,ymax
80.03606757784041,143.25127633301355,166.01945676965488,211.13590810771592
