xmin,ymin,xmax,ymax
80.1061375778404,143.49126633301364,166.08952676965487,211.375898107716
