xmin,ymin,xmax,ymax
500.7812479840992,563.4319206456535,1021.2526406027167,1224.9238576757152
