xmin,ymin,xmax,ymax
373.80933581129705,547.2903666587049,629.2762595661769,343.0994316452028
