xmin,ymin,xmax,ymax
98.13022784033978,59.71390622090814,187.77827080252905,134.00399671196226
