xmin,ymin,xmax,ymax
154.60644786387707,79.27594028122888,304.74393060637067,212.65336249562228
