xmin,ymin,xmax,ymax
48.50552316494441,87.48005027479087,111.5595720552476,149.39153622943752
