xmin,ymin,xmax,ymax
397.8058256945553,426.7386673075852,505.89290910758814,500.0444322438178
