xmin,ymin,xmax,ymax
76.16871233717484,355.8492714178532,504.4671121090246,659.8509329191604
