xmin,ymin,xmax,ymax
378.79155443340824,423.3005426593106,520.4767078436689,539.2666969147547
