xmin,ymin,xmax,ymax
307.2354714459534,463.87681293612263,501.6963357209836,568.9757472530255
