xmin,ymin,xmax,ymax
326.1708294714838,481.02910094916774,502.8263995223574,547.7054583344514
