xmin,ymin,xmax,ymax
422.8521556962023,428.51455932051067,513.8995991139709,509.6936830544631
