xmin,ymin,xmax,ymax
439.1259241913085,494.89188782156975,562.0134000320979,675.2101680312682
