xmin,ymin,xmax,ymax
400.2691663143971,432.7483642106136,516.5588369825073,515.529637221813
