xmin,ymin,xmax,ymax
256.250135558593,140.05828339652334,479.9121856820584,372.4608618750946
