xmin,ymin,xmax,ymax
153.48234108352858,128.8274373687717,273.64310372849013,178.08628341773397
