xmin,ymin,xmax,ymax
100.95458662892099,135.32537685599016,189.9770527621555,79.804240628451
