xmin,ymin,xmax,ymax
100.64491482943333,129.57089313665256,162.67293719377915,71.24068665331811
