xmin,ymin,xmax,ymax
142.4137400577137,25.32364984584909,286.96703236833997,206.3095979801038
