xmin,ymin,xmax,ymax
78.80286004766094,423.4205080829499,381.1718790014429,351.0675353427633
