xmin,ymin,xmax,ymax
72.70246286906922,447.0693612541994,402.15294074751387,256.0964650235494
