xmin,ymin,xmax,ymax
257.69710795459514,410.4667146487902,386.4605486637206,351.84039143917795
