xmin,ymin,xmax,ymax
126.08701427376536,450.9531634223115,397.4997484219664,297.31087906891463
