xmin,ymin,xmax,ymax
211.27358989525692,416.4895733369807,388.9347278315415,295.11175512421323
