xmin,ymin,xmax,ymax
35.35605220445632,425.19336763673823,487.58253591376456,640.2633500958366
