xmin,ymin,xmax,ymax
35.35605220445632,640.2633500958366,487.58253591376456,425.19336763673823
