xmin,ymin,xmax,ymax
69.24698912122507,159.80910797389174,166.45205055520591,181.60820958501893
