xmin,ymin,xmax,ymax
127.1251547539556,35.64425634922077,165.78089127252224,147.28976954952122
