xmin,ymin,xmax,ymax
217.4251185393723,265.1060293373108,299.7893067408795,207.7078343899049
