xmin,ymin,xmax,ymax
140.48707045928404,45.12314898463035,261.63160307436624,177.5452806015756
