xmin,ymin,xmax,ymax
300.84431992933776,359.9447045070675,364.4087569782246,171.1024920417111
