xmin,ymin,xmax,ymax
152.7456752903064,327.4580645046706,413.98921426422237,669.6047884213774
