xmin,ymin,xmax,ymax
47.33507813770416,71.87050449714457,129.09914859520723,176.32664085547572
