xmin,ymin,xmax,ymax
49.74239515086833,131.16293238455046,131.4839854449167,26.735515132374985
