xmin,ymin,xmax,ymax
63.96981360514428,16.6729956509771,139.38013099983982,119.56748932286041
