xmin,ymin,xmax,ymax
91.0716339215985,96.43846339047094,109.4532145007704,161.25459223384155
