xmin,ymin,xmax,ymax
396.1441314176009,317.8914162317797,759.8801345165164,463.5609209881051
