xmin,ymin,xmax,ymax
29.189813413910315,268.2638243107277,381.5487874281232,468.71063514436275
