xmin,ymin,xmax,ymax
190.1647958394711,350.57504394937405,316.2985428045963,199.21804654249172
