xmin,ymin,xmax,ymax
90.51943663444297,125.29136633440817,107.69294847548684,99.92432324287051
