xmin,ymin,xmax,ymax
241.97167301281866,273.2056398400841,306.0297161380737,328.77633431506183
