xmin,ymin,xmax,ymax
151.74055762417856,273.90549712441486,291.9913901064833,360.5120929464119
