xmin,ymin,xmax,ymax
139.20300801627258,336.4236813734565,275.16334632568186,184.03247831496265
