xmin,ymin,xmax,ymax
192.92819558781747,328.65559612080574,296.73131773612505,196.42204516573042
