xmin,ymin,xmax,ymax
186.06725929373928,348.63555163118394,323.1827857085028,194.93152021082915
