xmin,ymin,xmax,ymax
202.52802429502913,382.22485903414554,298.88348705811427,209.2820959900091
