xmin,ymin,xmax,ymax
34.628464107099546,171.09153553027218,197.21229301861672,216.23825684933385
