xmin,ymin,xmax,ymax
60.1921085699862,82.63344503352661,101.02902895903571,110.04960039759477
