xmin,ymin,xmax,ymax
25.567793157530332,82.88622166129215,100.89812768284037,120.97283218516719
