xmin,ymin,xmax,ymax
218.14168301610312,185.23347884698643,300.5720767861417,242.6778113234828
