xmin,ymin,xmax,ymax
161.2673619515258,135.2305483739575,287.8865955460494,178.69663161109128
