xmin,ymin,xmax,ymax
188.9897901101399,176.6165856211643,350.5850115825681,269.1516075560171
