xmin,ymin,xmax,ymax
153.43081883773925,59.015858387309066,258.5758568304261,169.23192643779677
