xmin,ymin,xmax,ymax
153.07942773195998,150.7377636816975,258.19473836148586,260.92267065084764
