xmin,ymin,xmax,ymax
147.21180820686766,89.1110967325527,218.93135888154063,170.42337317844
