xmin,ymin,xmax,ymax
146.86217538460858,230.8359410483539,218.5614489908686,149.54665379546623
