xmin,ymin,xmax,ymax
146.86217538460858,149.54665379546623,218.5614489908686,230.8359410483539
