xmin,ymin,xmax,ymax
373.93537796276496,345.4255036678521,745.1899869227491,571.3424725285644
