xmin,ymin,xmax,ymax
372.7953546790759,435.9892297519065,743.9767951114779,210.1167856231932
