xmin,ymin,xmax,ymax
60.423385248694444,278.0863159562752,184.3886823720187,165.80517510886727
