xmin,ymin,xmax,ymax
66.08390040412627,293.39174348305403,196.48856741493609,174.02118417791775
