xmin,ymin,xmax,ymax
94.41139398876521,263.6344276666901,186.83690210220212,170.71163338510752
