xmin,ymin,xmax,ymax
88.71816814203851,244.8537584878738,180.57342036257373,166.57668445194378
