xmin,ymin,xmax,ymax
71.86428826843525,284.03498187969944,193.67081146691294,179.10569177830257
