xmin,ymin,xmax,ymax
98.29497553202282,117.35323472684172,135.64702328029512,77.20562568972207
