xmin,ymin,xmax,ymax
219.79071164508335,384.01618825224637,282.2590862800787,220.12210753552472
