xmin,ymin,xmax,ymax
211.28905064414843,410.147275821628,291.81573951724107,216.4397797850056
