xmin,ymin,xmax,ymax
208.90533627331087,407.8291206120507,284.96995875993065,217.37769118334063
