xmin,ymin,xmax,ymax
164.955873394641,178.41269280300708,263.3594785557407,43.8657740115878
