xmin,ymin,xmax,ymax
174.8244450741331,180.1379015807874,292.67939762273136,145.879582100506
