xmin,ymin,xmax,ymax
372.88405186784985,200.44896406847863,773.7065621441182,475.05127789677067
