xmin,ymin,xmax,ymax
60.303230229997666,88.16276413071856,101.15138138470797,115.58645934875415
