xmin,ymin,xmax,ymax
114.97187889103839,356.7717688562608,273.7277693785328,190.66260990684657
