xmin,ymin,xmax,ymax
282.86118003124307,92.74541991650926,523.5571885177728,369.00574342442576
