xmin,ymin,xmax,ymax
250.51586337234767,93.76933687965648,419.8745810738503,331.8534205285006
