xmin,ymin,xmax,ymax
369.8603429483992,237.7579366606238,516.1060023550185,416.1094674900473
