xmin,ymin,xmax,ymax
366.88147097521824,246.38769520986008,530.2976267720144,420.05560070256666
