xmin,ymin,xmax,ymax
98.72627368715325,106.85181118893894,169.12636324894856,57.48314232397939
