xmin,ymin,xmax,ymax
93.02219415627792,121.98785083940754,201.68284715337086,50.520553433847454
