xmin,ymin,xmax,ymax
94.38958347385915,103.59417869734892,158.63492879197315,56.52516542576274
