xmin,ymin,xmax,ymax
89.22146569319716,99.79095055776992,112.32418177574056,179.90222677122517
