xmin,ymin,xmax,ymax
38.45995448573785,234.86600907711207,215.2726103272165,144.07173389890366
