xmin,ymin,xmax,ymax
122.26274938423717,152.7992823267381,227.16032050331228,238.0405142079624
