xmin,ymin,xmax,ymax
133.91533973666333,54.29340125715494,243.54055864435054,161.67287929877858
