xmin,ymin,xmax,ymax
15.536294058528483,77.42266715544952,109.2480633888033,159.09650473387285
