xmin,ymin,xmax,ymax
498.8112781778748,559.4404216246168,758.7287309685935,460.7553357103923
