xmin,ymin,xmax,ymax
498.2990386459953,676.9289408004017,988.8113738195482,435.90285023535296
