xmin,ymin,xmax,ymax
518.4013473900482,579.5529033460869,959.845673375188,418.85557682323565
