xmin,ymin,xmax,ymax
42.352287275831486,147.97294795782423,304.012536999561,326.39759866951124
