xmin,ymin,xmax,ymax
89.3990124609702,38.50663881681169,162.43920237957832,108.24027323164364
