xmin,ymin,xmax,ymax
108.26575574225376,233.3936620196423,184.60592751473473,141.44657393390008
