xmin,ymin,xmax,ymax
127.7846523836613,247.92420428502066,220.08485428863173,132.16823930409674
