xmin,ymin,xmax,ymax
91.4329274757306,108.7026486528315,186.74269809324642,28.510535253029843
