xmin,ymin,xmax,ymax
456.0748908477226,505.15281739777487,639.9205172625482,221.80440769525848
