xmin,ymin,xmax,ymax
453.6511680007709,504.62979804931314,573.5510922333851,334.53431981190323
