xmin,ymin,xmax,ymax
441.67550008777664,460.9037612450576,714.7605135766368,875.9789912888648
