xmin,ymin,xmax,ymax
457.9582148870054,508.425515657576,637.0579580767787,319.98229756917385
