xmin,ymin,xmax,ymax
460.1301496299059,291.0170518804563,658.027578861545,507.03696330188114
