xmin,ymin,xmax,ymax
426.2400062825591,507.103070473635,674.0190891033938,78.68930278097221
