xmin,ymin,xmax,ymax
480.04993239811415,615.8177284294015,639.1057086085625,370.69408700016555
