xmin,ymin,xmax,ymax
438.72452005052935,469.67858895370716,720.6015499869799,939.4605826259519
