xmin,ymin,xmax,ymax
443.16560670578974,509.9798839052881,716.2869401970938,94.8494493184815
