xmin,ymin,xmax,ymax
444.6997694859681,348.5980219219006,602.0873767048342,523.469660013498
