xmin,ymin,xmax,ymax
426.1197273969706,167.0187207062633,661.6327543692692,507.31500506143476
