xmin,ymin,xmax,ymax
452.15966700024285,466.25313564019984,572.0436467971534,636.3259943769419
