xmin,ymin,xmax,ymax
426.1197273969706,507.31500506143476,661.6327543692692,167.0187207062633
