xmin,ymin,xmax,ymax
424.6318875604285,463.5682857101267,660.1135957279824,803.8193170573347
