xmin,ymin,xmax,ymax
457.9582148870054,319.98229756917385,637.0579580767787,508.425515657576
