xmin,ymin,xmax,ymax
94.19856539860666,132.2295167913452,161.6701240981081,228.44265575525037
