xmin,ymin,xmax,ymax
47.24594448666858,472.67810460161974,412.19051826203076,374.5745942937156
