xmin,ymin,xmax,ymax
48.61150341381608,354.74881272250474,413.66427434479056,452.881408325913
