xmin,ymin,xmax,ymax
34.86585159733386,370.10828605356437,414.71885432598083,493.7027407473139
