xmin,ymin,xmax,ymax
105.2397542654794,384.1178425850063,419.30981192757395,502.64825562402103
