xmin,ymin,xmax,ymax
36.22774012921309,333.71794328553233,416.19335999865166,457.3490407174078
