xmin,ymin,xmax,ymax
47.24594448666858,374.5745942937156,412.19051826203076,472.67810460161974
