xmin,ymin,xmax,ymax
27.715898588623986,501.9603757976584,412.8893139656484,378.2742904019823
