xmin,ymin,xmax,ymax
57.47588605225292,340.7253612436479,368.7104793143051,521.9234172887891
