xmin,ymin,xmax,ymax
90.51943663444297,99.92432324287051,107.69294847548684,125.29136633440817
