xmin,ymin,xmax,ymax
222.44205558624753,272.52895608573397,436.25344019410227,143.38426535322458
