xmin,ymin,xmax,ymax
146.21154930475427,212.4936406748102,274.3369853657475,410.74699303433067
