xmin,ymin,xmax,ymax
158.60407145107274,199.49253420727229,215.86579239870753,360.6344168883138
