xmin,ymin,xmax,ymax
62.795469188125026,69.14459872668493,157.87032960671803,157.04587099354399
