xmin,ymin,xmax,ymax
237.5589164128677,294.12354533612086,354.68367930516877,422.14367767437557
