xmin,ymin,xmax,ymax
267.99941477840605,283.7684256697123,415.4967935124415,444.03146164471514
