xmin,ymin,xmax,ymax
85.22593018317434,29.072021855194293,136.95156129494194,107.59002095533799
