xmin,ymin,xmax,ymax
247.93610372493978,243.79160312888098,415.01083747736925,437.4934583912532
