xmin,ymin,xmax,ymax
143.7265670613151,154.45740796389993,245.40570663056934,291.7322888567624
