xmin,ymin,xmax,ymax
392.5934359103476,454.2500461233517,486.367029318533,549.794131433768
