xmin,ymin,xmax,ymax
262.97450288554455,434.86342722850713,488.80796597406174,628.5581081534526
