xmin,ymin,xmax,ymax
60.11417909404122,422.5976654513171,478.3762737359157,711.869538002113
