xmin,ymin,xmax,ymax
252.45500216820824,442.73470293076196,496.586960112875,658.6824769599319
