xmin,ymin,xmax,ymax
313.0588013721224,479.7202911034729,431.6767881739095,429.0579741460633
