xmin,ymin,xmax,ymax
305.586387517895,504.51137386687657,433.6445643791276,383.56918860005885
