xmin,ymin,xmax,ymax
159.5264073538342,559.282417401131,337.72482964799406,281.14039775586934
