xmin,ymin,xmax,ymax
161.2804615089242,32.54604622151135,339.44871039267946,310.6409695277514
