xmin,ymin,xmax,ymax
155.42726158350206,130.32065337464635,253.07218796645247,198.83886741473864
