xmin,ymin,xmax,ymax
159.55397158350206,107.21664937464635,257.1988979664525,175.73486341473864
