xmin,ymin,xmax,ymax
158.16615218961078,130.68418167480056,296.0764556117981,205.88834714419542
