xmin,ymin,xmax,ymax
159.32863158350233,106.78000337464627,256.97355796645274,175.29821741473862
