xmin,ymin,xmax,ymax
159.37037158350245,106.85397837464632,257.0152979664531,175.3721924147386
