xmin,ymin,xmax,ymax
158.96217158350237,106.69589737464631,256.6070979664528,175.21411141473865
