xmin,ymin,xmax,ymax
283.34964625887426,381.5450728990365,478.8161826261269,259.7241562973304
