xmin,ymin,xmax,ymax
33.75375086471513,186.95242473888717,288.3379234328738,395.59107319403716
