xmin,ymin,xmax,ymax
495.70940698700883,461.20133443947975,588.738561958103,554.7854153115741
