xmin,ymin,xmax,ymax
498.34306637467034,446.2953770689621,758.311585441377,544.9998517536563
