xmin,ymin,xmax,ymax
190.97273145251643,251.99496927348713,348.04831698065345,121.56126410529355
