xmin,ymin,xmax,ymax
234.2939869490951,27.3835412508044,395.2353232680626,301.64064794067116
