xmin,ymin,xmax,ymax
89.16078056021865,124.54936711641852,154.36224547241613,49.31472698248837
