xmin,ymin,xmax,ymax
348.8185705081951,228.42212958923398,664.0008906397675,461.1213518869595
