xmin,ymin,xmax,ymax
108.24784026820123,30.786545874119838,220.61247624952045,162.34027008133683
