xmin,ymin,xmax,ymax
123.18470878324081,89.21069555465762,165.22086634251514,152.97946173704912
