xmin,ymin,xmax,ymax
166.45966579482206,216.27971058050534,225.2085893064409,277.18202006713125
