xmin,ymin,xmax,ymax
158.30208081318915,154.02834502990183,196.28152727667884,236.18934568293795
