xmin,ymin,xmax,ymax
165.51413868393774,152.0803212248029,224.22909919156882,91.21321962380819
