xmin,ymin,xmax,ymax
180.11257250715607,167.5652557964856,233.62095088314368,294.7904375882337
