xmin,ymin,xmax,ymax
157.3612696370776,214.2956989946939,195.31876002010495,132.18219596758888
