xmin,ymin,xmax,ymax
100.17591540643957,119.32609196044137,155.64677872248762,90.35527230805644
