xmin,ymin,xmax,ymax
181.06654391676557,73.4870451663858,234.6058736082689,200.78581892377892
