xmin,ymin,xmax,ymax
175.998771990882,103.55602747625477,340.1108757823065,245.3638619104641
