xmin,ymin,xmax,ymax
184.416541396316,221.7036839089078,287.77505380303387,128.18415610857107
