xmin,ymin,xmax,ymax
154.58658853963448,175.94989212681418,230.45740295553173,61.736815656827616
