xmin,ymin,xmax,ymax
210.14543297893533,339.2827030133848,285.83311416541346,215.2210221647074
