xmin,ymin,xmax,ymax
29.354254532095183,119.9872361196096,286.5363638710378,438.5701741057891
