xmin,ymin,xmax,ymax
395.38545298993404,324.6995918557951,759.2638614342845,470.4261273046213
