xmin,ymin,xmax,ymax
179.8719937070437,170.13956312242135,344.8471233288231,344.0912662972821
