xmin,ymin,xmax,ymax
161.6865370397822,218.14048463326617,270.22736491498034,363.77916693264524
