xmin,ymin,xmax,ymax
170.51618531495848,223.8561170041196,253.83603582873621,121.88128247189684
