xmin,ymin,xmax,ymax
166.6939296870582,188.9519708517862,249.96805952811957,290.87084803403536
