xmin,ymin,xmax,ymax
168.1096304929585,237.48742517236337,314.1367758181921,87.74563324018982
