xmin,ymin,xmax,ymax
165.5060434181757,194.6515776155486,274.1064643467881,48.93293412605021
