xmin,ymin,xmax,ymax
170.51618531495848,121.88128247189684,253.83603582873621,223.8561170041196
