xmin,ymin,xmax,ymax
181.69696954494106,30.651790631533004,362.62029125920395,224.48677457525537
