xmin,ymin,xmax,ymax
183.7014845946007,68.63164416960694,348.7671918534226,242.67885346268827
