xmin,ymin,xmax,ymax
168.96005178243547,205.14591098349058,286.4330392865314,368.3155128329088
