xmin,ymin,xmax,ymax
168.77178753659246,22.31311057429457,286.23455206636936,185.46851274526043
