xmin,ymin,xmax,ymax
176.0701635905291,67.72213663695402,307.68244183448724,229.84399650858558
