xmin,ymin,xmax,ymax
110.1176615470548,254.86781299014103,377.70160912932874,453.9623601443254
