xmin,ymin,xmax,ymax
190.69069509178547,304.4782526622371,382.12344210156584,424.9652734909546
