xmin,ymin,xmax,ymax
87.2809372915594,131.4025765709739,429.9606384747891,422.12499609089116
