xmin,ymin,xmax,ymax
108.32099315498384,201.69262424071292,218.08640378326618,230.97865888549757
