xmin,ymin,xmax,ymax
100.0,84.01415962918713,137.07168165265193,115.98584037081281
