xmin,ymin,xmax,ymax
93.59308940276514,127.06019644528726,134.71387672541255,90.49247232661855
