xmin,ymin,xmax,ymax
166.6396117490649,113.83667696806629,245.03592802513708,182.73409494880343
