xmin,ymin,xmax,ymax
233.23487017955358,396.86883699564703,391.21422294452987,226.04257735912586
