xmin,ymin,xmax,ymax
235.0563666766286,91.3335231516038,393.18340198230817,262.3194748972544
