xmin,ymin,xmax,ymax
229.0520675372179,226.99934034942873,386.50135178870164,386.92058893729467
