xmin,ymin,xmax,ymax
233.10723874556334,418.3447185288146,397.75922982969473,237.51339068909067
