xmin,ymin,xmax,ymax
144.30851033116187,202.6315265462813,553.4683387137038,549.2250864678856
