xmin,ymin,xmax,ymax
147.064518411723,75.08081717201782,261.7951025198169,165.32452126664117
