xmin,ymin,xmax,ymax
146.29574573295173,141.90254642234407,260.9353226281506,232.0746669191426
