xmin,ymin,xmax,ymax
85.10494372675296,29.330252418312284,165.772508436989,115.55661909963283
