xmin,ymin,xmax,ymax
196.95052384946962,85.70188573547603,300.73685701464456,217.91404940652137
