xmin,ymin,xmax,ymax
173.03796723874504,189.51042015035887,307.78547017540086,321.1125819796828
