xmin,ymin,xmax,ymax
208.13261351145485,198.19594372705774,274.31011373665,354.7248234065762
