xmin,ymin,xmax,ymax
206.11654649103096,311.0570827107606,288.7874361100629,193.3098926272521
