xmin,ymin,xmax,ymax
208.13261351145485,354.7248234065762,274.31011373665,198.19594372705774
