xmin,ymin,xmax,ymax
156.17087509206453,361.84689447019423,271.2657621804856,203.84748680974553
