xmin,ymin,xmax,ymax
192.92819558781747,196.42204516573042,296.73131773612505,328.65559612080574
