xmin,ymin,xmax,ymax
172.54797723874503,321.29263197968294,307.2954801754009,189.69047015035903
