xmin,ymin,xmax,ymax
206.54879989276418,32.14128704564769,302.88867824754266,205.05607855028143
