xmin,ymin,xmax,ymax
163.8221848097145,186.8656776684095,276.52307973150573,316.62470198685014
