xmin,ymin,xmax,ymax
34.73034584619859,107.95244839808817,174.8326834341817,240.20610946430367
