xmin,ymin,xmax,ymax
34.73034584619859,240.20610946430367,174.8326834341817,107.95244839808817
