xmin,ymin,xmax,ymax
133.70026745776408,238.67298953335273,243.45792190478528,131.1637889768776
