xmin,ymin,xmax,ymax
256.58952339615007,368.6895108210589,480.1644088957835,136.37750328789144
