xmin,ymin,xmax,ymax
1.2609020487425369,445.7722188527549,358.5748691267388,339.2740509846743
