xmin,ymin,xmax,ymax
161.88915370823997,220.9141623548198,275.3640699764776,84.42228292153865
