xmin,ymin,xmax,ymax
167.1714399492423,65.43120998720164,280.9947504978845,211.1042175511674
