xmin,ymin,xmax,ymax
119.19777898163602,-14.330923975931512,227.21844143233147,135.27275404239523
