xmin,ymin,xmax,ymax
160.90995612595634,141.29410031602254,274.4530610821205,277.8679996571148
