xmin,ymin,xmax,ymax
97.63162430053058,82.66042221802172,199.2631797297422,130.5742310218423
