xmin,ymin,xmax,ymax
38.539729198411806,175.18062800481343,214.6095621288964,250.16316141352866
