xmin,ymin,xmax,ymax
45.440568698001925,188.24166862699371,222.23212824372717,245.70508957299228
