xmin,ymin,xmax,ymax
52.08398218476373,182.00673532789259,204.21210921985494,241.1683534956751
