xmin,ymin,xmax,ymax
0.010543601646986644,141.8886355352218,100.57221328619994,91.54999075699516
