xmin,ymin,xmax,ymax
396.1441314176009,463.5609209881051,759.8801345165164,317.8914162317797
