xmin,ymin,xmax,ymax
163.68050585118024,299.1197737098273,309.72365395593954,160.46305305786174
