xmin,ymin,xmax,ymax
124.58287132877581,144.29831828627414,163.2192035348686,255.887787943764
