xmin,ymin,xmax,ymax
136.83272851564357,99.88664801684888,249.8360623487556,157.42581361441643
