xmin,ymin,xmax,ymax
236.2066308442843,33.32238224206873,352.7933691557157,294.49999999999994
