xmin,ymin,xmax,ymax
210.08288378944383,247.8151301520926,357.2827140772054,48.5958323010027
