xmin,ymin,xmax,ymax
241.64525057635205,234.78948524972583,359.3644645823159,384.5633417187957
