xmin,ymin,xmax,ymax
217.8730677181511,249.4460354454265,303.7138965679891,340.44872351916086
