xmin,ymin,xmax,ymax
438.33726520862,257.43253462274106,880.3572859428361,513.1834506359525
