xmin,ymin,xmax,ymax
316.80406474254255,299.5418898521807,459.50592075565874,445.4342671956488
