xmin,ymin,xmax,ymax
298.90903042830837,299.6937591271314,553.2032111607598,598.8769328144822
