xmin,ymin,xmax,ymax
149.34283717224776,119.45359521084931,229.31722477209303,178.9086887775247
