xmin,ymin,xmax,ymax
209.34236023098106,295.20532410952313,377.61595349441563,178.98570137216655
