xmin,ymin,xmax,ymax
214.75403370394156,282.417556772113,324.9868263077883,191.27875126798
