xmin,ymin,xmax,ymax
180.46546666678,338.4234517790573,392.51822265602436,157.74924362119555
