xmin,ymin,xmax,ymax
173.57753402332241,346.8767162066986,381.2910745106558,163.18502177920595
