xmin,ymin,xmax,ymax
312.68636076147936,258.7121986441797,593.3438467539161,354.9598300090321
