xmin,ymin,xmax,ymax
94.63676606806507,71.12283987177855,135.768862224038,107.70062066309569
