xmin,ymin,xmax,ymax
49.77223225874272,144.74751476658048,159.62045674352157,167.25141775787932
