xmin,ymin,xmax,ymax
204.10542744030215,519.6918427277279,421.3750453969461,247.9229239857549
