xmin,ymin,xmax,ymax
17.09151079790695,101.42604416252834,77.00666666666666,152.2528447263603
