xmin,ymin,xmax,ymax
112.94155992852997,51.05971632517981,159.85814716419537,157.13965025671928
