xmin,ymin,xmax,ymax
113.58195557556867,50.050426310873036,185.0815122232717,122.80321416285938
