xmin,ymin,xmax,ymax
110.10398942290902,156.57354652571394,181.6699884643734,229.39394136163628
