xmin,ymin,xmax,ymax
130.5176388292757,106.79679412329597,236.4247690269642,169.2681327914766
