xmin,ymin,xmax,ymax
140.41048704494006,142.00459481514315,193.01535907133052,185.51277597074795
