xmin,ymin,xmax,ymax
211.48230723174822,319.5107018129461,318.7567306660495,218.80449666058132
