xmin,ymin,xmax,ymax
242.292904105199,259.4448336734266,406.6137522261839,68.59434630911653
