xmin,ymin,xmax,ymax
216.80612537450043,247.24842758735326,302.64774038859935,156.24490607500968
