xmin,ymin,xmax,ymax
235.06640775386393,259.44128738422364,316.15515600502647,164.23700824608977
