xmin,ymin,xmax,ymax
223.63448195067895,189.3091682830079,437.58491076720225,318.5378434177492
