xmin,ymin,xmax,ymax
282.20439918266356,397.2976205720737,428.51030044629965,768.4336967064024
