xmin,ymin,xmax,ymax
282.20439918266356,768.4336967064024,428.51030044629965,397.2976205720737
