xmin,ymin,xmax,ymax
287.1995280181193,468.40569954238316,389.45822652861784,290.51021823342285
