xmin,ymin,xmax,ymax
254.21405470247828,311.69437051393794,418.92510471025025,608.6208267917335
