xmin,ymin,xmax,ymax
287.1995280181193,290.51021823342285,389.45822652861784,468.40569954238316
