xmin,ymin,xmax,ymax
209.55161394498168,139.940922375384,380.0834270060359,371.5140534035052
