xmin,ymin,xmax,ymax
169.36474054786686,239.8851730150364,346.55049858944517,386.181790174264
