xmin,ymin,xmax,ymax
153.33461518496802,361.08173535175996,379.0495974016669,91.41221914791066
