xmin,ymin,xmax,ymax
163.3778634162129,370.75131123909335,385.3937000091091,97.3804125518501
