xmin,ymin,xmax,ymax
93.04287629027385,169.8720773887443,179.35297633748837,88.02023862916138
