xmin,ymin,xmax,ymax
203.5289071370887,167.56367570821484,347.3321797163517,226.56783418347814
