xmin,ymin,xmax,ymax
204.22704206429535,180.83297753257247,338.764028194867,239.03430242885477
