xmin,ymin,xmax,ymax
193.35033945958753,144.88893580496253,311.8211392216808,253.23488315656655
