xmin,ymin,xmax,ymax
210.73151461240468,169.75253604967736,327.9359314195626,232.87116194237885
