xmin,ymin,xmax,ymax
221.85942534084006,146.68086934800223,384.1629826883643,229.09457260690849
