xmin,ymin,xmax,ymax
205.27657584194208,173.70655771279286,381.9992267416685,236.93678328083263
