xmin,ymin,xmax,ymax
268.2914970126915,240.78501592274984,410.919823495281,478.9117068267976
