xmin,ymin,xmax,ymax
302.67518893725014,317.3431097273806,542.6704708974403,525.3743236303679
