xmin,ymin,xmax,ymax
307.1045864099499,281.3512947061262,517.359725788993,441.4818692292498
