xmin,ymin,xmax,ymax
282.168330401792,311.20893090589584,500.47697559207245,503.5001668182234
