xmin,ymin,xmax,ymax
256.03315944123256,372.771511305628,331.9603265615078,323.41605485424293
