xmin,ymin,xmax,ymax
224.62893754087577,378.76395984869316,323.7385589122616,317.68610432760477
