xmin,ymin,xmax,ymax
201.11026297992998,395.76300759959855,329.280960041988,319.8537419767176
