xmin,ymin,xmax,ymax
254.62889370242783,379.3026059343565,334.34581244114133,328.49197312400497
