xmin,ymin,xmax,ymax
57.373709866668605,451.6209531036252,351.04780494743864,310.43225149598317
