xmin,ymin,xmax,ymax
174.25582114564668,410.29838238583,335.1539223326308,317.388464328846
