xmin,ymin,xmax,ymax
235.3563080966121,374.08090695884306,327.95738606974555,312.65058344149486
