xmin,ymin,xmax,ymax
225.55604979278496,378.86977067199444,342.55221280526143,318.0252684196606
