xmin,ymin,xmax,ymax
203.44827552762104,386.35747296159883,332.39017725429267,305.0109809871482
