xmin,ymin,xmax,ymax
198.61716519488868,388.044588208954,333.50089458459024,317.4872598858054
