xmin,ymin,xmax,ymax
204.46319706312602,381.0796699758084,324.57562938932574,314.5816184609149
