xmin,ymin,xmax,ymax
99.03624370661805,425.9213563724398,322.56617807545354,317.8827544014431
