xmin,ymin,xmax,ymax
211.73306661179868,390.8017471972334,326.2741175295107,317.9029522610815
