xmin,ymin,xmax,ymax
107.9644158660733,440.49651470747114,348.617313517296,317.06128186363327
