xmin,ymin,xmax,ymax
284.6918599775263,368.2153650896012,342.46765759203777,331.00055309144176
