xmin,ymin,xmax,ymax
95.11046302649447,52.988676372079624,176.221657588811,109.41494687374927
