xmin,ymin,xmax,ymax
253.67373629436457,302.23034228849906,417.0549916843997,578.6074468560071
