xmin,ymin,xmax,ymax
267.703292179657,292.04420383095635,411.24677250464475,506.5208391735339
