xmin,ymin,xmax,ymax
274.4995754873109,264.7082908032005,428.98970357738386,498.6112724897748
