xmin,ymin,xmax,ymax
470.9798218136664,411.6603373966041,916.2501390743089,548.0352154767259
