xmin,ymin,xmax,ymax
138.89539118273092,259.0387024699095,221.6366088453667,143.92721185436255
