xmin,ymin,xmax,ymax
124.07780665852988,258.3317545721139,196.69128031359355,148.7127860327853
