xmin,ymin,xmax,ymax
139.88443328793983,252.65493412737368,217.94752564018086,143.40484234552832
