xmin,ymin,xmax,ymax
193.1565684970592,344.2263904184297,261.532485576045,207.94306342369782
