xmin,ymin,xmax,ymax
31.25076767237134,147.126929321256,155.44299408551586,170.23321649956574
