xmin,ymin,xmax,ymax
50.20477819399316,146.86923166613138,160.05265744736056,169.37306393207956
