xmin,ymin,xmax,ymax
31.68337181695008,166.993656855437,155.8752079183001,143.88744229565322
