xmin,ymin,xmax,ymax
281.8273127664479,708.0383720743243,557.1481687863122,354.94826552327356
