xmin,ymin,xmax,ymax
302.45128377382525,725.0713014545875,600.8555863242145,339.75494108541216
