xmin,ymin,xmax,ymax
371.2676348254006,474.6728195282899,554.3522855831325,324.2011813703787
