xmin,ymin,xmax,ymax
214.592460600732,147.5203715648496,413.2375833127355,267.3018133379457
