xmin,ymin,xmax,ymax
214.592460600732,267.3018133379457,413.2375833127355,147.5203715648496
