xmin,ymin,xmax,ymax
85.91799238591534,95.18170193127418,137.65784882212301,173.7212946589404
