xmin,ymin,xmax,ymax
85.61160654194296,217.39677490916284,234.02611547119574,248.41624500490695
