xmin,ymin,xmax,ymax
34.782119004888266,262.1827698921606,236.91620077609636,211.85019764537134
