xmin,ymin,xmax,ymax
34.782119004888266,211.85019764537134,236.91620077609636,262.1827698921606
