xmin,ymin,xmax,ymax
143.3013627039386,211.36047900531423,230.9008612246674,245.82599088047465
