xmin,ymin,xmax,ymax
144.26197416386023,255.85373871915647,231.91597756943082,221.36678221488864
