xmin,ymin,xmax,ymax
82.08423804272559,243.69855543638124,239.80586579550652,206.12859125018713
