xmin,ymin,xmax,ymax
124.71632927975435,228.70739903749978,237.14049362196096,251.45118943692466
