xmin,ymin,xmax,ymax
49.24391132916803,217.19486609831858,230.59990019297572,252.73899758731102
