xmin,ymin,xmax,ymax
50.14599973082712,250.0157214387424,231.61482927814689,214.4494741976472
