xmin,ymin,xmax,ymax
124.12608028444629,66.41033727051376,239.75811102785292,159.85614867759534
