xmin,ymin,xmax,ymax
122.3168607158077,201.7060367759509,237.81270738139187,108.37027992357218
