xmin,ymin,xmax,ymax
234.42626813174616,321.1870649959431,434.9118913051684,137.69502333910924
