xmin,ymin,xmax,ymax
361.347853668389,293.66255435925405,629.4305983817626,436.17628434627466
