xmin,ymin,xmax,ymax
350.6284051490677,315.4373063023613,612.9469749679695,452.46425324232393
