xmin,ymin,xmax,ymax
340.9569683185307,317.70598995102455,592.0008413578312,480.15674566803693
