xmin,ymin,xmax,ymax
435.8271482664993,416.4375188759692,705.7672459594487,588.7601443271586
