xmin,ymin,xmax,ymax
438.5977037747116,420.60395191540897,831.8426095525515,600.9804747369337
