xmin,ymin,xmax,ymax
438.06657882140075,421.5277925457625,770.4708331084228,614.1312960695223
