xmin,ymin,xmax,ymax
100.17591540643957,90.35527230805644,155.64677872248762,119.32609196044137
