xmin,ymin,xmax,ymax
72.82395560977852,89.0757878952582,127.00142062995587,144.54253167298333
