xmin,ymin,xmax,ymax
60.61657071892796,87.59748255780357,169.80763083009924,197.33044324327898
