xmin,ymin,xmax,ymax
19.54263171795492,73.81215345495502,105.86145257643648,137.99376297198
