xmin,ymin,xmax,ymax
58.415557356205454,42.806372729691475,146.29572497727315,114.93568381332182
