xmin,ymin,xmax,ymax
20.679941883229276,127.63553753080157,106.97503029797042,63.47157406618885
