xmin,ymin,xmax,ymax
60.61657071892796,197.33044324327898,169.80763083009924,87.59748255780357
