xmin,ymin,xmax,ymax
87.37575859142146,242.20648899611137,158.57916175881803,130.8490366115027
