xmin,ymin,xmax,ymax
77.68198454533461,246.83006798291376,152.9490887756878,133.73237963563952
