xmin,ymin,xmax,ymax
157.68638035711322,178.17728791102218,204.96293400819147,32.596801900094306
