xmin,ymin,xmax,ymax
157.68638035711322,32.596801900094306,204.96293400819147,178.17728791102218
