xmin,ymin,xmax,ymax
151.07858368666848,246.7856115143639,290.14956156784206,138.1743984584334
