xmin,ymin,xmax,ymax
485.93116893132265,421.71098137910445,595.7121577699493,158.27822066233273
