xmin,ymin,xmax,ymax
318.6165095981669,-45.52363059496366,604.179281978001,438.50419870567447
