xmin,ymin,xmax,ymax
77.24054685198189,209.00065692138492,537.1156227279193,630.4477247150561
