xmin,ymin,xmax,ymax
316.73997651139894,621.6294237615404,602.2859415288681,1105.62876464594
