xmin,ymin,xmax,ymax
518.9651269029723,252.42234809279097,595.0909288931666,421.15412873170163
