xmin,ymin,xmax,ymax
79.10298289591378,429.68537870304675,539.0051272231335,851.1572530583712
