xmin,ymin,xmax,ymax
484.04478820900704,638.421652690055,593.8193156701761,901.8389085501144
