xmin,ymin,xmax,ymax
485.93116893132265,158.27822066233273,595.7121577699493,421.71098137910445
