xmin,ymin,xmax,ymax
175.82991688923585,510.4642846687702,484.3751070874564,797.2119539584621
