xmin,ymin,xmax,ymax
175.82991688923585,797.2119539584621,484.3751070874564,510.4642846687702
