xmin,ymin,xmax,ymax
100.49486532610399,72.90505345951567,166.47943203450154,112.7401357010379
