xmin,ymin,xmax,ymax
188.762806221167,29.226221976661655,342.3387076846782,247.88746880958206
