xmin,ymin,xmax,ymax
364.34660025381413,470.54092474703697,461.8700381755352,372.02709016965866
