xmin,ymin,xmax,ymax
208.18646452452663,525.9593720320163,458.44885600720613,357.9837686572197
