xmin,ymin,xmax,ymax
127.1251547539556,147.28976954952122,165.78089127252224,35.64425634922077
