xmin,ymin,xmax,ymax
95.27238561858667,95.44270404433553,147.19647014443103,146.1867089316936
