xmin,ymin,xmax,ymax
147.76995217057743,153.64798179570042,282.4921562337461,208.45286902074722
