xmin,ymin,xmax,ymax
49.91963664705645,349.80595402194274,417.5038412595054,474.09386677013197
