xmin,ymin,xmax,ymax
50.286893366614095,342.70641705349817,417.9468879632709,484.212152314169
