xmin,ymin,xmax,ymax
90.08460212898194,359.29164256108663,412.0075839159215,475.70362901329133
