xmin,ymin,xmax,ymax
124.53873367793409,185.1343602259251,222.40943194303674,286.3122066933031
