xmin,ymin,xmax,ymax
259.5189756368158,306.5900712539141,353.8525988166537,578.4674735529188
