xmin,ymin,xmax,ymax
222.4113099455385,175.11624209475826,416.0662278294608,266.48484425323875
