xmin,ymin,xmax,ymax
227.25915613715455,307.6578918029563,396.1943937578451,32.43783943509516
