xmin,ymin,xmax,ymax
194.32456499391378,163.66530896332893,411.1530292442153,347.90694885396476
