xmin,ymin,xmax,ymax
176.0669282776346,143.80774813464296,326.52428284721327,289.3131175086576
