xmin,ymin,xmax,ymax
57.23840753187028,15.824907667218042,144.39068198157133,96.37373990229693
