xmin,ymin,xmax,ymax
91.92974723093585,50.91812586442711,159.19932106623855,110.60454708501874
