xmin,ymin,xmax,ymax
115.33426493938191,79.97774247934899,179.4421205820404,116.10570472175073
