xmin,ymin,xmax,ymax
89.64416666666648,69.2170164088904,147.81432331936958,120.06215025777618
