xmin,ymin,xmax,ymax
327.28591039055755,317.6175012714453,730.2531362613568,711.7413606633772
