xmin,ymin,xmax,ymax
327.28591039055755,711.7413606633772,730.2531362613568,317.6175012714453
