xmin,ymin,xmax,ymax
17.889155699412868,47.98044250465921,105.45582668914767,109.93831025343536
