xmin,ymin,xmax,ymax
405.21750561061026,411.48653569364916,587.4339588401162,320.90268752274244
