xmin,ymin,xmax,ymax
170.07119775299634,126.17262187006031,317.1315329470442,198.9782582889079
