xmin,ymin,xmax,ymax
170.95810798371463,145.747606148582,317.97276090605396,218.53062649722682
