xmin,ymin,xmax,ymax
170.95810798371463,218.53062649722682,317.97276090605396,145.747606148582
