xmin,ymin,xmax,ymax
200.8191188113065,252.92153704116868,292.28538411665664,385.866111877373
