xmin,ymin,xmax,ymax
139.6231187535185,66.6940275878892,272.7964857088282,258.8325789973203
