xmin,ymin,xmax,ymax
135.8132920738169,240.43778917980603,268.90732589866326,432.4618811209932
