xmin,ymin,xmax,ymax
135.8132920738169,432.4618811209932,268.90732589866326,240.43778917980603
