xmin,ymin,xmax,ymax
109.51691906788801,38.24203819735908,288.7344217821498,272.4870421831979
