xmin,ymin,xmax,ymax
204.66769340167878,113.31757109106252,296.1884788455349,246.34138996996944
