xmin,ymin,xmax,ymax
105.72502704826161,226.7914601376699,284.83576753333904,460.89692128632987
