xmin,ymin,xmax,ymax
61.95637641240462,174.56000965971273,195.12410382336145,209.6811816567496
