xmin,ymin,xmax,ymax
61.95637641240462,209.6811816567496,195.12410382336145,174.56000965971273
