xmin,ymin,xmax,ymax
33.71036237868293,172.6075785722502,196.43342904119004,217.79296380999995
