xmin,ymin,xmax,ymax
80.84294599929416,85.24712303924986,136.6211686486956,138.79600170833083
