xmin,ymin,xmax,ymax
138.72842436949873,180.60106716009193,201.74276920304897,330.9996977644149
