xmin,ymin,xmax,ymax
91.81049845612415,130.37472147711856,157.59334680152915,87.06734826370962
