xmin,ymin,xmax,ymax
16.824057399740695,44.531312959660795,110.56159887225772,126.22761206852573
