xmin,ymin,xmax,ymax
168.67240395153362,144.99581313721427,304.99452418034343,194.85569509414773
