xmin,ymin,xmax,ymax
58.53908126755982,173.54487875910343,216.85017705178478,331.0736795746093
