xmin,ymin,xmax,ymax
38.2217735008569,112.01684224486394,273.9755663856474,292.3719039053228
