xmin,ymin,xmax,ymax
116.1443888156034,250.35861296992417,195.37657717707225,131.7752823045153
