xmin,ymin,xmax,ymax
397.3120043477504,686.7216956738978,686.1346316764837,810.9869454349515
