xmin,ymin,xmax,ymax
499.67910926671084,664.7562069486203,746.4646092919504,929.0186079801181
