xmin,ymin,xmax,ymax
512.5910795394238,672.3823618501725,885.9293961537524,1086.602867428687
