xmin,ymin,xmax,ymax
576.4355776042576,659.0061998829767,789.6173313057864,937.7778130676663
