xmin,ymin,xmax,ymax
501.2852253964677,666.7788368625593,672.6884995363482,799.4688851104064
