xmin,ymin,xmax,ymax
181.3511476311553,651.0530666184222,682.8718820684749,788.3298632438505
