xmin,ymin,xmax,ymax
499.55049511832544,641.9826868836869,729.5965363024693,873.3371804501523
