xmin,ymin,xmax,ymax
65.8963748536462,269.7966293560658,240.74629912472892,216.31697294810186
