xmin,ymin,xmax,ymax
79.93009922948181,253.04893879287488,235.58444214208384,196.64652170453513
