xmin,ymin,xmax,ymax
35.29611394695985,251.92552257914232,226.68118619199345,203.22453391489208
