xmin,ymin,xmax,ymax
61.08956606829679,256.3298120083318,219.55467107604932,206.89272107390357
