xmin,ymin,xmax,ymax
79.16065139998366,100.30215285755321,112.26786855271587,196.98887104544747
