xmin,ymin,xmax,ymax
114.97187889103839,190.66260990684657,273.7277693785328,356.7717688562608
