xmin,ymin,xmax,ymax
75.02850845791323,140.029117973006,200.59389655307788,265.17018912571405
