xmin,ymin,xmax,ymax
113.41583532241157,358.04265368959193,359.4426515920477,131.35223088254574
