xmin,ymin,xmax,ymax
244.34189975261575,292.57153332902374,377.78419689528505,67.37579541300265
