xmin,ymin,xmax,ymax
226.6627330837582,436.05882951111244,348.7684514155151,320.660554064077
