xmin,ymin,xmax,ymax
91.15185541432538,424.49442796612095,347.70069115324213,254.81839242434393
