xmin,ymin,xmax,ymax
88.72932239739953,133.29057647578318,230.6365595406105,227.66905590140792
