xmin,ymin,xmax,ymax
38.45995448573785,144.07173389890366,215.2726103272165,234.86600907711207
