xmin,ymin,xmax,ymax
38.197508444110554,236.2829920173669,164.65416125751676,131.5901663960858
