xmin,ymin,xmax,ymax
159.57095696579813,189.9782253931965,220.31650639754093,346.7050936705684
