xmin,ymin,xmax,ymax
29.696285946843545,55.93747252447412,107.47492040338261,113.67740437846828
