xmin,ymin,xmax,ymax
28.07111743082396,89.37761176190884,105.87114217851808,147.1334229632618
