xmin,ymin,xmax,ymax
29.696285946843545,113.67740437846828,107.47492040338261,55.93747252447412
