xmin,ymin,xmax,ymax
60.99543048069313,140.50643369940678,402.9992291211795,417.7260345347919
