xmin,ymin,xmax,ymax
62.2043260265998,609.7640672966369,404.29273281491055,332.47588524355615
