xmin,ymin,xmax,ymax
219.20215321256933,199.68520634638372,349.59038526609515,337.5260405546993
