xmin,ymin,xmax,ymax
203.86998658108632,246.74317736880113,365.8001844283997,376.23176942185046
