xmin,ymin,xmax,ymax
286.39185567731283,145.44514939122524,400.46590336189774,362.7921601380626
