xmin,ymin,xmax,ymax
211.2029205792303,254.50579010808622,277.9651363506748,298.760525798995
