xmin,ymin,xmax,ymax
205.17214523345046,239.1378866008576,334.32451767380735,349.7493955505547
