xmin,ymin,xmax,ymax
42.53926830564819,46.38370321348424,136.52140402882134,131.85258669921626
