xmin,ymin,xmax,ymax
230.83680167585953,285.2302283505062,340.5706669585536,361.78783167963707
