xmin,ymin,xmax,ymax
385.40423854007986,353.1157202980201,622.4119763813405,467.3593388398482
