xmin,ymin,xmax,ymax
374.30383585239656,361.5344161839851,509.36706872765103,484.5459883287941
