xmin,ymin,xmax,ymax
169.75143762556945,160.33719561247057,328.2869410379567,287.42562288704886
