xmin,ymin,xmax,ymax
104.90359623804852,170.7047732104105,148.16438512744617,129.54480051445637
