xmin,ymin,xmax,ymax
55.33726821629705,229.6134768101765,157.30280157359883,141.287359182516
