xmin,ymin,xmax,ymax
61.97077686699794,226.9433573977414,157.0278436925413,139.05853616178973
