xmin,ymin,xmax,ymax
72.7546400531433,215.35956694482184,153.67436447302154,144.20031479428542
