xmin,ymin,xmax,ymax
121.24692191303222,97.7996643146862,225.5732782000117,174.7755747478759
