xmin,ymin,xmax,ymax
110.11417759711503,74.21350854021534,192.0641361947769,158.36988414588131
