xmin,ymin,xmax,ymax
118.90139033753121,78.56725266599028,232.87042448665022,163.52698259589602
