xmin,ymin,xmax,ymax
140.21703143090008,323.5191625636503,198.913315755136,179.23761436257973
