xmin,ymin,xmax,ymax
151.37784629862165,283.51103486943225,203.75599896642868,172.12230530303145
