xmin,ymin,xmax,ymax
59.73464513352053,88.5184694482466,98.52895941431899,113.13671419004356
