xmin,ymin,xmax,ymax
317.20629038224433,386.43410488591707,630.7702391658547,211.32413817401618
