xmin,ymin,xmax,ymax
162.55425195502903,122.1907039979306,229.32518965211352,162.2615420950503
