xmin,ymin,xmax,ymax
162.4131909524756,101.68762263046546,292.2461122770553,161.81740123492636
