xmin,ymin,xmax,ymax
148.85137163700938,155.1439960641561,183.26790103344842,124.64062955905968
