xmin,ymin,xmax,ymax
154.7548343020917,148.38513053870992,188.356302506269,177.04923256187936
