xmin,ymin,xmax,ymax
160.64558296231144,156.98860860848566,290.2956656729359,217.03370880268426
