xmin,ymin,xmax,ymax
151.37734644525176,184.8863605732194,292.29880931942125,84.30755191798062
