xmin,ymin,xmax,ymax
143.26680606500918,173.0524412342042,227.62179348788885,30.990423063620256
