xmin,ymin,xmax,ymax
143.26680606500918,30.990423063620256,227.62179348788885,173.0524412342042
