xmin,ymin,xmax,ymax
144.59256487474687,162.4593100372927,229.06926609637645,304.7263061044761
