xmin,ymin,xmax,ymax
142.40205597884488,43.9657185670261,243.93469652349677,181.04281418910045
