xmin,ymin,xmax,ymax
276.060173237704,202.33696575917747,531.722314468645,372.6808049687203
