xmin,ymin,xmax,ymax
268.769081501252,463.50927469102476,332.458986990674,334.4615581387677
