xmin,ymin,xmax,ymax
313.16788985158837,279.7070681232288,571.5052896856309,541.5668340077668
