xmin,ymin,xmax,ymax
236.70552986686562,-81.55597821898291,487.89989087764684,207.30203788331332
