xmin,ymin,xmax,ymax
313.16788985158837,541.5668340077668,571.5052896856309,279.7070681232288
