xmin,ymin,xmax,ymax
236.70552986686562,207.30203788331332,487.89989087764684,-81.55597821898291
