xmin,ymin,xmax,ymax
57.40947722696069,66.90841047653078,229.42139958325038,231.5380745777241
