xmin,ymin,xmax,ymax
88.1198470459882,173.23747750421944,193.9380288875383,30.283182519095817
