xmin,ymin,xmax,ymax
101.18769358838699,151.6300975126444,117.95841085264192,92.1424166091781
