xmin,ymin,xmax,ymax
83.7917778494641,65.27592859012913,131.96099065488784,128.7275024015396
