xmin,ymin,xmax,ymax
83.7917778494641,128.7275024015396,131.96099065488784,65.27592859012913
