xmin,ymin,xmax,ymax
168.73810593183111,330.3918533731466,287.3258774008491,174.0601820219938
