xmin,ymin,xmax,ymax
154.0269645704958,335.54348501591795,293.33272944110854,173.66145616799304
