xmin,ymin,xmax,ymax
168.73810593183111,174.0601820219938,287.3258774008491,330.3918533731466
