xmin,ymin,xmax,ymax
155.0041239221057,40.11507152960229,294.318707453962,202.00734821454364
