xmin,ymin,xmax,ymax
112.60060240858661,178.0379577756114,204.3317516267016,288.4509902677971
