xmin,ymin,xmax,ymax
113.4400171988375,88.20677471043655,205.19398220138305,198.64726962917132
