xmin,ymin,xmax,ymax
113.4400171988375,198.64726962917132,205.19398220138305,88.20677471043655
