xmin,ymin,xmax,ymax
76.97126358499463,207.4559284576709,210.98128676407146,45.6777684449213
