xmin,ymin,xmax,ymax
101.18769358838699,92.1424166091781,117.95841085264192,151.6300975126444
