xmin,ymin,xmax,ymax
167.11584982932288,245.95194329283459,316.889767780302,433.2220858230228
