xmin,ymin,xmax,ymax
95.85335696134712,202.9917626121762,579.8494342093418,602.7483008796045
