xmin,ymin,xmax,ymax
266.49174752011686,250.19651766899014,599.9875939862131,592.0780971952188
