xmin,ymin,xmax,ymax
80.98041953892448,83.22739999868918,161.62580555832443,169.43005965556426
