xmin,ymin,xmax,ymax
205.855817368795,207.98489216598563,343.669766919807,368.82407180794456
