xmin,ymin,xmax,ymax
227.45050552412522,133.60187794239573,482.431016941644,335.7520171247452
