xmin,ymin,xmax,ymax
223.13415270421365,169.51094369707533,430.1692788364908,330.39919369625693
