xmin,ymin,xmax,ymax
238.02174423296333,198.91820205190555,417.1431994204122,327.48886698682907
