xmin,ymin,xmax,ymax
115.28760886106762,279.0168958449078,306.68871320476694,317.28990074231035
