xmin,ymin,xmax,ymax
180.65776381869216,283.0535056774072,298.8765599552929,320.91316956470007
