xmin,ymin,xmax,ymax
108.23107650465768,284.36853992453644,299.60245971987763,320.4535200457833
