xmin,ymin,xmax,ymax
184.59629005371053,281.36645885688677,301.95649600212516,321.3167788430437
