xmin,ymin,xmax,ymax
124.10085627969443,114.1808702612397,151.48260108137106,99.68383140058677
