xmin,ymin,xmax,ymax
124.10085627969443,99.68383140058677,151.48260108137106,114.1808702612397
