xmin,ymin,xmax,ymax
123.07396652646389,156.09528902905447,150.46935717129236,170.59955256877345
