xmin,ymin,xmax,ymax
95.76846334178913,54.13849632934034,163.32792935314797,150.4769894213357
