xmin,ymin,xmax,ymax
72.15277741260002,130.89274500109775,157.0708574261787,245.12753183507488
