xmin,ymin,xmax,ymax
73.69395235016395,37.431881866215974,158.72267039087524,151.81550286416848
