xmin,ymin,xmax,ymax
450.2608199626849,427.58821179128097,847.9164784915855,724.4039139524638
