xmin,ymin,xmax,ymax
451.5880332998308,518.6234368362315,848.9685451600598,222.01310796700977
