xmin,ymin,xmax,ymax
453.4395963049678,230.50423736822108,832.9855535982905,530.5285117280945
