xmin,ymin,xmax,ymax
463.3533052056835,227.2568934002187,887.1232118413811,563.8468396022276
