xmin,ymin,xmax,ymax
414.5349598098708,581.7475111022262,886.0697413768183,254.12091892574688
