xmin,ymin,xmax,ymax
86.37488297029745,192.8478926413802,137.10644683676924,96.21993701196175
