xmin,ymin,xmax,ymax
153.96200525070572,287.0488037126265,304.2575655865155,153.53095033127045
