xmin,ymin,xmax,ymax
147.24204732814974,270.4521170335214,228.68816546786343,163.29570939148846
