xmin,ymin,xmax,ymax
147.89355784654208,95.85517092715912,229.2540127350478,202.89887379607293
