xmin,ymin,xmax,ymax
153.96200525070572,153.53095033127045,304.2575655865155,287.0488037126265
