xmin,ymin,xmax,ymax
139.55518781474257,48.6232483807332,250.33723762009163,158.15036165335908
