xmin,ymin,xmax,ymax
285.86855869965376,350.8684249101665,517.1278024880469,42.93351279914077
