xmin,ymin,xmax,ymax
156.83138054800907,125.01640219724186,283.57737677246905,173.30713996633074
