xmin,ymin,xmax,ymax
178.20462506708077,206.31861846262768,273.9344075077107,84.2053214747416
