xmin,ymin,xmax,ymax
179.04471416454373,215.93829150906038,320.42254608153667,44.449672903188684
