xmin,ymin,xmax,ymax
197.87118187626197,138.2161405213277,362.78078693109524,258.1386401481789
