xmin,ymin,xmax,ymax
84.47912627860069,27.227290385687354,131.55759041668466,100.53214122121608
