xmin,ymin,xmax,ymax
156.83138054800907,173.30713996633074,283.57737677246905,125.01640219724186
