xmin,ymin,xmax,ymax
152.24734810820564,171.48703460107038,267.5917901105083,123.27507403373261
