xmin,ymin,xmax,ymax
210.18117365699095,29.63583711522824,502.8758061453409,352.9777190475796
