xmin,ymin,xmax,ymax
26.96459271544859,121.1451477189002,102.27421596472072,83.06900870439625
