xmin,ymin,xmax,ymax
10.21165732620409,39.26788486192709,173.30978865811687,208.02475027573473
