xmin,ymin,xmax,ymax
195.231334732797,227.6965005640006,372.75642028443053,129.91930447618108
