xmin,ymin,xmax,ymax
225.08296587817222,33.231534214627914,476.6888641077255,351.0902750983125
