xmin,ymin,xmax,ymax
225.53240865392445,347.2233752005925,477.15674077820063,665.1054039905124
