xmin,ymin,xmax,ymax
224.6488592795157,278.99386337221995,387.24977135342976,501.45156021113144
