xmin,ymin,xmax,ymax
304.44208041945535,631.1969818367501,417.68041892894917,388.92600927697436
