xmin,ymin,xmax,ymax
244.34189975261575,67.37579541300265,377.78419689528505,292.57153332902374
