xmin,ymin,xmax,ymax
29.759998173830354,221.93660287610254,267.7683023708537,360.9331074861542
