xmin,ymin,xmax,ymax
30.90278610532323,298.69168029922196,269.0235562266871,159.62949575239742
