xmin,ymin,xmax,ymax
401.1314006659911,221.75071798925717,857.5581148329743,804.0831339156505
