xmin,ymin,xmax,ymax
600.2348101350619,375.80189609546585,864.9066221480505,723.9248225943596
