xmin,ymin,xmax,ymax
214.32584372206816,236.41997019988338,286.58870238275813,345.89672323784106
