xmin,ymin,xmax,ymax
193.58462293418344,228.40856845817984,249.21696151217478,419.7568357579544
