xmin,ymin,xmax,ymax
202.1922470035163,82.10940498274795,239.39606657782593,229.29721138045466
