xmin,ymin,xmax,ymax
202.1922470035163,229.29721138045466,239.39606657782593,82.10940498274795
