xmin,ymin,xmax,ymax
56.89854468403337,787.6756982791353,542.3580780164634,469.79630539121365
