xmin,ymin,xmax,ymax
218.40584993782286,192.7761271867621,289.9005168431231,326.71806814540264
