xmin,ymin,xmax,ymax
208.90533627331087,217.37769118334063,284.96995875993065,407.8291206120507
