xmin,ymin,xmax,ymax
-63.39321407521851,27.919699500351044,57.564065104693555,197.85718476942134
