xmin,ymin,xmax,ymax
136.21465599360954,33.31213687400535,286.6574006614212,211.5539812479154
