xmin,ymin,xmax,ymax
453.4395963049678,530.5285117280945,832.9855535982905,230.50423736822108
