xmin,ymin,xmax,ymax
208.6178243344399,182.54069527058124,341.15256785980284,216.16436781746987
