xmin,ymin,xmax,ymax
196.58971803729878,163.36411886674574,362.8789653122177,230.86691310132198
