xmin,ymin,xmax,ymax
333.83499939212766,168.3280210675846,389.37405528179625,267.35191952558625
