xmin,ymin,xmax,ymax
81.20208056740472,157.54658359708174,171.84866081056182,307.41038941236
