xmin,ymin,xmax,ymax
95.37725164685509,171.41871556183014,181.7666112707022,305.23406623415303
