xmin,ymin,xmax,ymax
87.77933382913778,167.2800148029953,179.54743894164628,302.32566050230275
