xmin,ymin,xmax,ymax
237.50751073643048,275.82386755427194,437.6708795655052,188.20738392819578
