xmin,ymin,xmax,ymax
92.48350758306401,87.87448758358215,187.81948981714618,168.08865501745038
