xmin,ymin,xmax,ymax
35.03516054939632,230.84708645062065,213.50292699967508,124.51567916786033
