xmin,ymin,xmax,ymax
89.63715609984399,213.04726748523294,202.40042585568597,152.7193378988845
