xmin,ymin,xmax,ymax
44.267391831518864,221.81096542904885,245.07195722974564,275.02635973170175
