xmin,ymin,xmax,ymax
121.16995555565114,-11.947914545227832,231.34292684906018,109.26576014873999
