xmin,ymin,xmax,ymax
134.12980011929704,70.69104045450625,215.60161507329417,151.88134489131997
