xmin,ymin,xmax,ymax
173.9039554721685,100.6887330818912,323.5682762162239,242.45373172520505
