xmin,ymin,xmax,ymax
175.40379605318253,109.83177359879181,325.149186302134,251.67356287727148
