xmin,ymin,xmax,ymax
243.09016302549594,223.88701393334276,473.94802477334974,365.3657797039588
