xmin,ymin,xmax,ymax
448.89905402108263,384.85971516587233,548.8684820208858,507.06111365316997
