xmin,ymin,xmax,ymax
416.28743112144946,149.4183252060239,758.7378710873535,524.9432418042138
