xmin,ymin,xmax,ymax
410.2871119493176,326.7445238155776,528.1897844500801,470.6398707911559
