xmin,ymin,xmax,ymax
431.2044386469273,154.543162759709,784.0416709264197,525.5817151757361
