xmin,ymin,xmax,ymax
469.5416048587457,408.5733585627304,604.9008207005153,516.1068444368514
