xmin,ymin,xmax,ymax
215.76510079890522,143.45763172285453,326.128436060186,234.70436792151898
