xmin,ymin,xmax,ymax
208.30737188596186,124.93271535909135,354.2151957384199,234.24802919972873
