xmin,ymin,xmax,ymax
135.2172038154174,310.542058119498,208.65787026625912,170.199491886195
