xmin,ymin,xmax,ymax
136.85414652758982,33.27598434464272,210.24654943137898,173.5263206135918
