xmin,ymin,xmax,ymax
98.47597684079665,67.43996961955577,165.17281041646243,124.66771588876554
