xmin,ymin,xmax,ymax
90.65588500916942,69.20216182242754,174.2322364342558,143.14450915653242
