xmin,ymin,xmax,ymax
98.17890295640495,73.21087019552783,163.3741548043081,121.94855113686792
