xmin,ymin,xmax,ymax
93.2697979183888,89.85627580636776,160.5710545154809,144.81030481184038
