xmin,ymin,xmax,ymax
83.00247114843125,178.2050553202932,114.05977486071549,98.31791397526075
