xmin,ymin,xmax,ymax
86.63701702146489,93.28275234376716,114.40659883774413,147.34185210182528
