xmin,ymin,xmax,ymax
91.6810677709525,34.020611333040975,125.37499091838777,98.2646101777509
