xmin,ymin,xmax,ymax
91.6433296439327,99.98991310712925,125.32798900477383,164.21624874614338
