xmin,ymin,xmax,ymax
86.63701702146489,147.34185210182528,114.40659883774413,93.28275234376716
