xmin,ymin,xmax,ymax
204.84612446660572,-34.054336770152865,352.53363436941095,65.33203037854213
