xmin,ymin,xmax,ymax
51.277031067272446,64.81988077674157,168.28503666566007,162.66167380775124
