xmin,ymin,xmax,ymax
171.2573999605009,103.02983299577997,258.2444728987612,193.3174929074298
