xmin,ymin,xmax,ymax
184.4492254274425,80.53124665467547,328.4705260042302,212.16440910062894
