xmin,ymin,xmax,ymax
74.66974100396601,24.221009863886707,115.69139608604473,105.96763116518218
