xmin,ymin,xmax,ymax
41.75273792714552,118.18179758904989,116.09088354918185,16.674243539627014
