xmin,ymin,xmax,ymax
41.75273792714552,16.674243539627014,116.09088354918185,118.18179758904989
