xmin,ymin,xmax,ymax
74.66974100396601,105.96763116518218,115.69139608604473,24.221009863886707
