xmin,ymin,xmax,ymax
57.23373605653978,15.73566284782521,116.77379518579801,102.33933918552714
