xmin,ymin,xmax,ymax
45.80514114716175,111.15129422383382,119.19409790707505,12.18622758054596
