xmin,ymin,xmax,ymax
45.80514114716175,12.18622758054596,119.19409790707505,111.15129422383382
