xmin,ymin,xmax,ymax
193.5,128.88209387858439,353.6385793891234,258.1179061214157
