xmin,ymin,xmax,ymax
78.72070423894615,33.02225978346377,114.52435258411538,88.11109502933971
