xmin,ymin,xmax,ymax
100.92102462476328,70.03712662089481,134.4635580341967,42.51795528058858
