xmin,ymin,xmax,ymax
86.38103096835448,145.95900844754533,146.12916652992317,78.97776009682514
