xmin,ymin,xmax,ymax
10.5238082200176,73.20446043829031,107.14891089313323,148.7600308449929
