xmin,ymin,xmax,ymax
216.5,142.9855436637556,399.6533925482702,290.01445633624434
