xmin,ymin,xmax,ymax
149.1393796115874,223.4905645144529,250.78905398844745,407.96233911590843
