xmin,ymin,xmax,ymax
158.9773484474249,186.13812698739142,235.91443860368486,328.3688854937529
