xmin,ymin,xmax,ymax
259.7147665140816,114.5557847333314,506.62675145533194,300.33914597137255
