xmin,ymin,xmax,ymax
278.13292632805394,238.08872531556335,483.9885455351923,332.50700357488165
