xmin,ymin,xmax,ymax
130.58629819357634,145.71765645542308,235.08548932557778,283.5738326472148
