xmin,ymin,xmax,ymax
134.13843846585382,145.1105738685701,239.9351209244562,285.8705482390553
