xmin,ymin,xmax,ymax
185.9560061657619,209.1781216205804,333.473922834994,155.7068204962632
