xmin,ymin,xmax,ymax
327.080772043523,383.8343344930539,675.0982404344479,-65.05295142017462
