xmin,ymin,xmax,ymax
220.03816961418374,108.71887732838127,563.1421268107607,448.9024954285012
