xmin,ymin,xmax,ymax
153.16605908586257,138.78234103026045,268.53824133076387,187.00589653411237
