xmin,ymin,xmax,ymax
134.90354218737843,141.01408878299333,249.02029973929416,277.2694231307346
