xmin,ymin,xmax,ymax
195.92788570655011,216.24293348000242,251.55408920311038,24.915767885307787
