xmin,ymin,xmax,ymax
160.33863158350232,176.05517541473859,257.98355796645274,107.5369613746463
