xmin,ymin,xmax,ymax
158.16615218961078,205.88834714419542,296.0764556117981,130.68418167480056
