xmin,ymin,xmax,ymax
160.33863158350232,107.5369613746463,257.98355796645274,176.05517541473859
