xmin,ymin,xmax,ymax
158.87184158350215,175.5937504147386,256.5167679664528,107.0755363746463
