xmin,ymin,xmax,ymax
155.42726158350206,198.83886741473864,253.07218796645247,130.32065337464635
