xmin,ymin,xmax,ymax
159.16261158350244,175.1866454147386,256.80753796645286,106.6684313746463
