xmin,ymin,xmax,ymax
217.6991435554305,138.85446984620745,427.64424930215455,274.1347709862507
