xmin,ymin,xmax,ymax
142.94707391458974,120.62793247003367,258.3617730017413,178.7479169563847
