xmin,ymin,xmax,ymax
98.8468042710474,105.16128201515022,149.63471845381537,79.20860679230634
