xmin,ymin,xmax,ymax
241.73276648989054,328.8568477453483,422.19528022780855,179.40683397310573
