xmin,ymin,xmax,ymax
246.1139646207007,294.9272993206423,358.6228748002525,209.8539088706425
