xmin,ymin,xmax,ymax
245.45713888371347,327.5282474718945,449.57670642154903,169.2758711533121
