xmin,ymin,xmax,ymax
265.29663910921363,288.85714905906144,394.28750848512914,184.22140009822186
