xmin,ymin,xmax,ymax
262.07186956102896,294.80819181243794,395.9336867481161,182.88656642237513
