xmin,ymin,xmax,ymax
155.54129214400518,181.5377560617267,279.1265878609088,119.91521951080577
