xmin,ymin,xmax,ymax
470.9798218136664,548.0352154767259,916.2501390743089,411.6603373966041
