xmin,ymin,xmax,ymax
164.7512959242165,149.45246271140036,272.0464813576034,180.98000853652593
