xmin,ymin,xmax,ymax
165.84644271001116,140.89362819148477,298.26581069597955,187.93939597827136
