xmin,ymin,xmax,ymax
109.35798010082647,154.24928653477264,223.6127256229675,282.01637435435146
