xmin,ymin,xmax,ymax
282.14554633897296,101.67672134267377,448.12093338419123,361.93963758888
