xmin,ymin,xmax,ymax
443.34572540430554,379.8299935892231,884.9675868167353,586.8836174570392
