xmin,ymin,xmax,ymax
449.205712511331,407.80626495416095,706.1704992971505,564.5333983965625
