xmin,ymin,xmax,ymax
42.37317366136244,167.77711222738554,193.14330559420614,274.64409943753554
