xmin,ymin,xmax,ymax
66.26016703540222,250.8737932901896,181.2218206100065,170.08477334853285
