xmin,ymin,xmax,ymax
75.60869870101101,241.94433619447994,188.6675925380057,171.26079925751975
