xmin,ymin,xmax,ymax
43.74626818038996,138.62217285180253,183.7112695937999,243.09294747849657
