xmin,ymin,xmax,ymax
43.74626818038996,243.09294747849657,183.7112695937999,138.62217285180253
