xmin,ymin,xmax,ymax
72.98490578131441,19.1995104883556,133.6286824345102,106.19225011187632
