xmin,ymin,xmax,ymax
175.41553329906196,174.959755383249,268.2781508731764,245.13466400725315
