xmin,ymin,xmax,ymax
176.53200278734926,133.22465087431465,333.0925566948183,215.03191988464084
