xmin,ymin,xmax,ymax
181.89971612742283,144.15654070148878,307.0007607162827,224.63880191901876
