xmin,ymin,xmax,ymax
182.87722391845182,138.25670908839402,307.92259301977174,218.70315214672058
