xmin,ymin,xmax,ymax
182.87722391845182,218.70315214672058,307.92259301977174,138.25670908839402
