xmin,ymin,xmax,ymax
177.0119575437875,211.41688358877258,339.0951468200908,108.77564229610857
