xmin,ymin,xmax,ymax
298.7987016949685,330.18238789804906,364.7974424611723,367.03966136845844
