xmin,ymin,xmax,ymax
242.5925138384075,281.56065709318807,380.14706570019734,397.1611334835766
