xmin,ymin,xmax,ymax
79.83925461484046,77.74775130295265,175.8930940720004,217.1414498161022
