xmin,ymin,xmax,ymax
95.7690044618571,58.289452918517895,192.03150410310604,121.42802467844673
