xmin,ymin,xmax,ymax
84.15536849839827,50.070707144076536,161.02515341373828,111.06252323758194
