xmin,ymin,xmax,ymax
104.44928895985186,78.47321771683762,120.69408099560701,107.56652740335478
