xmin,ymin,xmax,ymax
103.82530851223123,86.27063138334626,151.62790048295506,112.96134678283994
