xmin,ymin,xmax,ymax
143.4947027774274,708.1632176056336,536.7902860008885,475.8796826599346
