xmin,ymin,xmax,ymax
13.011317646210273,84.09263701554991,99.84539923361785,122.95651957767451
