xmin,ymin,xmax,ymax
283.324562717409,81.08301107959363,554.4707180039263,347.9919567147129
