xmin,ymin,xmax,ymax
238.44285760281946,202.68812872405385,589.3633309998522,542.9953319938595
