xmin,ymin,xmax,ymax
72.3358655642387,96.22651418675639,123.13790150797695,174.99475727031876
