xmin,ymin,xmax,ymax
346.05167606395446,224.57502101250356,552.077163363137,444.3609691000974
