xmin,ymin,xmax,ymax
349.4251478306485,105.89790775210218,762.5696967883522,481.8846901495831
