xmin,ymin,xmax,ymax
408.1246577600296,136.12061866119018,850.9387356109975,510.94663137430666
