xmin,ymin,xmax,ymax
371.77558803800673,215.42582483206468,685.8800948853601,472.6328529474232
