xmin,ymin,xmax,ymax
143.60039859848507,299.66633293974223,345.000519267707,420.98456509049237
