xmin,ymin,xmax,ymax
187.97256953708734,307.61654970013296,330.1293601235368,388.91560011469784
