xmin,ymin,xmax,ymax
143.27525520861877,300.6155232756961,345.847887808603,423.28765282842056
