xmin,ymin,xmax,ymax
217.55797191996157,318.3882804316295,334.1127180317735,390.14551523404714
