xmin,ymin,xmax,ymax
212.76354704797313,301.3981824629973,335.91747192058347,391.3583565178051
