xmin,ymin,xmax,ymax
34.87449312257445,298.32773447673776,333.5450883399087,409.2218281767868
