xmin,ymin,xmax,ymax
75.93372083168333,305.08713186279044,333.8079727910497,439.4511555807824
