xmin,ymin,xmax,ymax
68.9618560997501,316.11669743549567,331.1243208146175,397.79378964508925
