xmin,ymin,xmax,ymax
168.1198379772029,298.0931552832693,348.1878067188172,415.517209883373
