xmin,ymin,xmax,ymax
268.40838731745976,314.73028298367626,337.01749672610777,372.70147220438383
