xmin,ymin,xmax,ymax
136.89459923084405,312.46230782079317,340.1720081512665,420.1386225598844
