xmin,ymin,xmax,ymax
63.85719801735013,306.0380448756514,339.8516473904442,416.31374157975273
