xmin,ymin,xmax,ymax
130.6283719923647,310.1098041807779,334.6059059075719,383.28330968454674
