xmin,ymin,xmax,ymax
235.8527853620617,316.44062185064934,326.60447100687065,360.6108633472516
