xmin,ymin,xmax,ymax
96.75222070234099,111.3027170534781,179.41870528168477,88.81147560274002
