xmin,ymin,xmax,ymax
352.0017945159152,283.9198940304576,540.7429925903214,409.667621346484
