xmin,ymin,xmax,ymax
367.43845271994815,297.9254346807411,604.738813138428,422.1446210840028
