xmin,ymin,xmax,ymax
366.37199809921503,307.1697664032118,596.5388460077816,412.78272183534693
