xmin,ymin,xmax,ymax
302.73010900999964,353.2916110145627,576.1959303036127,279.5190820223967
