xmin,ymin,xmax,ymax
315.9221318092124,351.65485026945277,461.7455520991631,263.6078383720611
