xmin,ymin,xmax,ymax
315.9221318092124,263.6078383720611,461.7455520991631,351.65485026945277
