xmin,ymin,xmax,ymax
317.0600720281225,252.81806350815907,462.8728995200738,340.8586795590562
