xmin,ymin,xmax,ymax
296.1182853620368,280.72359333384895,545.0146923305307,359.212415857638
