xmin,ymin,xmax,ymax
303.8690075141594,251.18142165942328,577.3149639040491,324.948591721618
