xmin,ymin,xmax,ymax
302.9405667980419,361.30094254676436,563.656384703729,271.08683335813777
