xmin,ymin,xmax,ymax
297.25766415744306,245.2610469111131,546.1359909755979,323.74416790739343
