xmin,ymin,xmax,ymax
137.4051776781904,156.38422059608752,214.73014411624965,294.8119602981219
