xmin,ymin,xmax,ymax
33.26954290176063,166.64758099309438,191.05174082647304,215.0126638194575
