xmin,ymin,xmax,ymax
67.01246359427523,307.62064911731267,213.97827428916048,183.77963147627742
