xmin,ymin,xmax,ymax
67.01246359427523,183.77963147627742,213.97827428916048,307.62064911731267
