xmin,ymin,xmax,ymax
65.99036607217636,90.69226186406297,212.94898230677586,214.5272170795658
