xmin,ymin,xmax,ymax
65.62852045137015,298.0817650592848,217.33898747653484,173.86295395302093
