xmin,ymin,xmax,ymax
65.62852045137015,173.86295395302093,217.33898747653484,298.0817650592848
