xmin,ymin,xmax,ymax
45.038304867583975,86.63543192701229,207.57134221938304,222.23759729935284
