xmin,ymin,xmax,ymax
290.906483199338,391.98410845187357,534.2466343643832,567.6514316580942
