xmin,ymin,xmax,ymax
41.37215691942379,295.1050250721388,536.7390745347177,575.8920407138046
