xmin,ymin,xmax,ymax
344.55677436031533,432.87012793752683,503.593940123591,534.8232470998529
