xmin,ymin,xmax,ymax
136.58070218622686,37.480388477691804,323.92649221690243,298.39148404444495
