xmin,ymin,xmax,ymax
139.33850585889695,159.01780244562667,181.18579552721212,294.41275397797347
