xmin,ymin,xmax,ymax
151.74075112841456,173.99596419888593,188.0619444062313,303.28727110829357
