xmin,ymin,xmax,ymax
298.90903042830837,598.8769328144822,553.2032111607598,299.6937591271314
