xmin,ymin,xmax,ymax
243.77157919047,282.2924639096285,474.71763675501757,140.75964827821286
