xmin,ymin,xmax,ymax
92.62157288168373,47.864437734197054,124.73155522105208,102.583947923393
