xmin,ymin,xmax,ymax
33.34106781225046,241.18734424237022,525.9999999999998,810.8126557576298
