xmin,ymin,xmax,ymax
167.2826491736273,160.26156985322325,303.5933608660871,225.72066215544686
