xmin,ymin,xmax,ymax
169.6584121648857,147.32582160953012,235.78746686821478,186.63457403890447
