xmin,ymin,xmax,ymax
99.99321619170519,90.55499052515324,138.30349024576253,109.47251580138754
