xmin,ymin,xmax,ymax
403.4437403225928,303.65473958354073,659.3576152873294,573.396837303017
