xmin,ymin,xmax,ymax
439.25182890340636,318.61690847332306,685.9342292706915,589.7060594142697
