xmin,ymin,xmax,ymax
91.60625875032773,300.0878091610159,124.7489346228281,398.8863853873145
