xmin,ymin,xmax,ymax
376.46850706069745,337.5839430450635,600.4579645823303,572.4506176063308
