xmin,ymin,xmax,ymax
333.63652551699874,496.48560617607643,663.2500784500799,962.9802373817887
