xmin,ymin,xmax,ymax
229.04164662414655,166.704647369655,425.547913759867,285.31826015370245
