xmin,ymin,xmax,ymax
229.04164662414655,285.31826015370245,425.547913759867,166.704647369655
