xmin,ymin,xmax,ymax
229.95740683868053,170.6980865698888,426.68144366509705,289.4431478321189
