xmin,ymin,xmax,ymax
125.90113727087419,186.34358165100795,259.8965252152275,344.9841136301284
