xmin,ymin,xmax,ymax
124.621041149647,32.78804926845055,258.737675917803,191.57212843172334
