xmin,ymin,xmax,ymax
50.18309872053874,546.9016704554303,406.57513888833137,382.451152325557
