xmin,ymin,xmax,ymax
497.9487788823699,503.067306321875,551.1045851495369,452.2106759566349
