xmin,ymin,xmax,ymax
460.1139379404726,527.1596859289659,780.9082932231704,80.91492134565738
