xmin,ymin,xmax,ymax
462.6247993014956,530.2581669325633,764.9167632861352,192.2847291776505
