xmin,ymin,xmax,ymax
143.42088011974306,131.04214237134374,261.5008804313986,195.84079574675314
