xmin,ymin,xmax,ymax
139.4617775633542,107.79550001967328,208.24925135572244,159.33104861473794
