xmin,ymin,xmax,ymax
143.42088011974306,195.84079574675314,261.5008804313986,131.04214237134374
