xmin,ymin,xmax,ymax
146.07864549058104,134.17217063914825,262.23943661456065,196.4608907590549
