xmin,ymin,xmax,ymax
144.44669684912856,97.32495597214574,262.4210906061671,162.06565573552325
