xmin,ymin,xmax,ymax
146.7645625034163,128.77881164310986,198.92482635586475,162.7603994941203
