xmin,ymin,xmax,ymax
146.07864549058104,196.4608907590549,262.23943661456065,134.17217063914825
