xmin,ymin,xmax,ymax
140.57251865278454,114.633274054048,207.27220138637767,165.01924558363112
