xmin,ymin,xmax,ymax
138.4314985084245,133.77919741686128,207.2805484435189,185.36087883409272
