xmin,ymin,xmax,ymax
142.31462473077363,490.30644829744153,583.4510873408208,795.2900486001977
