xmin,ymin,xmax,ymax
27.336440975030882,146.9805064792427,102.5948070055563,93.24967618856334
