xmin,ymin,xmax,ymax
195.231334732797,129.91930447618108,372.75642028443053,227.6965005640006
