xmin,ymin,xmax,ymax
194.5261322968163,171.78980062260075,372.17674659662384,269.63613538446583
