xmin,ymin,xmax,ymax
60.100941959051916,217.51235584255153,243.07587023111142,296.39533001419227
