xmin,ymin,xmax,ymax
70.03724328783798,221.9285138537885,239.69311793947705,263.10554991238627
