xmin,ymin,xmax,ymax
336.9700658038296,524.9730020939626,493.0255037331615,383.2268575404478
