xmin,ymin,xmax,ymax
2.6420735472954675,899.9310865579453,485.0061457771899,258.7644097440217
