xmin,ymin,xmax,ymax
146.78609670745504,194.86907357643446,262.22388058148795,265.3993171333989
