xmin,ymin,xmax,ymax
26.0496894252542,364.4082927142198,460.1912295563095,584.8571549486885
