xmin,ymin,xmax,ymax
80.84196789969823,99.9587195980456,119.24210266205394,139.05801581342155
