xmin,ymin,xmax,ymax
406.967826737662,370.8577356087002,773.835144052426,695.2975303252704
