xmin,ymin,xmax,ymax
447.79326922453765,422.8020872074434,656.6841231682472,591.993022665001
