xmin,ymin,xmax,ymax
297.7778743386457,368.7320650337742,566.6253799726198,260.0612594340997
