xmin,ymin,xmax,ymax
274.71001693073276,312.010349542467,416.3877923079067,263.31416590717356
