xmin,ymin,xmax,ymax
284.4867574765808,317.16273507479787,454.0582567349961,261.87325485038673
