xmin,ymin,xmax,ymax
48.79517440668701,87.53619353161878,102.27162398758287,121.382256449034
