xmin,ymin,xmax,ymax
89.38090283137984,142.69688070792034,159.96927478824773,194.05362314713233
