xmin,ymin,xmax,ymax
149.6032385122661,153.49094919514317,246.5929966090962,297.4731423117499
