xmin,ymin,xmax,ymax
89.46312432192121,24.657831690567377,132.4727817786104,103.20407578548861
