xmin,ymin,xmax,ymax
87.70705740088079,172.87061984958075,130.70488980869004,94.34597121090485
