xmin,ymin,xmax,ymax
85.52289641691232,99.98964652277692,114.41501384166895,186.45710587671783
