xmin,ymin,xmax,ymax
143.4850576844592,406.29425320522705,318.25176333405534,298.6988186868498
