xmin,ymin,xmax,ymax
62.35006306714831,419.27201381443894,318.6274661312634,291.2413248770191
