xmin,ymin,xmax,ymax
83.32795579766821,418.33317117979647,319.2705296511449,285.6593971420027
