xmin,ymin,xmax,ymax
108.86553358821016,426.3298961403417,325.7765215032432,277.8659903820177
