xmin,ymin,xmax,ymax
83.37180116255627,427.920896357205,325.19129508496576,280.34053828722494
