xmin,ymin,xmax,ymax
53.2761007278732,495.7057010738091,588.4761941322633,841.7567214587408
