xmin,ymin,xmax,ymax
54.50644105836545,515.5478045365969,564.862580422363,837.2484676914662
