xmin,ymin,xmax,ymax
130.217455902879,559.8127205282556,679.749893947738,872.6463725751308
