xmin,ymin,xmax,ymax
187.35370301340004,114.47666819432254,365.0686398052294,228.37597177425278
