xmin,ymin,xmax,ymax
285.2067336484406,270.02888419260717,485.90559121000297,351.61151370242146
