xmin,ymin,xmax,ymax
170.3944333102986,137.1128281414688,268.37583017581824,216.9834357669494
