xmin,ymin,xmax,ymax
94.70093524143613,195.32997597500946,156.31049610428568,167.53951182161165
