xmin,ymin,xmax,ymax
80.1061375778404,211.375898107716,166.08952676965487,143.49126633301364
