xmin,ymin,xmax,ymax
39.12578543739892,463.569338492653,455.79697428592317,329.1065773593646
