xmin,ymin,xmax,ymax
31.80268817539013,516.6713784638824,459.620466027661,333.4260955948404
