xmin,ymin,xmax,ymax
132.22278709072862,442.8248061209521,631.46395034187,997.6860875450614
