xmin,ymin,xmax,ymax
132.22278709072862,997.6860875450614,631.46395034187,442.8248061209521
