xmin,ymin,xmax,ymax
231.37451555830944,545.7741301881729,632.717516762629,819.2500241961445
