xmin,ymin,xmax,ymax
462.1478802004224,708.4664639604295,622.4589205061441,587.7483033016435
