xmin,ymin,xmax,ymax
388.2697924117874,798.932630150316,634.9345970681347,576.197247460401
