xmin,ymin,xmax,ymax
522.1615646496048,681.2493227724688,618.9593012286778,591.2340018608686
