xmin,ymin,xmax,ymax
469.8358707769264,569.5583288583489,605.2455916158558,686.5960409085955
