xmin,ymin,xmax,ymax
195.68986395783077,831.8163904683539,625.546209663335,578.7143481405701
