xmin,ymin,xmax,ymax
481.43897165029284,707.5881389276148,616.6913774637035,589.6364302428708
