xmin,ymin,xmax,ymax
342.49397448594164,733.351724484565,617.5649083941032,559.217087896046
