xmin,ymin,xmax,ymax
274.31949201178236,564.1733695851121,630.1995529812457,812.1084962228496
