xmin,ymin,xmax,ymax
113.47681294400036,554.6685680065716,629.7467402214902,875.0865775705162
