xmin,ymin,xmax,ymax
89.65721849236752,520.379012503616,637.5251167907245,846.4748539662806
