xmin,ymin,xmax,ymax
388.2697924117874,576.197247460401,634.9345970681347,798.932630150316
