xmin,ymin,xmax,ymax
342.5429960650183,588.8552802426111,623.6708015742277,779.9251623604649
