xmin,ymin,xmax,ymax
295.4642904563766,826.0672464509081,626.7060264261654,568.8512899408963
