xmin,ymin,xmax,ymax
43.34525502969882,541.3276159341519,623.4941688629547,907.003027092199
