xmin,ymin,xmax,ymax
230.3655669952036,565.9342436090658,628.162858358753,832.6288848137193
