xmin,ymin,xmax,ymax
512.2102817711079,584.4673501799431,606.2553102010515,648.0935598042853
