xmin,ymin,xmax,ymax
109.98021588397683,541.8386407864032,623.6494208424583,835.7039776603858
