xmin,ymin,xmax,ymax
460.47806652040344,585.049845957841,619.2592295360027,705.9262860830754
