xmin,ymin,xmax,ymax
80.58363825056495,573.185009305982,622.4126264142903,857.7543717820138
