xmin,ymin,xmax,ymax
231.37451555830944,819.2500241961445,632.717516762629,545.7741301881729
