xmin,ymin,xmax,ymax
395.40062246169373,570.4503308263502,626.4772542709698,745.469869730011
