xmin,ymin,xmax,ymax
301.1735269642327,590.9041841881008,618.7627222367962,787.4966452646718
