xmin,ymin,xmax,ymax
189.61651179329874,273.3190449245439,365.4437805068103,167.79376145015635
