xmin,ymin,xmax,ymax
206.15967703901333,470.57630996335,287.8523946392306,253.3387913895442
