xmin,ymin,xmax,ymax
152.83127767951737,63.05835139977353,294.44913823581214,193.45410139327896
