xmin,ymin,xmax,ymax
34.348660077952005,222.12202182850004,200.89241395645678,175.5916581476978
