xmin,ymin,xmax,ymax
393.64664654627563,202.5561672690818,800.5658234559553,476.62947590614397
