xmin,ymin,xmax,ymax
393.64664654627563,476.62947590614397,800.5658234559553,202.5561672690818
