xmin,ymin,xmax,ymax
245.13483843530707,35.52550915323033,502.1265594638826,463.34783881304213
