xmin,ymin,xmax,ymax
185.73172763070556,414.4631649027955,271.7972420973175,219.20189806022086
