xmin,ymin,xmax,ymax
199.0252596979442,219.3520631286442,294.1562702833904,362.3783879201371
