xmin,ymin,xmax,ymax
199.0252596979442,362.3783879201371,294.1562702833904,219.3520631286442
