xmin,ymin,xmax,ymax
185.73172763070556,219.20189806022086,271.7972420973175,414.4631649027955
