xmin,ymin,xmax,ymax
143.4947027774274,475.8796826599346,536.7902860008885,708.1632176056336
