xmin,ymin,xmax,ymax
44.619475215149805,232.36774483431464,214.58234567067007,177.78054632779651
