xmin,ymin,xmax,ymax
38.1600031456976,240.82385569016282,193.62408707201666,188.81048337837242
