xmin,ymin,xmax,ymax
196.56829791455152,174.18533675706226,339.15768837223254,216.52822577380275
