xmin,ymin,xmax,ymax
73.58135098981836,80.73055753236537,154.5162226543371,151.90312987904048
