xmin,ymin,xmax,ymax
61.97077686699794,139.05853616178973,157.0278436925413,226.9433573977414
