xmin,ymin,xmax,ymax
53.488393711175604,69.29331101842882,152.32418996873523,158.7380796746162
