xmin,ymin,xmax,ymax
52.6654432418145,226.79467293802367,151.48274203401257,137.36664418349778
