xmin,ymin,xmax,ymax
86.34362420198897,143.37818251669052,145.17873961798148,199.80286614129705
