xmin,ymin,xmax,ymax
480.1406451065468,313.72515629191633,928.0364262615099,648.23838991963
