xmin,ymin,xmax,ymax
313.71072701552725,619.9250180816692,498.3159391783979,363.49786340667947
