xmin,ymin,xmax,ymax
359.3176224677936,527.8139132811284,510.73458088142047,428.4841712448513
