xmin,ymin,xmax,ymax
313.71072701552725,363.49786340667947,498.3159391783979,619.9250180816692
