xmin,ymin,xmax,ymax
339.01408915126035,498.27366757674906,493.2032138605382,566.8701702295162
