xmin,ymin,xmax,ymax
326.1708294714838,547.7054583344514,502.8263995223574,481.02910094916774
