xmin,ymin,xmax,ymax
375.72729777238305,440.6350924234739,509.20967925521904,528.9457518683128
