xmin,ymin,xmax,ymax
423.0483229306328,488.28927309863695,554.4653764723855,386.11042760768464
