xmin,ymin,xmax,ymax
375.72729777238305,528.9457518683128,509.20967925521904,440.6350924234739
