xmin,ymin,xmax,ymax
337.2610010694582,573.9092867587219,503.2961710213069,456.8673022039105
