xmin,ymin,xmax,ymax
371.25016028117057,439.0131293030442,511.44739469206297,542.5694874334595
