xmin,ymin,xmax,ymax
439.1259241913085,675.2101680312682,562.0134000320979,494.89188782156975
