xmin,ymin,xmax,ymax
76.16871233717484,659.8509329191604,504.4671121090246,355.8492714178532
