xmin,ymin,xmax,ymax
397.8058256945553,500.0444322438178,505.89290910758814,426.7386673075852
