xmin,ymin,xmax,ymax
371.6585045297354,548.1733620283584,506.7964046348045,467.0424712346145
