xmin,ymin,xmax,ymax
422.8521556962023,509.6936830544631,513.8995991139709,428.51455932051067
