xmin,ymin,xmax,ymax
423.0483229306328,386.11042760768464,554.4653764723855,488.28927309863695
