xmin,ymin,xmax,ymax
339.01408915126035,566.8701702295162,493.2032138605382,498.27366757674906
