xmin,ymin,xmax,ymax
337.2610010694582,456.8673022039105,503.2961710213069,573.9092867587219
