xmin,ymin,xmax,ymax
160.0553594448741,172.12827497660328,269.6428961144445,335.6059567914099
