xmin,ymin,xmax,ymax
171.2291601388647,138.12950979103675,275.2128052152907,225.36516635285466
