xmin,ymin,xmax,ymax
120.8548460894408,48.52038849469898,228.67135034292164,150.27086922891516
