xmin,ymin,xmax,ymax
3.846738167997586,175.64716517492212,138.66851517856597,262.57847003997733
