xmin,ymin,xmax,ymax
79.09398882184985,113.87310014200216,152.18324015651012,30.83871425387042
