xmin,ymin,xmax,ymax
75.14818458481056,103.9122633649024,122.56490391826617,50.76690003088129
