xmin,ymin,xmax,ymax
150.45696254461393,86.93173905955041,208.99427666604436,45.31637178045321
