xmin,ymin,xmax,ymax
251.92569694941562,284.4232330547455,481.03627795943726,188.77293801168605
