xmin,ymin,xmax,ymax
183.94961947054298,58.36241878312532,355.61637051861,226.65751119047638
