xmin,ymin,xmax,ymax
454.58306753762383,465.73018584347824,638.4042459405886,749.0409155346922
