xmin,ymin,xmax,ymax
423.6084005489769,479.04136308332636,676.7837131890677,807.6963161574174
