xmin,ymin,xmax,ymax
458.6377870466314,463.84629049535374,656.5088996408205,679.8374753299152
