xmin,ymin,xmax,ymax
443.2094588531487,447.415779023451,600.5761364792739,622.2641624749158
