xmin,ymin,xmax,ymax
449.58011854175436,470.88704829525136,682.7387752320593,755.3900798625871
