xmin,ymin,xmax,ymax
446.6060086630931,472.8383919849458,647.2540694033838,817.3352875242501
