xmin,ymin,xmax,ymax
98.44203469251056,64.38869830860801,159.4237691947086,131.62142252576655
