xmin,ymin,xmax,ymax
98.44203469251056,131.62142252576655,159.4237691947086,64.38869830860801
