xmin,ymin,xmax,ymax
251.46855454828733,997.4560428372044,661.7718713187612,469.4648977280072
