xmin,ymin,xmax,ymax
33.8968378933082,835.4698822429154,540.8042338859766,251.00262607083698
