xmin,ymin,xmax,ymax
76.49688345958532,130.02096210309946,141.27056641768039,186.27483740738342
