xmin,ymin,xmax,ymax
68.17793926958149,186.2211523289884,146.0943355442453,124.45992618291723
