xmin,ymin,xmax,ymax
70.85384068058426,190.94737174745353,143.13683541198128,137.12451157834136
