xmin,ymin,xmax,ymax
76.49688345958532,186.27483740738342,141.27056641768039,130.02096210309946
