xmin,ymin,xmax,ymax
70.85384068058426,137.12451157834136,143.13683541198128,190.94737174745353
