xmin,ymin,xmax,ymax
54.16546855973348,199.5253975787598,142.77621223152028,128.11626995330369
