xmin,ymin,xmax,ymax
54.16546855973348,128.11626995330369,142.77621223152028,199.5253975787598
