xmin,ymin,xmax,ymax
271.52196478164933,238.397942776394,553.0984812345769,435.50440700752154
