xmin,ymin,xmax,ymax
270.1595560807184,341.0602178305955,551.5548228443522,144.08063025043896
