xmin,ymin,xmax,ymax
30.859556929223004,95.1765071953748,141.30691467883253,163.63248185384307
