xmin,ymin,xmax,ymax
30.859556929223004,163.63248185384307,141.30691467883253,95.1765071953748
