xmin,ymin,xmax,ymax
57.02270119345462,58.29438086498678,197.8516848081748,185.33954548586487
