xmin,ymin,xmax,ymax
67.64988751658052,135.74415416031835,154.0055057240112,184.32226316336764
