xmin,ymin,xmax,ymax
40.11019589058594,68.78499126387399,185.77684319546802,194.78214576091247
