xmin,ymin,xmax,ymax
451.9814180182557,411.0146270133805,844.381256374792,607.4639311242596
