xmin,ymin,xmax,ymax
399.36065319541876,414.94167928861674,665.7909603201115,564.3540615837051
