xmin,ymin,xmax,ymax
85.5103882623867,28.730278401888654,133.8898838779935,102.3825028923577
