xmin,ymin,xmax,ymax
234.81932188140127,217.27395829329998,431.07531491959,262.13415722371514
