xmin,ymin,xmax,ymax
229.37698381654286,204.73000130446138,415.93515312744785,256.56607224501306
