xmin,ymin,xmax,ymax
232.8575010421905,251.5710372833645,417.4795980095139,200.95967783587565
