xmin,ymin,xmax,ymax
228.43878039552123,202.807180667353,370.5929356808831,242.21972822897874
