xmin,ymin,xmax,ymax
236.56443316262948,195.81320701117977,435.36041850121865,244.77610305307155
