xmin,ymin,xmax,ymax
231.71934427445103,206.30747623854518,416.4641130337586,256.95246430503556
