xmin,ymin,xmax,ymax
230.5166959276719,253.14746476328617,416.95098933620443,201.34581332892344
