xmin,ymin,xmax,ymax
235.42873945870224,213.1069253496251,434.35681440173903,262.10235469222596
