xmin,ymin,xmax,ymax
42.39538409791934,87.68795071998147,101.50120203696662,121.5395805564018
