xmin,ymin,xmax,ymax
284.7017868353421,118.40944967378822,535.1519063409712,442.62330838697596
