xmin,ymin,xmax,ymax
141.13742935379855,198.82471569584771,181.9545945906998,144.38868558207878
