xmin,ymin,xmax,ymax
96.05785374725838,162.02840274556945,226.17407841941804,22.076522052398786
