xmin,ymin,xmax,ymax
160.14325177461956,188.64360734404733,279.4498529027535,138.49999374455183
