xmin,ymin,xmax,ymax
200.9620054595564,406.14087698521615,256.403576308918,265.9584987447431
