xmin,ymin,xmax,ymax
113.41100479840463,151.7601682986401,199.75369323586938,31.586419352357098
