xmin,ymin,xmax,ymax
113.41100479840463,31.586419352357098,199.75369323586938,151.7601682986401
