xmin,ymin,xmax,ymax
316.207843319335,208.20626829848618,470.94885324313077,372.3494393141292
