xmin,ymin,xmax,ymax
368.15006806360486,116.44530073268731,489.3901268780505,316.97213912047675
