xmin,ymin,xmax,ymax
296.6532119988973,92.08374290401173,592.3118238719826,405.1176133227176
