xmin,ymin,xmax,ymax
53.79022160467093,249.9881032101822,276.31544544517783,370.2602101192208
