xmin,ymin,xmax,ymax
52.01107595071926,246.8495190622798,275.4495591381369,382.1736945931077
