xmin,ymin,xmax,ymax
38.27018469276868,257.6303432465652,273.49910700464557,372.3228663821309
