xmin,ymin,xmax,ymax
329.46785693470406,120.00407504133796,523.1650759972227,378.72884523849854
