xmin,ymin,xmax,ymax
283.374955985826,356.4848680897782,449.3666408820646,616.7733406929275
