xmin,ymin,xmax,ymax
288.918407670519,31.3550908750193,554.6811446030333,374.9151785931713
