xmin,ymin,xmax,ymax
346.18051608106003,137.65257334632759,546.2382052609473,388.59920614240065
