xmin,ymin,xmax,ymax
178.1378945523461,55.508634447093925,311.5258767729108,207.58133457155913
