xmin,ymin,xmax,ymax
91.78006400134473,57.45760967122828,123.77231953074329,106.69686382717174
