xmin,ymin,xmax,ymax
250.74195537695834,341.4487042509027,506.4840399828105,252.23627522642087
