xmin,ymin,xmax,ymax
115.86113755893916,193.66705886206614,241.4348797610498,37.00923778301967
