xmin,ymin,xmax,ymax
96.39722452491543,211.08530638482102,236.26591874089158,38.70713647711091
