xmin,ymin,xmax,ymax
20.41824406408341,477.2164746993275,340.3661886416687,230.84248897999723
