xmin,ymin,xmax,ymax
-297.3409792650941,451.3506183737033,66.74634845056357,172.78129923087215
