xmin,ymin,xmax,ymax
192.58462540241453,53.62220837008428,301.6681514228728,200.5134450524807
