xmin,ymin,xmax,ymax
100.86746575119332,106.15202236216629,139.16720680196568,87.2396982587453
