xmin,ymin,xmax,ymax
224.80513283457321,327.1002568055626,433.87235639351616,624.8730254579434
