xmin,ymin,xmax,ymax
82.52744660174255,114.46784928561374,181.240921646983,9.505197554809229
