xmin,ymin,xmax,ymax
82.52744660174255,9.505197554809229,181.240921646983,114.46784928561374
