xmin,ymin,xmax,ymax
79.88625653535337,83.77669416208278,178.62687926693343,188.7682121965529
