xmin,ymin,xmax,ymax
99.77119060555583,194.45253063943593,225.06947413583202,361.82278993505986
