xmin,ymin,xmax,ymax
143.92867405280845,38.25299344891391,232.84512262547446,163.91762130617133
