xmin,ymin,xmax,ymax
99.77119060555583,361.82278993505986,225.06947413583202,194.45253063943593
