xmin,ymin,xmax,ymax
145.2227772774488,334.5055989398369,234.13226607021102,208.85080726211228
