xmin,ymin,xmax,ymax
30.56261028187032,115.02733861132793,123.23051802187524,4.479060369124738
