xmin,ymin,xmax,ymax
63.93166726835511,118.42429202896028,140.63761361838988,66.28252844987924
