xmin,ymin,xmax,ymax
365.8292084704567,536.3383635641862,529.2924987685519,362.6203666342095
