xmin,ymin,xmax,ymax
368.8089396465987,544.9706112147207,515.0967810283698,366.567638039095
