xmin,ymin,xmax,ymax
334.4951075464546,469.0065164111803,430.65126336115486,372.3067351104143
