xmin,ymin,xmax,ymax
188.76818192206014,219.9972719323955,301.5569220845966,41.12229556774287
