xmin,ymin,xmax,ymax
196.25620480392553,226.86034411974583,318.06995915310273,36.13580900076613
