xmin,ymin,xmax,ymax
199.1459287970614,322.57781863458973,420.53175262974867,595.6096242475331
