xmin,ymin,xmax,ymax
268.91020165679686,261.4835255439774,398.0454591294548,513.1207072843091
