xmin,ymin,xmax,ymax
43.001101176224665,44.513342342065584,188.93959741032063,164.2859982658013
