xmin,ymin,xmax,ymax
43.25716928261818,298.0129513049211,189.27932811862547,178.1716329494695
