xmin,ymin,xmax,ymax
117.09622550211134,135.34721145683176,194.2079458023827,220.63621359461985
