xmin,ymin,xmax,ymax
43.25716928261818,178.1716329494695,189.27932811862547,298.0129513049211
