xmin,ymin,xmax,ymax
87.20722125052657,103.10403216355235,116.23107386724769,31.104372584280213
