xmin,ymin,xmax,ymax
148.50295477811926,38.101136596019614,245.36630554013175,181.89567685473497
