xmin,ymin,xmax,ymax
215.65655041898412,354.49097933482483,399.961604783256,691.4483551807666
