xmin,ymin,xmax,ymax
228.60904314097624,288.7466055727318,331.67217017598057,554.2301504690463
