xmin,ymin,xmax,ymax
229.70688703552054,294.9621299427115,332.71582637465445,29.618168833570138
