xmin,ymin,xmax,ymax
338.8042598369519,310.4934692059614,557.5926844703716,461.4131219190648
