xmin,ymin,xmax,ymax
293.9921999429272,312.61599261705584,495.35142441770154,491.2769905381174
