xmin,ymin,xmax,ymax
338.8042598369519,461.4131219190648,557.5926844703716,310.4934692059614
