xmin,ymin,xmax,ymax
323.43108328799303,435.12959047996776,473.0798200254296,314.0300186246781
