xmin,ymin,xmax,ymax
302.75123038524237,311.8414157316858,523.1049210129088,499.76820108620626
