xmin,ymin,xmax,ymax
348.0368004869746,285.4356136270201,569.7106698608217,466.9912080676281
