xmin,ymin,xmax,ymax
293.9921999429272,491.2769905381174,495.35142441770154,312.61599261705584
