xmin,ymin,xmax,ymax
314.1132959139046,476.6912559371726,556.8795548316195,288.3577904963031
