xmin,ymin,xmax,ymax
323.43108328799303,314.0300186246781,473.0798200254296,435.12959047996776
