xmin,ymin,xmax,ymax
100.64491482943333,71.24068665331811,162.67293719377915,129.57089313665256
