xmin,ymin,xmax,ymax
136.5389564268403,108.50002056177101,207.24072517403647,160.62891013677597
