xmin,ymin,xmax,ymax
267.2633772989318,367.2669733905378,519.6508481156188,156.13455338370835
