xmin,ymin,xmax,ymax
58.08967815346229,226.68893844827903,364.0623295781244,448.7889815796052
