xmin,ymin,xmax,ymax
58.08967815346229,448.7889815796052,364.0623295781244,226.68893844827903
