xmin,ymin,xmax,ymax
62.46813904468654,416.7090264688933,396.89804759041647,111.19261409995602
