xmin,ymin,xmax,ymax
170.45004581191847,245.4996002252409,367.4894013617171,384.2502439164772
