xmin,ymin,xmax,ymax
172.01330159344317,328.7964735644236,369.1095824337985,467.58720275373213
