xmin,ymin,xmax,ymax
307.5636391685937,269.08169623289984,414.87098311965514,342.0876803168809
