xmin,ymin,xmax,ymax
150.24698419242713,157.61931609462744,177.27774761077853,260.4942920362
