xmin,ymin,xmax,ymax
482.11220850356995,509.4729777989644,900.9112102749239,422.31092258970307
