xmin,ymin,xmax,ymax
449.06517663167665,363.7481300520144,889.1487143901197,488.6584787820112
