xmin,ymin,xmax,ymax
157.7511939816643,136.96179793116988,284.5276725130532,185.2641495826246
