xmin,ymin,xmax,ymax
152.24734810820564,123.27507403373261,267.5917901105083,171.48703460107038
