xmin,ymin,xmax,ymax
150.35324095663782,132.58429056838065,294.2843395435618,240.99249034294883
