xmin,ymin,xmax,ymax
94.34607158656854,87.19726872038575,175.47957294405728,143.63905729283738
