xmin,ymin,xmax,ymax
224.80513283457321,624.8730254579434,433.87235639351616,327.1002568055626
