xmin,ymin,xmax,ymax
255.07538401894953,195.0172312696353,483.94630557739265,328.6758305093837
