xmin,ymin,xmax,ymax
297.4961628689765,344.6181047387478,525.1767572697993,68.73892274371997
