xmin,ymin,xmax,ymax
357.59773214147583,325.9763279139803,447.7256740592227,205.494489060707
