xmin,ymin,xmax,ymax
289.02914169092423,416.09553044126653,614.5472130638022,66.43427825274694
