xmin,ymin,xmax,ymax
262.1927011288543,368.5804198751499,315.1682723755414,427.65997884604906
