xmin,ymin,xmax,ymax
310.064263887836,582.7162894878775,668.7287186626158,127.23957358227162
