xmin,ymin,xmax,ymax
238.32229397940665,182.8391771988106,438.6023075686253,270.50671913678974
