xmin,ymin,xmax,ymax
203.27722783371973,233.8098868087099,373.5500045836013,166.21576175938304
