xmin,ymin,xmax,ymax
99.33416222719939,82.3735882139398,179.10097027896427,108.5098245037309
