xmin,ymin,xmax,ymax
99.33416222719939,108.5098245037309,179.10097027896427,82.3735882139398
