xmin,ymin,xmax,ymax
128.7514385702557,89.36238322958366,238.90604776614987,154.72075935841178
