xmin,ymin,xmax,ymax
259.3430179311603,297.6599121548159,353.71350154745187,25.676274990947604
