xmin,ymin,xmax,ymax
282.1255649684613,317.0436878507047,359.48042878370484,242.5765232397551
