xmin,ymin,xmax,ymax
230.6747774054439,265.9174326662462,389.0421204612599,512.2353672067732
