xmin,ymin,xmax,ymax
233.52849849514425,255.94497807725287,366.63236862081243,407.5332649062836
