xmin,ymin,xmax,ymax
247.93610372493978,437.4934583912532,415.01083747736925,243.79160312888098
