xmin,ymin,xmax,ymax
34.20628384842553,210.58340587964273,148.29061371840044,116.76686035556233
