xmin,ymin,xmax,ymax
108.5281517730468,288.01463445302534,217.49651095047867,158.2019699533771
