xmin,ymin,xmax,ymax
98.04699499970775,250.37112019538978,228.90511020679742,121.70195966427212
