xmin,ymin,xmax,ymax
83.50921071513415,19.081035719041665,119.99628141680626,103.41676665477485
