xmin,ymin,xmax,ymax
104.21675565717123,134.56910100556718,299.5824607985419,312.0527612182466
