xmin,ymin,xmax,ymax
97.82253709885526,121.84317443047337,319.8141456580929,313.137498710204
