xmin,ymin,xmax,ymax
21.820718518723424,157.96641551754294,290.42737490034415,364.9658945620368
