xmin,ymin,xmax,ymax
173.9617877900905,262.9427809639071,482.4888179502416,549.6735731517805
