xmin,ymin,xmax,ymax
196.55202307470506,165.4796967339222,367.79365730641086,224.6888056592246
