xmin,ymin,xmax,ymax
209.20387780832937,185.46064218707997,341.84308600122336,219.11081711123478
