xmin,ymin,xmax,ymax
320.93590798939454,365.52983505870634,630.2180494278382,203.32773831811778
