xmin,ymin,xmax,ymax
92.90509949224042,138.8819006904177,182.94002518821924,251.39793130294083
