xmin,ymin,xmax,ymax
115.29423894415709,141.3740388700395,167.16252475050578,239.3680254874988
