xmin,ymin,xmax,ymax
194.7371445626543,265.54969210676893,372.1998507646517,156.99333901862383
