xmin,ymin,xmax,ymax
219.1939538834772,239.9571953838824,346.18438194823284,188.93070386834194
