xmin,ymin,xmax,ymax
192.41660883522286,272.2519369400614,310.89288960412046,163.9009770041257
