xmin,ymin,xmax,ymax
204.3433969803989,243.43298179583797,381.07422388682085,180.19983090529453
