xmin,ymin,xmax,ymax
33.24747818440869,295.31441958950506,243.07859326108655,233.20960045947936
