xmin,ymin,xmax,ymax
97.04204575477365,32.64194066696617,257.7110168818741,178.68703908391367
