xmin,ymin,xmax,ymax
440.51325026955533,214.22346224735094,849.1362631672332,666.8981627878752
