xmin,ymin,xmax,ymax
361.52871013186723,370.3565469944897,507.3917478455703,501.09663550684365
