xmin,ymin,xmax,ymax
112.90055766108708,226.1640287459851,246.78904772711985,375.6189672740519
