xmin,ymin,xmax,ymax
88.2444840109763,224.67862823526218,260.7183311035617,411.32590026527373
