xmin,ymin,xmax,ymax
148.83293792595828,188.12094235235543,292.53796651051334,79.88301739831252
