xmin,ymin,xmax,ymax
81.06578030963965,4.3472391949585045,119.40257206952492,103.53300833964279
