xmin,ymin,xmax,ymax
84.45621773117227,7.0994000208521655,113.43063541021445,100.74264756197319
