xmin,ymin,xmax,ymax
56.13347384100507,257.9042073013033,332.8950651248606,510.03629400237696
