xmin,ymin,xmax,ymax
132.77495228898283,283.4061099669174,331.90217922299166,497.0936339386879
