xmin,ymin,xmax,ymax
69.77794020249212,520.4144560134916,344.51052587133995,252.10919178749424
