xmin,ymin,xmax,ymax
165.27492871411596,454.0632426022368,326.0716211877368,287.6659062667186
