xmin,ymin,xmax,ymax
165.27492871411596,287.6659062667186,326.0716211877368,454.0632426022368
