xmin,ymin,xmax,ymax
161.894256656057,288.14420649024044,336.05602661499984,484.14846241357594
