xmin,ymin,xmax,ymax
141.4182037212629,472.38488059372327,315.92526971346797,287.0240694965881
