xmin,ymin,xmax,ymax
174.8211997196413,404.0621622662262,316.69783429439235,283.34782893429826
