xmin,ymin,xmax,ymax
132.77495228898283,497.0936339386879,331.90217922299166,283.4061099669174
