xmin,ymin,xmax,ymax
120.9513397796286,473.2460386574801,309.7631958724685,282.0981405492014
