xmin,ymin,xmax,ymax
216.36563582315694,300.97436929679617,362.40010356060134,468.45091110764645
