xmin,ymin,xmax,ymax
69.77794020249212,252.10919178749424,344.51052587133995,520.4144560134916
