xmin,ymin,xmax,ymax
100.96143299383971,480.74865089989305,324.14183377051177,277.6985322697018
