xmin,ymin,xmax,ymax
160.26048500491493,282.01821160034086,316.9096147859784,415.3426417105501
