xmin,ymin,xmax,ymax
129.6875381454588,279.4299216821093,314.8342061910432,467.36425877606985
