xmin,ymin,xmax,ymax
209.3531165846905,286.3988686590556,311.9360261381428,393.67802455935714
