xmin,ymin,xmax,ymax
151.72959521043708,285.45266409314667,321.9266858795945,469.38355172756235
