xmin,ymin,xmax,ymax
100.96143299383971,277.6985322697018,324.14183377051177,480.74865089989305
