xmin,ymin,xmax,ymax
109.74392851777452,431.2924265441174,319.3489113899195,260.5543242756283
