xmin,ymin,xmax,ymax
109.74392851777452,260.5543242756283,319.3489113899195,431.2924265441174
