xmin,ymin,xmax,ymax
159.71203103942617,361.75528224479825,302.21989149344836,215.74096817296464
