xmin,ymin,xmax,ymax
27.408289904169806,40.85903117168624,110.60254754777338,114.83377836682519
