xmin,ymin,xmax,ymax
239.44712024124556,54.91890920821231,590.033910516006,394.9025212978864
