xmin,ymin,xmax,ymax
93.53264568910504,111.3744109304057,189.89723988839273,41.73462297085075
