xmin,ymin,xmax,ymax
5.192108347373505,78.44693313838775,100.19300088392083,120.66960753519055
