xmin,ymin,xmax,ymax
93.36058592879886,107.60727042952982,166.62301366114502,48.012697478525126
