xmin,ymin,xmax,ymax
413.799866374613,160.99800083638092,859.6887451127519,547.0104187639611
