xmin,ymin,xmax,ymax
421.23603498378554,187.32327569675874,742.4699825502288,511.1314489636646
