xmin,ymin,xmax,ymax
449.25617879558695,322.3783024021519,658.1351680611982,491.55962807570785
