xmin,ymin,xmax,ymax
408.43305513083385,219.07966227847567,775.2795349482037,543.501029315452
