xmin,ymin,xmax,ymax
281.5590202158826,407.19321418869595,572.1638562748542,259.083278947278
