xmin,ymin,xmax,ymax
215.73993953621493,46.19926022124406,399.8864114667258,382.866706304165
