xmin,ymin,xmax,ymax
212.5492983325846,177.18442302026,319.8227393142862,277.8897058738152
