xmin,ymin,xmax,ymax
240.57852594775397,112.12988385625385,358.2988180728381,261.9051120135374
