xmin,ymin,xmax,ymax
242.292904105199,68.59434630911653,406.6137522261839,259.4448336734266
