xmin,ymin,xmax,ymax
233.05574935023515,259.8653799557487,331.6836881672351,132.11313386158474
