xmin,ymin,xmax,ymax
244.11942634296577,169.7407927529075,312.91358371401145,253.75214514207426
