xmin,ymin,xmax,ymax
234.1225428747656,236.82919862701266,332.7495784263666,364.5802747262957
