xmin,ymin,xmax,ymax
216.80612537450043,156.24490607500968,302.64774038859935,247.24842758735326
