xmin,ymin,xmax,ymax
117.025600704731,269.5197059237741,208.50299894111345,430.9439186382151
