xmin,ymin,xmax,ymax
96.66327982896337,738.4589279865788,549.7193533908026,499.2557435026098
