xmin,ymin,xmax,ymax
248.06792925337368,710.5468223177368,552.9662942251334,509.6194757391868
