xmin,ymin,xmax,ymax
135.1910993793233,784.1957133725775,571.9595617626096,482.1366304528684
