xmin,ymin,xmax,ymax
250.26178344198252,691.6107479081986,550.3758783949845,502.45567544048555
