xmin,ymin,xmax,ymax
51.43364679568458,844.5895214663244,577.3919005065827,470.93726700123193
