xmin,ymin,xmax,ymax
297.4086958981977,691.5034529534448,552.3255234772769,508.2510462876244
