xmin,ymin,xmax,ymax
315.93570008969255,662.2065381796235,547.1728664343761,506.4980286725613
