xmin,ymin,xmax,ymax
100.92102462476328,42.51795528058858,134.4635580341967,70.03712662089481
