xmin,ymin,xmax,ymax
158.846529445618,237.13696768362627,278.03282255050544,104.68721310248873
