xmin,ymin,xmax,ymax
234.9217747652998,272.12862191152976,430.1462624790014,549.01186035675
