xmin,ymin,xmax,ymax
90.02642352718499,92.75308922784004,159.29114778198505,167.3898571797434
