xmin,ymin,xmax,ymax
221.96092833132298,9.454660339865889,418.6702789787794,300.01600409673614
