xmin,ymin,xmax,ymax
269.90841353434575,108.26763702032841,399.0863387578506,359.9879625339753
