xmin,ymin,xmax,ymax
268.91020165679686,513.1207072843091,398.0454591294548,261.4835255439774
