xmin,ymin,xmax,ymax
220.97855361286145,611.9010458227506,417.62293073215403,321.43567511235625
