xmin,ymin,xmax,ymax
200.12108976914396,25.751464785186503,421.58006198405633,298.8734831973542
