xmin,ymin,xmax,ymax
233.30270538429795,141.93653642244158,433.8606415901761,325.4947617075758
