xmin,ymin,xmax,ymax
50.86260383054457,126.7137349535318,146.43745873886542,182.3951347059242
