xmin,ymin,xmax,ymax
53.8328690938248,126.85759224395906,146.25210230986255,188.11212518435445
