xmin,ymin,xmax,ymax
27.392221931602705,123.94351400756534,135.3575892900572,190.33204513026715
