xmin,ymin,xmax,ymax
172.5195335226258,277.9222384597741,332.8429083783824,548.6497231725353
