xmin,ymin,xmax,ymax
30.45027188742256,107.72299577871956,175.5887832075589,229.7841811703045
