xmin,ymin,xmax,ymax
88.2444840109763,411.32590026527373,260.7183311035617,224.67862823526218
