xmin,ymin,xmax,ymax
112.90055766108708,375.6189672740519,246.78904772711985,226.1640287459851
