xmin,ymin,xmax,ymax
199.31169965535216,249.20927415146474,312.5857658858871,99.58913138984417
