xmin,ymin,xmax,ymax
202.5315385143622,263.8328878368743,290.046807806414,482.3091147578923
