xmin,ymin,xmax,ymax
188.0645969653163,246.81883089426765,323.62321113073824,29.847370521812223
