xmin,ymin,xmax,ymax
212.53138961066793,149.09150670385247,406.50003751080044,280.5019825015147
