xmin,ymin,xmax,ymax
48.51618835370482,163.64343713314105,205.78417390037453,246.17868233117062
