xmin,ymin,xmax,ymax
313.58270095316027,325.0123732893477,535.749262974375,248.2083301770643
