xmin,ymin,xmax,ymax
98.47597684079665,124.66771588876554,165.17281041646243,67.43996961955577
