xmin,ymin,xmax,ymax
101.21487712386329,85.55868806299426,138.18639848969042,108.6529877490652
