xmin,ymin,xmax,ymax
28.778299870710725,653.777058121693,499.73856469709676,411.96911705573245
