xmin,ymin,xmax,ymax
229.88441796814072,543.3400258859849,498.2624598018574,390.8357651311078
