xmin,ymin,xmax,ymax
242.52213914414506,544.7478226573851,513.8256275221959,343.1639629665265
