xmin,ymin,xmax,ymax
185.45647602709545,281.81602003579246,324.98423516769014,489.11957193396665
