xmin,ymin,xmax,ymax
214.65023301652948,294.56513043311884,270.53197182745646,536.3124237989211
