xmin,ymin,xmax,ymax
223.97647726625095,291.2711636123545,264.040091849007,531.3991174426023
