xmin,ymin,xmax,ymax
299.4252119872733,346.9354767566888,585.1406600048326,149.76319475096466
