xmin,ymin,xmax,ymax
299.4252119872733,149.76319475096466,585.1406600048326,346.9354767566888
