xmin,ymin,xmax,ymax
211.99999999999977,177.65036329991665,390.6727673569028,246.34963670008324
