xmin,ymin,xmax,ymax
239.06324423445471,180.27058774061203,445.87891343351816,293.4710929731644
