xmin,ymin,xmax,ymax
239.06324423445471,293.4710929731644,445.87891343351816,180.27058774061203
