xmin,ymin,xmax,ymax
244.62805580293002,216.31885182125566,332.32704125143323,255.3791346878555
