xmin,ymin,xmax,ymax
28.778299870710725,411.96911705573245,499.73856469709676,653.777058121693
