xmin,ymin,xmax,ymax
256.7462953938152,383.7445684651475,501.6144597485579,529.4116454234701
