xmin,ymin,xmax,ymax
379.5811045880887,398.32313953207773,502.07669551549156,515.7174518046099
