xmin,ymin,xmax,ymax
424.36546115862507,424.0917111204369,496.04168330507696,487.15239447438825
