xmin,ymin,xmax,ymax
307.7208774606959,400.4777828437532,499.6586619691477,536.7144896170555
