xmin,ymin,xmax,ymax
209.75291690682138,363.6870376770106,501.505997521637,565.4238656676443
