xmin,ymin,xmax,ymax
86.29573317148993,149.70447238266996,112.38473720792916,100.35715631722775
