xmin,ymin,xmax,ymax
93.21290613538736,32.7688790755866,196.33107664926388,113.94127883838331
