xmin,ymin,xmax,ymax
98.72627368715325,57.48314232397939,169.12636324894856,106.85181118893894
