xmin,ymin,xmax,ymax
94.0624408228739,60.70178514089105,156.49015330433895,108.63280308640532
