xmin,ymin,xmax,ymax
228.79275952962712,138.86311745331727,452.4395297207609,278.33069356935846
