xmin,ymin,xmax,ymax
37.93985085754366,709.6401069367429,484.68988289283266,390.9390944363473
