xmin,ymin,xmax,ymax
302.74897995061247,108.95737365872951,542.6511071496227,316.90783973246425
