xmin,ymin,xmax,ymax
448.0967710332518,498.0436658728125,648.7715177420012,153.5009526303392
