xmin,ymin,xmax,ymax
451.0712764652121,499.995269089043,684.2609429970046,215.4543989355841
