xmin,ymin,xmax,ymax
425.0961042628869,491.839869786189,678.3050889373978,163.14120596962107
