xmin,ymin,xmax,ymax
444.6997694859681,523.469660013498,602.0873767048342,348.5980219219006
