xmin,ymin,xmax,ymax
440.2142341914864,501.2038891543328,722.12875345877,31.359415000496057
