xmin,ymin,xmax,ymax
37.51364815086981,379.6731194932513,256.81673761887873,200.49614221290028
