xmin,ymin,xmax,ymax
37.51364815086981,200.49614221290028,256.81673761887873,379.6731194932513
