xmin,ymin,xmax,ymax
275.6766766886931,169.66833819974363,545.2454336912836,326.0545326726686
