xmin,ymin,xmax,ymax
101.49093321470241,71.03437686236715,159.11131640751728,102.69479228074331
