xmin,ymin,xmax,ymax
188.69747240697757,117.44159170827965,350.3763651708075,210.0245267232015
