xmin,ymin,xmax,ymax
82.21832380837236,14.489870952315385,135.16187321147004,101.20940333788525
