xmin,ymin,xmax,ymax
84.06351775519056,94.70630398701053,122.01991423847267,147.12391700478287
