xmin,ymin,xmax,ymax
80.73499455196566,98.14924722490616,136.5205640878453,191.00626709617333
