xmin,ymin,xmax,ymax
81.16189359249961,6.1106849334933315,136.93212547805751,98.94217475258796
