xmin,ymin,xmax,ymax
85.99247799868112,98.78832689036426,140.4161986432846,-1.4957449884206824
