xmin,ymin,xmax,ymax
81.16189359249961,98.94217475258796,136.93212547805751,6.1106849334933315
