xmin,ymin,xmax,ymax
150.60234687842149,163.66461513818945,185.06741207522737,194.2109989182166
