xmin,ymin,xmax,ymax
156.5141348828222,141.72848685084392,190.16298944993014,170.43301233209849
