xmin,ymin,xmax,ymax
171.7105775376598,212.0698935720227,297.9716055694215,29.288533084854862
