xmin,ymin,xmax,ymax
243.9765711731295,851.7503888392716,501.00649425830443,423.8644629951675
