xmin,ymin,xmax,ymax
146.94437985871798,148.1670439385527,204.59243703217987,213.89058435046235
