xmin,ymin,xmax,ymax
130.0213486561566,146.6739332979139,232.58013635589236,282.32927165942493
