xmin,ymin,xmax,ymax
431.89860261902595,365.5088415286157,794.4989403185159,460.6650858544653
