xmin,ymin,xmax,ymax
335.5564052126765,313.70012728177164,431.68483448129496,410.37202528250737
