xmin,ymin,xmax,ymax
361.5610892609095,362.0732191139311,532.7005956387582,563.68990108539
