xmin,ymin,xmax,ymax
361.5610892609095,563.68990108539,532.7005956387582,362.0732191139311
