xmin,ymin,xmax,ymax
431.89860261902595,460.6650858544653,794.4989403185159,365.5088415286157
