xmin,ymin,xmax,ymax
379.53895732149635,356.66665833886316,487.658921450103,450.9560887684191
