xmin,ymin,xmax,ymax
378.35735603757485,326.41781593223413,484.91784157722714,429.91089251717574
