xmin,ymin,xmax,ymax
408.165519762794,456.00360743496424,568.8207631413725,395.6549097240694
