xmin,ymin,xmax,ymax
365.8292084704567,362.6203666342095,529.2924987685519,536.3383635641862
