xmin,ymin,xmax,ymax
378.49034564491467,331.71096586882766,486.64149506584954,426.0275924177598
