xmin,ymin,xmax,ymax
377.30840354899124,352.7622322348966,483.8996245769406,456.2851595682476
