xmin,ymin,xmax,ymax
408.165519762794,395.6549097240694,568.8207631413725,456.00360743496424
