xmin,ymin,xmax,ymax
378.49034564491467,426.0275924177598,486.64149506584954,331.71096586882766
