xmin,ymin,xmax,ymax
362.6145824742298,219.04404448133292,533.7047409203749,420.60259045332106
