xmin,ymin,xmax,ymax
164.955873394641,43.8657740115878,263.3594785557407,178.41269280300708
