xmin,ymin,xmax,ymax
127.8351935725093,180.94625564575836,237.86391247913457,115.662574392951
