xmin,ymin,xmax,ymax
135.61381145765563,161.83048977875308,206.2347786280102,109.76117574975353
