xmin,ymin,xmax,ymax
5.919871074413322,125.19701614887501,100.89464412375082,82.98595042831133
