xmin,ymin,xmax,ymax
31.322347923495045,87.44877467957713,103.04142348989194,128.45625150829693
