xmin,ymin,xmax,ymax
63.53116621028224,107.24448391974022,118.7585212515752,43.80470136243048
