xmin,ymin,xmax,ymax
171.7105775376598,29.288533084854862,297.9716055694215,212.0698935720227
