xmin,ymin,xmax,ymax
124.3268594212575,166.2275505706777,205.09885112314305,298.34938693978546
