xmin,ymin,xmax,ymax
303.021362556687,989.7880871553846,721.2241187487401,509.9121331766951
