xmin,ymin,xmax,ymax
64.15130408589243,801.1403139724862,565.036292309064,527.6608092825152
