xmin,ymin,xmax,ymax
441.3854481216265,509.80498482295,553.6527261579424,600.4864591601277
