xmin,ymin,xmax,ymax
64.15130408589243,527.6608092825152,565.036292309064,801.1403139724862
