xmin,ymin,xmax,ymax
87.92543229831404,528.9125983647607,565.8194131767327,811.5517662127645
