xmin,ymin,xmax,ymax
477.19845116873876,534.3520341257815,555.445242594546,606.1025962868616
