xmin,ymin,xmax,ymax
218.0359883371807,779.8511074146746,573.3606786980911,515.6606873051073
