xmin,ymin,xmax,ymax
56.73583622677552,767.0113021565803,564.6478175623199,509.91215799529783
