xmin,ymin,xmax,ymax
512.2102817711079,648.0935598042853,606.2553102010515,584.4673501799431
