xmin,ymin,xmax,ymax
113.47681294400036,875.0865775705162,629.7467402214902,554.6685680065716
