xmin,ymin,xmax,ymax
109.98021588397683,835.7039776603858,623.6494208424583,541.8386407864032
