xmin,ymin,xmax,ymax
255.3686029518342,825.6593205366495,632.3669773277704,558.579995341485
