xmin,ymin,xmax,ymax
89.65721849236752,846.4748539662806,637.5251167907245,520.379012503616
