xmin,ymin,xmax,ymax
104.29176311012043,840.4097490753121,619.9890932703006,540.2429650102002
