xmin,ymin,xmax,ymax
395.40062246169373,745.469869730011,626.4772542709698,570.4503308263502
