xmin,ymin,xmax,ymax
342.5429960650183,779.9251623604649,623.6708015742277,588.8552802426111
