xmin,ymin,xmax,ymax
469.8358707769264,686.5960409085955,605.2455916158558,569.5583288583489
