xmin,ymin,xmax,ymax
252.47415660416596,812.1927933579021,627.4613196658836,561.4036240274793
