xmin,ymin,xmax,ymax
210.84743476231938,803.3131123704575,619.900474644239,540.3201929490963
