xmin,ymin,xmax,ymax
132.03109248821897,874.6364499359865,629.2826091588092,551.1235421023719
