xmin,ymin,xmax,ymax
230.3655669952036,832.6288848137193,628.162858358753,565.9342436090658
