xmin,ymin,xmax,ymax
149.77297651560934,862.4157833989832,635.235348241275,560.0218313183565
