xmin,ymin,xmax,ymax
460.47806652040344,705.9262860830754,619.2592295360027,585.049845957841
