xmin,ymin,xmax,ymax
117.91873419594617,920.7942924510937,645.0535208338604,565.5431002111837
