xmin,ymin,xmax,ymax
483.97712013795217,716.4862006743276,628.3176860111457,572.9648588804007
