xmin,ymin,xmax,ymax
12.653060345732229,87.76215670039034,107.63741391140343,152.63856195802856
