xmin,ymin,xmax,ymax
414.7003859051076,689.0231649351203,886.0349157267515,1435.063141730921
