xmin,ymin,xmax,ymax
490.7362638732784,537.5471896501301,877.9247797269293,433.4384191204377
