xmin,ymin,xmax,ymax
497.43210401817896,556.2071450340914,798.8487358229991,452.4903277154613
