xmin,ymin,xmax,ymax
491.7280184106344,553.392421328113,660.6451224847524,475.20445078870796
