xmin,ymin,xmax,ymax
488.1526580476484,574.475512614632,772.0540286059104,436.6478521711053
