xmin,ymin,xmax,ymax
478.902472767699,599.4521476081821,645.648969876401,474.0847485645026
