xmin,ymin,xmax,ymax
483.35013973504897,547.9976679180648,539.7882523460073,490.28594720969284
