xmin,ymin,xmax,ymax
489.9186175241082,548.0113505123926,723.132532561179,460.7224902621271
