xmin,ymin,xmax,ymax
490.67294643490254,573.3608974167666,873.919142745,452.4446569150106
