xmin,ymin,xmax,ymax
487.0760711805365,583.965781909192,752.3301031499138,459.6397731306794
