xmin,ymin,xmax,ymax
68.30365362940029,173.97852789058106,222.16740976856045,294.7466722001666
