xmin,ymin,xmax,ymax
69.35063991678135,252.0792731505157,223.06679224242657,131.42698353665918
