xmin,ymin,xmax,ymax
75.32158881411078,449.53455894744076,312.02202105580386,247.64266554990473
