xmin,ymin,xmax,ymax
76.86375827723623,131.07206944375736,313.54344289815504,332.9462663106958
