xmin,ymin,xmax,ymax
177.09852839722566,290.9601081033804,300.33069389266825,414.0781253580933
