xmin,ymin,xmax,ymax
75.32158881411078,247.64266554990473,312.02202105580386,449.53455894744076
