xmin,ymin,xmax,ymax
89.96067136244756,114.27299175009074,118.72002889122626,83.98292382155023
