xmin,ymin,xmax,ymax
90.38326653676779,1.835718270433233,161.26274438839863,91.82407290387789
