xmin,ymin,xmax,ymax
91.52394041425589,86.0830134209998,120.2912071977454,116.38141157257166
