xmin,ymin,xmax,ymax
94.25837394791165,67.23193789882714,135.70816070259548,106.93846417626526
