xmin,ymin,xmax,ymax
208.21482875204407,99.28170769358336,446.63912127330514,295.9143092730738
