xmin,ymin,xmax,ymax
270.55522370497505,190.4064756557249,466.82111499107157,310.61156566844244
