xmin,ymin,xmax,ymax
213.9775670132201,409.5759437061962,485.365592020486,822.6366173389172
