xmin,ymin,xmax,ymax
342.10352146054083,407.1254571911858,610.5707444224454,255.18045859908977
