xmin,ymin,xmax,ymax
360.4313664570493,424.33278140912086,628.4437484012662,281.8564565176631
