xmin,ymin,xmax,ymax
367.47387082069827,425.5821533009979,658.7612443937812,308.56710393233936
