xmin,ymin,xmax,ymax
349.71473143504,402.5637446113357,611.9644513882281,265.5727626695907
