xmin,ymin,xmax,ymax
340.0458330337401,400.29565641637856,591.0238154387673,237.88753859848225
