xmin,ymin,xmax,ymax
283.5598545575858,208.96168016807667,479.08051927587405,330.8163312670519
