xmin,ymin,xmax,ymax
203.9351363876881,172.70816618949198,423.18976757455266,374.58695368986264
