xmin,ymin,xmax,ymax
188.48355165103294,224.00955418287538,335.35473359080356,379.41149764706324
