xmin,ymin,xmax,ymax
201.09578563062018,457.6123047058068,504.9762851705848,574.3628545853574
