xmin,ymin,xmax,ymax
248.01983155131552,463.1163791010971,505.3077477678478,567.0054071857227
