xmin,ymin,xmax,ymax
28.881274101786857,418.44044850375735,515.5015646209097,661.1271368386023
