xmin,ymin,xmax,ymax
46.59314551691705,423.2634551001185,510.6212556921612,629.3393063966466
