xmin,ymin,xmax,ymax
66.43091005257747,433.58550329611353,511.8843065334652,621.4635325184338
