xmin,ymin,xmax,ymax
74.97977446441769,459.5416343552337,511.08879666926555,631.7627862165803
