xmin,ymin,xmax,ymax
24.78487893188276,414.4684238195207,511.79985320938135,667.7847778101151
