xmin,ymin,xmax,ymax
265.5813304845283,464.39740752876537,476.6003798960717,559.0986556543501
