xmin,ymin,xmax,ymax
588.0172153382911,390.62376937025687,720.5170891129429,344.80782211768883
