xmin,ymin,xmax,ymax
351.9465880803082,280.34228237232935,705.8515662417869,500.2010638787456
