xmin,ymin,xmax,ymax
215.26462351653322,231.08057971475148,476.2924580097815,504.4799911662514
