xmin,ymin,xmax,ymax
287.8395318899602,448.6495038417891,529.9190620672891,257.0090168226854
