xmin,ymin,xmax,ymax
214.7014071665542,62.660451079988206,475.95947155636713,336.3010043175417
