xmin,ymin,xmax,ymax
305.03696938981693,425.6105788496268,535.7800579281757,154.1214722815646
