xmin,ymin,xmax,ymax
321.5904096393017,391.6206778294636,582.52274531017,286.45758564204243
