xmin,ymin,xmax,ymax
321.5904096393017,286.45758564204243,582.52274531017,391.6206778294636
