xmin,ymin,xmax,ymax
64.35695377164848,99.974440712231,135.58586927225065,179.63230355968017
