xmin,ymin,xmax,ymax
61.9650414473449,83.47634573795642,103.08381969737229,119.6294580681768
