xmin,ymin,xmax,ymax
89.31585127501216,113.61741755118271,130.30725543230324,64.99978254543475
