xmin,ymin,xmax,ymax
119.53978787557753,605.1130578079059,630.5142936235632,300.69760520731325
