xmin,ymin,xmax,ymax
486.24687727009587,586.7819157458184,627.1507880270649,697.2438736355198
