xmin,ymin,xmax,ymax
299.0073481601926,583.9969639808387,624.796140050476,773.6008334601172
