xmin,ymin,xmax,ymax
540.7236214600423,589.9057671083585,630.4552535037808,671.7769047061381
