xmin,ymin,xmax,ymax
539.7191689518258,506.9815776024395,629.4051217975696,588.8110375017395
