xmin,ymin,xmax,ymax
120.33023298873809,573.5954437938652,631.5649902574789,878.1659424556398
