xmin,ymin,xmax,ymax
189.6046452093874,61.65291449717762,275.6873657928643,142.43878092158195
