xmin,ymin,xmax,ymax
166.31784708125292,84.57565527914323,253.75561530902246,209.226332504587
