xmin,ymin,xmax,ymax
167.4519818162662,75.84908137148062,283.9177715827725,224.4586428207731
