xmin,ymin,xmax,ymax
164.19937243088862,61.351074017222004,235.34999236581552,143.05048913266444
