xmin,ymin,xmax,ymax
83.97784984269208,80.90365589293356,166.3385611904596,157.15603127302097
