xmin,ymin,xmax,ymax
83.97784984269208,157.15603127302097,166.3385611904596,80.90365589293356
