xmin,ymin,xmax,ymax
440.3898921985931,930.0674291690775,621.9054821363707,482.5883943426194
