xmin,ymin,xmax,ymax
432.0723759122725,31.115596017303062,609.1783091806533,529.364379935037
