xmin,ymin,xmax,ymax
454.6709011139819,537.0518317136276,598.858405955383,1010.2237435961205
