xmin,ymin,xmax,ymax
465.11120029325843,37.28747808740428,579.3639095600331,496.24775694333744
