xmin,ymin,xmax,ymax
456.765430100917,46.546427265047214,600.9605368875477,519.7432860176751
