xmin,ymin,xmax,ymax
462.88043368531817,538.7666395457571,578.4211007380447,968.938213516861
