xmin,ymin,xmax,ymax
429.97914873959235,527.4312450189492,607.0757450087187,1025.653761332667
