xmin,ymin,xmax,ymax
225.51183927832415,70.60948932120039,388.0337819208893,292.95914643515283
