xmin,ymin,xmax,ymax
223.3388519279398,38.65564901417501,391.30202871772815,303.84217844721525
