xmin,ymin,xmax,ymax
365.05667696272803,181.95757621222003,699.1956923598298,540.1473610703403
