xmin,ymin,xmax,ymax
118.7544444444444,71.93274878732302,149.6945274454822,94.95280676823268
