xmin,ymin,xmax,ymax
70.61855448304169,63.63765545377976,113.3070010725138,110.14444444444462
