xmin,ymin,xmax,ymax
81.30051873038354,29.66721415596885,143.54145696010858,111.5729112359212
