xmin,ymin,xmax,ymax
356.969773371733,512.2817998692553,619.8216531749462,900.6577909470328
