xmin,ymin,xmax,ymax
92.89057798097872,222.00679411253827,526.1683063222412,599.3101150371001
