xmin,ymin,xmax,ymax
324.8195511376225,525.5493476607742,672.971333022626,974.6098766588893
