xmin,ymin,xmax,ymax
478.9805513104061,309.21854127673225,926.9069541271663,643.7546448477177
