xmin,ymin,xmax,ymax
146.70858644897717,36.559125918609425,226.89458157416752,175.63985708805876
