xmin,ymin,xmax,ymax
103.922136402778,84.57155155879946,182.27258957299446,167.78191720726932
