xmin,ymin,xmax,ymax
133.11637749546819,46.24105779851425,211.9739225200638,174.4313972509533
