xmin,ymin,xmax,ymax
160.86381544254846,177.93469691835674,330.5949103350604,381.55567521820456
