xmin,ymin,xmax,ymax
217.9136344410735,187.63321620616256,424.1843359097401,380.2003535734351
