xmin,ymin,xmax,ymax
232.63192001745045,205.21656847753508,359.5157562684962,320.0400542665885
