xmin,ymin,xmax,ymax
100.0,79.39574108530931,156.38502475268706,120.60425891469072
