xmin,ymin,xmax,ymax
455.7088704161981,394.1931333625475,865.1170545262369,492.1050860856468
