xmin,ymin,xmax,ymax
423.07808712255814,398.6382968298285,502.82810389178235,434.5486996549124
