xmin,ymin,xmax,ymax
426.34123121213156,475.70563287886216,734.8463184340376,417.407716162608
