xmin,ymin,xmax,ymax
422.3591370057734,441.65276058720394,502.12582468479536,477.57067010771624
