xmin,ymin,xmax,ymax
426.34123121213156,417.407716162608,734.8463184340376,475.70563287886216
