xmin,ymin,xmax,ymax
455.7088704161981,492.1050860856468,865.1170545262369,394.1931333625475
