xmin,ymin,xmax,ymax
462.19468280806336,390.55467446981214,845.9460444296478,486.8191860182711
