xmin,ymin,xmax,ymax
417.9617349308505,401.46990842903745,636.9430315719326,450.05215682136213
