xmin,ymin,xmax,ymax
456.42085057580334,384.10691848508526,865.7434700584722,481.99840801258915
