xmin,ymin,xmax,ymax
417.2417152939661,474.7384665896154,636.2687876927421,426.14606258462095
