xmin,ymin,xmax,ymax
97.07539792170405,469.7054022808524,337.8206326707086,272.15529095772706
