xmin,ymin,xmax,ymax
183.551407353704,486.1745966162173,354.1782689775898,319.89488429299047
