xmin,ymin,xmax,ymax
193.02684098939926,302.83889239587063,360.6867873406361,443.32200851209234
