xmin,ymin,xmax,ymax
183.551407353704,319.89488429299047,354.1782689775898,486.1745966162173
