xmin,ymin,xmax,ymax
327.84879752805773,603.0338602033615,417.61203254783504,313.690474681623
