xmin,ymin,xmax,ymax
135.24441150334565,187.8731210889685,359.3136119278179,382.41053130578536
