xmin,ymin,xmax,ymax
329.1002107424358,113.43339671939573,448.6499945001533,441.77199007489423
