xmin,ymin,xmax,ymax
327.0431225454022,286.71048534399506,416.5770648358375,564.4524908766168
