xmin,ymin,xmax,ymax
312.03063025617575,158.86579228349035,418.15943967358726,370.67357726597635
