xmin,ymin,xmax,ymax
54.18754865030837,529.6895556682623,342.91001009855177,305.9178207663474
