xmin,ymin,xmax,ymax
55.45377559205099,361.0391931112565,346.8956604055211,492.2413214340926
