xmin,ymin,xmax,ymax
112.19438116721011,181.95295355353915,237.74665963477642,338.58399784129983
