xmin,ymin,xmax,ymax
92.73379500913381,164.53768325065948,232.57858212103648,336.8863893611199
