xmin,ymin,xmax,ymax
41.22915305229799,154.69096594165234,221.760527615226,270.3929200374134
