xmin,ymin,xmax,ymax
277.0,133.02413267899436,520.6617298081981,420.9758673210057
