xmin,ymin,xmax,ymax
277.27522090403795,417.02235091148947,520.8338860657125,129.1924148127705
