xmin,ymin,xmax,ymax
488.72984899033645,245.0120946709851,863.1241578914521,584.8243526904175
