xmin,ymin,xmax,ymax
481.3507956774872,288.2692033552815,744.5143791454789,558.9432819350416
