xmin,ymin,xmax,ymax
531.9608281141304,366.4659559417851,998.1686358929198,614.3255751815329
