xmin,ymin,xmax,ymax
474.78519652656246,194.23031276672612,1010.9776998666966,632.9370484046378
