xmin,ymin,xmax,ymax
223.0889394728597,297.3819039565372,412.65480602183106,141.0997675056958
