xmin,ymin,xmax,ymax
267.78648852610627,379.54370938926985,501.76776312216793,147.6135472858412
