xmin,ymin,xmax,ymax
44.3606472654717,151.43932236537665,249.60232297365155,308.6879165579421
