xmin,ymin,xmax,ymax
45.802612647498336,181.01425594029055,251.1539198158157,338.3468457099066
