xmin,ymin,xmax,ymax
355.23494470518096,95.49691209772766,624.4721584744494,428.62843719497096
