xmin,ymin,xmax,ymax
312.8518742487787,86.27869297359217,571.1199142107181,427.6883103678473
