xmin,ymin,xmax,ymax
338.3713738506475,461.08065790578337,597.3748508022894,175.3567895956487
