xmin,ymin,xmax,ymax
336.43503523205277,348.3873095242176,595.4453101720981,634.1186771450416
