xmin,ymin,xmax,ymax
63.08931339838182,218.27161546089758,215.22776049544677,66.41744825649538
