xmin,ymin,xmax,ymax
63.08931339838182,66.41744825649538,215.22776049544677,218.27161546089758
