xmin,ymin,xmax,ymax
205.03537819380358,483.9312324533499,532.7333332865494,759.8626529607285
