xmin,ymin,xmax,ymax
125.58263830769374,345.9661548656542,208.5632283753007,185.2871421178894
