xmin,ymin,xmax,ymax
453.492513425148,415.33267315312725,877.7255153094286,507.90276119291025
