xmin,ymin,xmax,ymax
451.4747455987638,430.4747325346034,706.9312016239096,495.83598896484693
