xmin,ymin,xmax,ymax
455.60168897067,426.33996356140864,871.1709620702961,506.5623114897763
