xmin,ymin,xmax,ymax
184.26090432174738,152.8987151083473,335.4612632767312,209.43948147050634
