xmin,ymin,xmax,ymax
39.32934906114701,388.1728618721975,260.0806247767089,198.06126476398248
