xmin,ymin,xmax,ymax
135.49772640834226,331.05965944266075,259.57381679710033,224.866516444948
