xmin,ymin,xmax,ymax
309.1665074991917,370.97121806146953,416.50485287997384,443.9982938042452
