xmin,ymin,xmax,ymax
84.13456783542274,282.5901661646658,402.4134008071423,567.8248482755134
