xmin,ymin,xmax,ymax
161.88915370823997,84.42228292153865,275.3640699764776,220.9141623548198
