xmin,ymin,xmax,ymax
210.18117365699095,352.9777190475796,502.8758061453409,29.63583711522824
