xmin,ymin,xmax,ymax
251.814653924746,420.4777015069671,397.8086314876791,249.97287702339736
