xmin,ymin,xmax,ymax
230.6747774054439,512.2353672067732,389.0421204612599,265.9174326662462
