xmin,ymin,xmax,ymax
191.5131575980722,193.8413614189306,300.50440612646753,340.608337771453
