xmin,ymin,xmax,ymax
80.04237775290926,96.68169131629047,121.57964379099712,56.96595937828424
