xmin,ymin,xmax,ymax
155.0194283136152,19.776718322334204,233.5855269990775,164.22932967597797
