xmin,ymin,xmax,ymax
154.93787606090382,108.8051346088281,192.7774226073857,185.09162784972136
