xmin,ymin,xmax,ymax
269.9444222776075,192.4242286154245,466.3126040461308,312.69196749986895
