xmin,ymin,xmax,ymax
138.117821802271,18.564935868224126,471.2009186677021,415.58085444676675
