xmin,ymin,xmax,ymax
257.97760991652876,240.35778719538723,407.6575157765121,286.8264991067342
