xmin,ymin,xmax,ymax
283.23263152899904,243.6887783346777,521.128909959549,309.18452852644043
