xmin,ymin,xmax,ymax
171.08963732449524,78.13065456706704,212.96300640497452,190.56551043381165
