xmin,ymin,xmax,ymax
174.85989477806652,94.15354934347238,318.2479393044375,200.3513705808387
