xmin,ymin,xmax,ymax
174.85989477806652,200.3513705808387,318.2479393044375,94.15354934347238
