xmin,ymin,xmax,ymax
302.8485914004211,346.96934837154777,493.68072383572974,186.61131219005324
