xmin,ymin,xmax,ymax
316.17346812445413,381.7001268618204,487.10694362900085,250.1284484839823
