xmin,ymin,xmax,ymax
292.8471515592101,360.73947862634395,584.9279559096595,136.0751051790935
