xmin,ymin,xmax,ymax
29.125369330429294,483.35420626409893,455.119987567655,707.5672277942789
