xmin,ymin,xmax,ymax
92.11985429708011,299.68703077391626,292.9941878285955,176.62637134235692
