xmin,ymin,xmax,ymax
242.60180073164986,296.61821630164866,306.6285633320193,241.07465784904403
