xmin,ymin,xmax,ymax
57.19825468669069,136.087159534556,172.75924278676962,261.54179650829474
