xmin,ymin,xmax,ymax
73.55230520107762,306.8859754833253,359.66504143750467,551.7485678018703
