xmin,ymin,xmax,ymax
106.5184033259386,254.4083514376132,468.19055863614767,632.0692805337202
