xmin,ymin,xmax,ymax
260.6419485924673,592.386577641962,385.6617513126862,346.4717212616098
