xmin,ymin,xmax,ymax
175.5516698354802,147.82940755145876,332.18193112380595,229.67310061826294
