xmin,ymin,xmax,ymax
176.03183828807755,151.4460534143961,338.1871938561021,254.13299492924136
