xmin,ymin,xmax,ymax
481.5776159850875,359.9052433237631,931.2267104230123,597.7546585165206
