xmin,ymin,xmax,ymax
481.5776159850875,597.7546585165206,931.2267104230123,359.9052433237631
