xmin,ymin,xmax,ymax
29.48152444677612,435.92843346047994,548.0181063805421,675.1482281330698
