xmin,ymin,xmax,ymax
324.6567055713433,387.6829911741373,512.9836023550062,598.549468183714
