xmin,ymin,xmax,ymax
371.8083183842868,348.6850478111471,685.926244450548,605.9030643629644
