xmin,ymin,xmax,ymax
301.5241855428739,414.9412767815098,525.9555137526495,762.4736171260869
