xmin,ymin,xmax,ymax
408.1589410166088,310.36963253739043,850.9919368356943,685.2116586225131
