xmin,ymin,xmax,ymax
137.68465415543187,391.00169364058377,459.2382670037996,519.7561216316967
