xmin,ymin,xmax,ymax
137.68465415543187,519.7561216316967,459.2382670037996,391.00169364058377
