xmin,ymin,xmax,ymax
367.837894288778,384.1056751719477,478.5289837461353,483.92144706687003
