xmin,ymin,xmax,ymax
44.37283072533569,527.8012998372594,463.1820827581812,410.8398653031977
