xmin,ymin,xmax,ymax
367.837894288778,483.92144706687003,478.5289837461353,384.1056751719477
