xmin,ymin,xmax,ymax
44.37283072533569,410.8398653031977,463.1820827581812,527.8012998372594
