xmin,ymin,xmax,ymax
354.5676611445915,474.50373987362553,463.2819443907508,439.1823721810241
