xmin,ymin,xmax,ymax
23.608840935097305,518.1716469445411,450.21067839929674,417.82040271205466
