xmin,ymin,xmax,ymax
8.076948466609338,201.18901519663058,349.4679302804127,435.4414824483097
