xmin,ymin,xmax,ymax
96.81945517734033,180.87105677047543,190.1029977772918,201.03587276612956
