xmin,ymin,xmax,ymax
24.317730309561966,129.75969583482163,181.30734306879822,257.81796304438046
