xmin,ymin,xmax,ymax
188.0645969653163,29.847370521812223,323.62321113073824,246.81883089426765
