xmin,ymin,xmax,ymax
75.77947246933604,99.20396186441008,261.46796261317513,264.4671701739534
