xmin,ymin,xmax,ymax
76.44207133509985,382.9776687937732,262.0554562893599,217.78130428580818
