xmin,ymin,xmax,ymax
76.44207133509985,217.78130428580818,262.0554562893599,382.9776687937732
