xmin,ymin,xmax,ymax
134.8590233740731,151.14297892429227,258.98531896917007,257.37909110840724
