xmin,ymin,xmax,ymax
135.49772640834226,224.866516444948,259.57381679710033,331.05965944266075
