xmin,ymin,xmax,ymax
127.93148060142084,306.06466993048866,408.09898437931383,648.8900815832619
