xmin,ymin,xmax,ymax
139.43370266122952,272.7939527719379,260.35997252209495,140.61040244745425
