xmin,ymin,xmax,ymax
174.76506834370048,57.61586945160019,311.2725200621205,207.16123035219692
