xmin,ymin,xmax,ymax
180.63558677192077,56.926290758018865,320.1057016774464,204.52933821698377
