xmin,ymin,xmax,ymax
84.40243803649048,101.21369929623602,113.3848241150107,194.88270013507957
