xmin,ymin,xmax,ymax
84.45621773117227,100.74264756197319,113.43063541021445,7.0994000208521655
