xmin,ymin,xmax,ymax
81.01106819381039,98.42257112749715,119.35840314648158,197.63561784648277
