xmin,ymin,xmax,ymax
246.5492633437102,220.93612874760942,490.1915316098061,290.36751400659784
