xmin,ymin,xmax,ymax
247.34605711701238,263.0057418696332,490.98661921392886,332.4366409170524
