xmin,ymin,xmax,ymax
290.4066847737216,242.78008680413035,495.2049806659637,341.2468938074757
