xmin,ymin,xmax,ymax
246.5492633437102,290.36751400659784,490.1915316098061,220.93612874760942
