xmin,ymin,xmax,ymax
265.4996718285439,370.2348085408519,379.2178863355855,276.87747664657184
