xmin,ymin,xmax,ymax
97.84666666666658,77.4474285841934,155.83181996281428,130.69590474913997
