xmin,ymin,xmax,ymax
168.43676901141248,418.31100967264535,297.77137768550597,216.827472941756
