xmin,ymin,xmax,ymax
451.5880332998308,222.01310796700977,848.9685451600598,518.6234368362315
