xmin,ymin,xmax,ymax
414.5349598098708,254.12091892574688,886.0697413768183,581.7475111022262
