xmin,ymin,xmax,ymax
85.22593018317434,107.59002095533799,136.95156129494194,29.072021855194293
