xmin,ymin,xmax,ymax
135.1910993793233,482.1366304528684,571.9595617626096,784.1957133725775
