xmin,ymin,xmax,ymax
176.87991699011855,706.0020673948607,553.1698180517894,508.05211750513604
