xmin,ymin,xmax,ymax
96.66327982896337,499.2557435026098,549.7193533908026,738.4589279865788
