xmin,ymin,xmax,ymax
176.87991699011855,508.05211750513604,553.1698180517894,706.0020673948607
