xmin,ymin,xmax,ymax
51.43364679568458,470.93726700123193,577.3919005065827,844.5895214663244
