xmin,ymin,xmax,ymax
136.51904553977192,715.2586438413714,533.6421704209422,489.64312976999975
