xmin,ymin,xmax,ymax
64.99655831772179,476.7793373563661,564.5256144646235,835.5350454723782
