xmin,ymin,xmax,ymax
297.4086958981977,508.2510462876244,552.3255234772769,691.5034529534448
