xmin,ymin,xmax,ymax
20.26523212318307,331.476220366004,474.4446709117474,722.2849229919148
