xmin,ymin,xmax,ymax
98.7393216576229,248.1480419748002,518.4411641562535,528.0683474228529
