xmin,ymin,xmax,ymax
240.5118878383912,287.75939587534697,514.2974899098731,505.1103537801592
