xmin,ymin,xmax,ymax
239.87846926193993,183.59818047567387,446.78262455465415,296.8471185496358
