xmin,ymin,xmax,ymax
256.58952339615007,136.37750328789144,480.1644088957835,368.6895108210589
