xmin,ymin,xmax,ymax
100.0,68.55241642828503,197.53192619741367,131.4475835717152
