xmin,ymin,xmax,ymax
48.94711389319173,142.3282760259707,105.22945045355593,97.10788506478315
