xmin,ymin,xmax,ymax
61.73911809044819,90.34451344968886,101.61159259645018,123.99662850929013
