xmin,ymin,xmax,ymax
130.09788424245858,286.9865310185335,290.61570865634576,126.74069304707666
