xmin,ymin,xmax,ymax
209.00452620007354,45.774680001886,394.5682730870258,258.8942957932238
