xmin,ymin,xmax,ymax
252.45828874191147,367.2700951782929,475.84506690300805,134.11777844509413
