xmin,ymin,xmax,ymax
85.03513608069045,97.27523148854594,123.8449177675019,180.58963398949925
