xmin,ymin,xmax,ymax
87.16249315990171,97.10920402998832,128.95821192732444,173.89824130602403
