xmin,ymin,xmax,ymax
106.8112978732679,309.7800214912885,628.7668139189616,602.1167935801768
