xmin,ymin,xmax,ymax
298.1259448516307,405.209483806727,623.7488891986302,594.7168326667178
