xmin,ymin,xmax,ymax
485.270156944247,481.5275730055855,626.1023385072724,591.9332986221136
