xmin,ymin,xmax,ymax
82.73333271435774,96.73352756913403,121.53825445860525,145.62864140844437
