xmin,ymin,xmax,ymax
138.72842436949873,330.9996977644149,201.74276920304897,180.60106716009193
