xmin,ymin,xmax,ymax
252.09424458013268,181.82310490699,400.49961199868903,221.92682618819254
