xmin,ymin,xmax,ymax
130.9150679443742,38.28495068746173,291.35069156709665,198.44872715135614
