xmin,ymin,xmax,ymax
288.37834960578607,156.01893568645522,390.720427405329,334.0594687022318
