xmin,ymin,xmax,ymax
255.36598072669744,15.68948038684006,420.21133217236616,312.85804337226585
