xmin,ymin,xmax,ymax
311.4384610544962,363.6997576048384,430.03054708581135,414.35101221767053
