xmin,ymin,xmax,ymax
303.96767883541384,338.9140880857641,431.9978936182522,459.8298650829303
