xmin,ymin,xmax,ymax
47.0079181541401,12.599384684153392,129.11359719405553,109.39223375218717
