xmin,ymin,xmax,ymax
93.50901483349463,67.76112020572037,148.4810476638284,153.8514617008749
