xmin,ymin,xmax,ymax
88.35153437572058,58.683775181771125,174.961005489316,145.77108387597002
