xmin,ymin,xmax,ymax
89.31585127501216,64.99978254543475,130.30725543230324,113.61741755118271
