xmin,ymin,xmax,ymax
417.2417152939661,426.14606258462095,636.2687876927421,474.7384665896154
