xmin,ymin,xmax,ymax
471.489847986576,405.3376188301252,827.6953049758858,487.6045243564374
