xmin,ymin,xmax,ymax
449.7605437147756,382.11142302202546,812.1952945790797,458.2961432361143
