xmin,ymin,xmax,ymax
417.7663374729125,406.66136376223636,725.6143273709076,468.27482353747945
