xmin,ymin,xmax,ymax
420.28925353934505,435.2250365116803,597.9883105686306,474.27369411381505
