xmin,ymin,xmax,ymax
170.31455028133928,228.31596184892663,365.8325669944072,468.25981889137086
