xmin,ymin,xmax,ymax
29.974039043592484,525.6779144731827,424.87373456715113,344.7116368081738
