xmin,ymin,xmax,ymax
243.77157919047,140.75964827821286,474.71763675501757,282.2924639096285
