xmin,ymin,xmax,ymax
163.34225056553032,301.22496383460134,358.1705077511165,598.7863778163114
