xmin,ymin,xmax,ymax
57.23373605653978,102.33933918552714,116.77379518579801,15.73566284782521
