xmin,ymin,xmax,ymax
210.9032387027114,75.93513809746355,286.6443701956914,200.08443075776648
