xmin,ymin,xmax,ymax
206.1051920970035,27.62596683877473,282.74762833512705,191.0728614367173
