xmin,ymin,xmax,ymax
168.43676901141248,216.827472941756,297.77137768550597,418.31100967264535
