xmin,ymin,xmax,ymax
387.93906841945375,473.1277216521277,626.3332686047157,339.91898682957884
