xmin,ymin,xmax,ymax
375.7119322906723,434.08116183740776,733.797464363461,346.0766783559312
