xmin,ymin,xmax,ymax
263.6191904543932,33.24343859508576,537.6445182452546,400.5983136304602
