xmin,ymin,xmax,ymax
154.58658853963448,61.736815656827616,230.45740295553173,175.94989212681418
