xmin,ymin,xmax,ymax
184.416541396316,128.18415610857107,287.77505380303387,221.7036839089078
