xmin,ymin,xmax,ymax
205.3507723414143,224.22623204627138,281.9391222247764,387.55778262385394
