xmin,ymin,xmax,ymax
28.976156038417002,184.05280333243752,328.050254652117,452.7376848248302
