xmin,ymin,xmax,ymax
55.663402685951496,241.32628514100725,541.1159359041687,559.2010943470701
