xmin,ymin,xmax,ymax
39.172286464819535,440.80206173753766,456.1298098151408,575.3572250544897
