xmin,ymin,xmax,ymax
31.80268817539013,333.4260955948404,459.620466027661,516.6713784638824
