xmin,ymin,xmax,ymax
31.844156804453633,387.66353029157585,459.9559290426089,571.0347384661856
