xmin,ymin,xmax,ymax
87.70705740088079,94.34597121090485,130.70488980869004,172.87061984958075
