xmin,ymin,xmax,ymax
277.8411189780896,284.90466019002713,404.7880773320451,494.221887505206
