xmin,ymin,xmax,ymax
277.67232056704785,319.3537966949625,404.6688828706202,109.954779620247
