xmin,ymin,xmax,ymax
277.67232056704785,109.954779620247,404.6688828706202,319.3537966949625
