xmin,ymin,xmax,ymax
282.29262397406626,287.2138667222802,359.6172735323433,361.6519449909347
