xmin,ymin,xmax,ymax
259.3430179311603,25.676274990947604,353.71350154745187,297.6599121548159
