xmin,ymin,xmax,ymax
89.49169079835087,49.89481285538153,176.51818932144965,169.95631771622317
