xmin,ymin,xmax,ymax
104.56497821197627,59.5503079608452,173.78694824238005,109.65056062930535
