xmin,ymin,xmax,ymax
278.7302481453687,100.00928112484144,487.38282770491105,326.4400570127452
