xmin,ymin,xmax,ymax
261.0550967404074,159.81786932565845,362.9514299945638,264.5858871048358
