xmin,ymin,xmax,ymax
259.1784889745627,72.88490916107973,422.7702557453247,268.7084829025823
