xmin,ymin,xmax,ymax
5.919871074413322,82.98595042831133,100.89464412375082,125.19701614887501
