xmin,ymin,xmax,ymax
93.67323375249725,84.95472489166968,163.23247765062342,146.73738908736027
