xmin,ymin,xmax,ymax
49.33804832020337,47.79066603682537,112.3747611689223,109.68513008544181
