xmin,ymin,xmax,ymax
67.49563059840341,28.5308662419352,140.97835839932281,106.78171775053022
