xmin,ymin,xmax,ymax
126.55866182992918,421.2405632737076,357.17931945273494,315.74805170701933
