xmin,ymin,xmax,ymax
394.48945089699805,512.4968945162525,471.9261636681042,452.0403773862969
