xmin,ymin,xmax,ymax
394.48945089699805,452.0403773862969,471.9261636681042,512.4968945162525
