xmin,ymin,xmax,ymax
37.93985085754366,390.9390944363473,484.68988289283266,709.6401069367429
