xmin,ymin,xmax,ymax
346.0833074294863,376.95813949405,552.1175965798184,596.7534773092216
