xmin,ymin,xmax,ymax
324.6259895571395,433.6365755891258,512.9448409551543,222.77910686331938
