xmin,ymin,xmax,ymax
301.49445775737144,58.861960813352255,525.9161981885674,406.3794544644883
