xmin,ymin,xmax,ymax
371.77558803800673,472.6328529474232,685.8800948853601,215.42582483206468
