xmin,ymin,xmax,ymax
346.05167606395446,444.3609691000974,552.077163363137,224.57502101250356
