xmin,ymin,xmax,ymax
349.4251478306485,481.8846901495831,762.5696967883522,105.89790775210218
