xmin,ymin,xmax,ymax
324.6259895571395,222.77910686331938,512.9448409551543,433.6365755891258
