xmin,ymin,xmax,ymax
22.02881661110382,111.61954114064447,62.42614670932289,86.09899302501526
