xmin,ymin,xmax,ymax
190.1647958394711,199.21804654249172,316.2985428045963,350.57504394937405
