xmin,ymin,xmax,ymax
189.5654326907172,195.82089126488535,316.8951138772661,370.7400532344396
