xmin,ymin,xmax,ymax
189.5654326907172,370.7400532344396,316.8951138772661,195.82089126488535
