xmin,ymin,xmax,ymax
152.28594834958812,143.91863834145937,226.11539143610912,21.717975097651447
