xmin,ymin,xmax,ymax
152.28594834958812,21.717975097651447,226.11539143610912,143.91863834145937
