xmin,ymin,xmax,ymax
134.03206659138095,115.59185422817387,235.03126428039172,146.1110376599253
