xmin,ymin,xmax,ymax
134.03206659138095,146.1110376599253,235.03126428039172,115.59185422817387
