xmin,ymin,xmax,ymax
271.7329934252207,364.3239744116123,549.3726688676338,140.48171207556837
