xmin,ymin,xmax,ymax
170.3944333102986,216.9834357669494,268.37583017581824,137.1128281414688
