xmin,ymin,xmax,ymax
137.73239463415288,46.54515666313182,238.0160822001881,160.24788107946665
