xmin,ymin,xmax,ymax
134.06935007251602,134.13319861506534,234.47363384078764,247.97265630359402
