xmin,ymin,xmax,ymax
29.595622564278983,44.07017175968144,117.03595240557092,126.29352453490355
