xmin,ymin,xmax,ymax
28.07980144475846,129.64044410161932,98.05001851566749,201.06766626664898
