xmin,ymin,xmax,ymax
69.25830991385169,80.61743577561583,159.87255678245754,186.30652872888595
