xmin,ymin,xmax,ymax
38.01593343546142,243.44805123340345,168.53599011783285,134.61303727616112
