xmin,ymin,xmax,ymax
290.26046382100185,343.7508222833832,378.69174428281303,196.67222643989487
