xmin,ymin,xmax,ymax
127.52357148551278,96.13825080573656,228.0454284852583,162.28641738980696
