xmin,ymin,xmax,ymax
83.8198369900449,39.735107388355345,150.20222585501165,106.04150590793239
