xmin,ymin,xmax,ymax
84.22401506496499,90.31968722765316,150.62466008260526,156.6443210014191
