xmin,ymin,xmax,ymax
94.59205993799219,42.06941344135515,170.62348106181685,107.15974358469629
