xmin,ymin,xmax,ymax
94.90501181346826,105.79299754032405,164.59418018971337,44.5569971142794
