xmin,ymin,xmax,ymax
60.79113688527639,85.49707010156396,99.57478508106635,110.10854631822923
