xmin,ymin,xmax,ymax
58.975973612146504,84.9177223765684,103.53556069306478,110.44281150830955
