xmin,ymin,xmax,ymax
59.76508287729763,190.55307091819645,135.44156115324097,126.23306950725652
