xmin,ymin,xmax,ymax
51.3907041503665,214.13561407906093,148.06904034913595,123.97846628487156
