xmin,ymin,xmax,ymax
84.22586527747262,182.18912310190098,140.1804370705096,130.14442463364134
