xmin,ymin,xmax,ymax
79.82615791408801,183.77053534630494,135.50287469027225,130.3191055637414
