xmin,ymin,xmax,ymax
84.5187529772017,180.07235635426838,137.39843253257294,128.3125106508715
