xmin,ymin,xmax,ymax
104.5833654501489,37.076950330350925,224.85964179536745,171.80803313045033
