xmin,ymin,xmax,ymax
104.23400545014874,37.796676330350934,224.5102817953673,172.52775913045028
