xmin,ymin,xmax,ymax
104.87682545014877,36.436325330350925,225.15310179536732,171.16740813045027
