xmin,ymin,xmax,ymax
107.0062154501486,37.14164733035092,227.28249179536715,171.87273013045026
