xmin,ymin,xmax,ymax
105.90221545014856,37.20561233035092,226.1784917953671,171.9366951304503
