xmin,ymin,xmax,ymax
105.5987454501485,36.13652033035093,225.87502179536705,170.86760313045033
