xmin,ymin,xmax,ymax
166.31776285782394,42.66382667440996,213.76311921664296,188.93320990253272
