xmin,ymin,xmax,ymax
164.89420102876898,173.91613403589741,200.68614277345887,310.0286955840045
