xmin,ymin,xmax,ymax
166.31776285782394,188.93320990253272,213.76311921664296,42.66382667440996
