xmin,ymin,xmax,ymax
118.1929275462885,226.98697176635517,226.27850114637022,376.6805487583806
