xmin,ymin,xmax,ymax
26.205181216281062,83.08405856902277,183.365308381575,211.28141637820931
