xmin,ymin,xmax,ymax
283.02197760808167,57.047312678904774,506.35809191198155,450.56065285636816
