xmin,ymin,xmax,ymax
86.38103096835448,78.97776009682514,146.12916652992317,145.95900844754533
