xmin,ymin,xmax,ymax
133.93004591788917,137.7696905537622,158.28607298711518,177.31010560174934
