xmin,ymin,xmax,ymax
71.99921940716058,833.694593330479,624.7665940403042,552.145175885981
