xmin,ymin,xmax,ymax
55.70971279486412,527.3411434145175,640.6866646469437,907.9804789602449
