xmin,ymin,xmax,ymax
113.24246187035715,558.048479359389,626.1595808845052,833.2854673907311
