xmin,ymin,xmax,ymax
116.01674547205221,795.3366862907454,623.8690943276963,562.0369305751703
