xmin,ymin,xmax,ymax
143.15032874116787,572.908218846851,625.141626133202,821.0393168122791
