xmin,ymin,xmax,ymax
181.87725866957612,561.3113205139215,630.1728740164608,816.2156378716599
