xmin,ymin,xmax,ymax
181.87725866957612,816.2156378716599,630.1728740164608,561.3113205139215
