xmin,ymin,xmax,ymax
412.41538200174136,574.781697345279,624.85016062867,737.9975247396764
