xmin,ymin,xmax,ymax
412.41538200174136,737.9975247396764,624.85016062867,574.781697345279
