xmin,ymin,xmax,ymax
154.3015121402816,759.8693950095872,620.1159693254858,516.2496444834555
