xmin,ymin,xmax,ymax
32.836111927811544,886.2381885994364,625.6152241801503,526.1095867316737
