xmin,ymin,xmax,ymax
102.92472650574223,896.9472707672116,637.4783709035078,563.2130840773332
