xmin,ymin,xmax,ymax
361.9477167735879,751.0698660950635,630.6119008636642,547.366625270429
