xmin,ymin,xmax,ymax
188.07556335084814,545.1016474431566,642.9158514989565,845.0118284783878
