xmin,ymin,xmax,ymax
482.91466429893217,364.18819546520126,932.7474382646062,602.1347710187789
