xmin,ymin,xmax,ymax
136.88623197801044,155.88544397595228,218.6353118586142,67.64894875529217
