xmin,ymin,xmax,ymax
96.51135491717537,68.26918909444677,166.65945664295577,126.82783921453193
