xmin,ymin,xmax,ymax
100.94434395310236,94.18806111348925,158.580573615601,125.85718362101171
