xmin,ymin,xmax,ymax
251.46855454828733,469.4648977280072,661.7718713187612,997.4560428372044
