xmin,ymin,xmax,ymax
170.94433497046634,65.93336975195825,320.8075284015803,253.3151380719903
