xmin,ymin,xmax,ymax
143.15032874116787,821.0393168122791,625.141626133202,572.908218846851
