xmin,ymin,xmax,ymax
66.32890493648847,832.7837511117181,625.0258954291592,527.2539910267385
