xmin,ymin,xmax,ymax
72.4572960040723,825.0595849172878,628.2825582872924,523.3342699490004
