xmin,ymin,xmax,ymax
188.07556335084814,845.0118284783878,642.9158514989565,545.1016474431566
