xmin,ymin,xmax,ymax
187.43341856003872,846.6838207883238,640.851698885815,542.7205903950046
