xmin,ymin,xmax,ymax
143.1787014293559,874.4909516382784,637.2709929360276,557.7911196456404
