xmin,ymin,xmax,ymax
351.3281351487151,458.72698015074195,691.4923165379041,300.72188457218107
