xmin,ymin,xmax,ymax
351.44332782376637,441.6023724805583,540.0188957698538,315.9649952758146
