xmin,ymin,xmax,ymax
365.800920812836,418.37290306902185,595.7657854504328,312.85262844817123
