xmin,ymin,xmax,ymax
283.1244516212025,326.6357684220104,554.178067305168,227.3397103570291
