xmin,ymin,xmax,ymax
30.450521160664266,111.20948281178937,140.95940053635275,179.70358896531218
