xmin,ymin,xmax,ymax
190.2726392664115,122.1058239930414,366.2158102600879,227.70066790057
