xmin,ymin,xmax,ymax
492.6428360783307,459.41458586143744,721.8707487826414,557.057557646687
