xmin,ymin,xmax,ymax
517.9369844699033,426.17894382545546,959.4680415211651,586.9078427338417
