xmin,ymin,xmax,ymax
496.1781361266112,544.537392269136,589.1890171446905,450.9716943555595
