xmin,ymin,xmax,ymax
497.8307262025103,328.7837747909028,988.4394328894596,569.8572200246319
