xmin,ymin,xmax,ymax
492.17341235432855,448.6787092108734,721.4463617259685,546.3408650212507
