xmin,ymin,xmax,ymax
496.1781361266112,450.9716943555595,589.1890171446905,544.537392269136
