xmin,ymin,xmax,ymax
326.84203925041265,75.38069072259248,730.0653724412368,469.7550370000737
