xmin,ymin,xmax,ymax
224.64308160525889,197.53636800849654,261.8926790580688,237.00516808080636
