xmin,ymin,xmax,ymax
38.898098439851765,94.15225590851344,113.28949321654,177.53421236226555
