xmin,ymin,xmax,ymax
339.20841016323755,246.5990996235028,522.6267806134746,305.2564312566377
