xmin,ymin,xmax,ymax
354.13175939599716,244.78750908810665,566.8228037423399,288.19102684107133
