xmin,ymin,xmax,ymax
271.33424403165634,79.1654715315762,529.9771994145086,374.37167697767177
