xmin,ymin,xmax,ymax
148.4000895321442,422.98037850320753,286.3808431990717,268.5407771477478
