xmin,ymin,xmax,ymax
286.39185567731283,362.7921601380626,400.46590336189774,145.44514939122524
