xmin,ymin,xmax,ymax
175.84476510506624,424.0333295074486,367.1849250801356,225.44175076824928
