xmin,ymin,xmax,ymax
83.38343163854728,171.2630657119039,144.51197232539818,94.50295513752803
