xmin,ymin,xmax,ymax
289.9351855453981,199.75966430441855,546.7433250676302,380.4246931400121
