xmin,ymin,xmax,ymax
142.0150566773532,354.71169457182623,286.4780260999004,173.83883395896868
