xmin,ymin,xmax,ymax
89.17828765175045,106.56617491183914,137.82217237240025,179.01266454023607
