xmin,ymin,xmax,ymax
99.5666323114333,77.41969480829204,143.11693923577945,107.90060443353991
