xmin,ymin,xmax,ymax
98.22696751530975,74.21247141894762,163.4042946205991,122.93675245213936
