xmin,ymin,xmax,ymax
93.31921218362618,106.29592331892349,160.60196501444875,51.35700334052874
