xmin,ymin,xmax,ymax
91.7113244729976,104.56568475742736,165.2754472844881,55.68383658513785
