xmin,ymin,xmax,ymax
112.4538741683939,81.62190708760761,156.41190258699748,119.17884500195316
