xmin,ymin,xmax,ymax
61.73911809044819,123.99662850929013,101.61159259645018,90.34451344968886
