xmin,ymin,xmax,ymax
71.17482691346868,258.05065905702656,164.0784973760126,136.57675865462454
