xmin,ymin,xmax,ymax
262.97450288554455,628.5581081534526,488.80796597406174,434.86342722850713
