xmin,ymin,xmax,ymax
139.50975756488947,699.9968797747975,490.85439492142655,422.24546345258665
