xmin,ymin,xmax,ymax
182.70627437732674,635.5847951865467,484.6562181872125,408.5815988314609
