xmin,ymin,xmax,ymax
264.5619901109517,585.031200533033,481.6307343632184,430.07775716902825
