xmin,ymin,xmax,ymax
60.11417909404122,711.869538002113,478.3762737359157,422.5976654513171
