xmin,ymin,xmax,ymax
142.78046584439107,709.9880550116749,497.31841977800445,422.5132102404829
