xmin,ymin,xmax,ymax
322.19912212270845,321.38643449711765,507.6268932100303,272.1265745180368
