xmin,ymin,xmax,ymax
174.42608859961183,333.1551447361228,335.5695224189568,214.9817427095818
