xmin,ymin,xmax,ymax
315.70547727279825,324.55594808385854,544.8532715968503,264.2425742929486
