xmin,ymin,xmax,ymax
262.09268511334164,334.69194058394964,371.8471791900846,288.81901700784385
