xmin,ymin,xmax,ymax
308.0592376188391,331.7892255444292,583.6692990624452,255.48340803963265
