xmin,ymin,xmax,ymax
244.52185151762023,277.2263564631385,416.42544516688577,96.04332002116287
