xmin,ymin,xmax,ymax
247.4991097197551,277.293751500118,414.0931079373538,82.72973386309394
