xmin,ymin,xmax,ymax
261.0550967404074,264.5858871048358,362.9514299945638,159.81786932565845
