xmin,ymin,xmax,ymax
139.70319970208652,141.6958398396597,303.34785259565297,301.3656533912314
