xmin,ymin,xmax,ymax
151.6406396977004,210.98795227438364,247.66746757073588,339.7630225082337
