xmin,ymin,xmax,ymax
111.18294717841074,311.4332960668038,378.8185380678143,510.56626817487427
