xmin,ymin,xmax,ymax
88.34181546882397,343.2768046845322,431.0876533288431,634.0553332025279
