xmin,ymin,xmax,ymax
196.7378617430013,176.50419052624116,339.480071625135,218.8924603101512
