xmin,ymin,xmax,ymax
199.19934035553797,174.02582434971964,363.87433700442534,222.7666489579617
