xmin,ymin,xmax,ymax
57.91898266326308,88.18411233022505,102.49082429902245,113.71622124435373
