xmin,ymin,xmax,ymax
97.56871815021998,120.59502580177323,154.66937553654384,76.40409271848822
