xmin,ymin,xmax,ymax
424.9613369725621,397.48867695224726,508.2585144605473,466.28052916083607
