xmin,ymin,xmax,ymax
30.63073257659812,449.3935659023882,425.9944578329978,524.5303133221745
