xmin,ymin,xmax,ymax
38.74504621365327,447.5399859804638,432.35244990178944,527.6895392792895
