xmin,ymin,xmax,ymax
266.02864378602203,107.82505738797738,574.1047675033897,366.77387403266323
