xmin,ymin,xmax,ymax
33.985268854479045,158.64351836089298,185.55559984381625,211.42302430268182
