xmin,ymin,xmax,ymax
175.53310572465602,74.28550577705755,326.1693217611296,219.9638497715669
