xmin,ymin,xmax,ymax
152.397648559147,77.10507321286536,259.6622806013488,242.75878229065705
