xmin,ymin,xmax,ymax
96.9435303986445,43.072043722104354,227.97048191200633,171.9072163172109
