xmin,ymin,xmax,ymax
125.58263830769374,185.2871421178894,208.5632283753007,345.9661548656542
