xmin,ymin,xmax,ymax
162.2279251115417,182.81707828261113,283.28611304758715,80.978856291478
