xmin,ymin,xmax,ymax
162.2279251115417,80.978856291478,283.28611304758715,182.81707828261113
