xmin,ymin,xmax,ymax
56.437104988175406,101.27039787012757,88.51543459777827,140.11729663555116
