xmin,ymin,xmax,ymax
75.53933490238455,141.35650945338637,118.63573178853562,70.51467564210839
