xmin,ymin,xmax,ymax
66.29313355904401,68.84773564279624,113.65179226014425,153.5277798814442
