xmin,ymin,xmax,ymax
68.0469528314859,43.73218246150452,115.41863587410876,128.43551498251884
