xmin,ymin,xmax,ymax
77.29569701888886,55.906800171499185,120.40394606062955,126.76811654970277
