xmin,ymin,xmax,ymax
131.67927796636513,19.387711292636993,301.84694405848313,209.75046668798424
