xmin,ymin,xmax,ymax
166.80125440147913,146.6229644949929,278.8215550117736,278.2726187157837
