xmin,ymin,xmax,ymax
57.23840753187028,96.37373990229693,144.39068198157133,15.824907667218042
