xmin,ymin,xmax,ymax
26.666468196493497,400.70494835012147,494.2699322658618,627.7449636151368
