xmin,ymin,xmax,ymax
165.49397677258503,242.23241304816756,322.7194865903857,78.61696082030997
