xmin,ymin,xmax,ymax
242.63619808736985,248.04514994160027,294.3686926783496,198.4544773568932
