xmin,ymin,xmax,ymax
238.97760821834186,249.86933584382123,404.11631554695055,68.83714166835205
