xmin,ymin,xmax,ymax
78.50662170173746,94.49162206540052,153.53534108740166,189.01990506783488
