xmin,ymin,xmax,ymax
82.22466064416119,165.17968411660183,154.66762162773955,87.70197072147744
