xmin,ymin,xmax,ymax
165.6877860400184,184.34838843255534,206.58648282826925,238.85240028184774
