xmin,ymin,xmax,ymax
88.48581680148061,167.45234354864175,183.4120281237071,255.5992599440862
