xmin,ymin,xmax,ymax
98.06728110612659,173.72513808868058,189.86828176666324,263.15449519381355
