xmin,ymin,xmax,ymax
96.9900894269901,176.26461825825703,176.33813232371418,252.97613381742127
