xmin,ymin,xmax,ymax
88.71816814203851,166.57668445194378,180.57342036257373,244.8537584878738
