xmin,ymin,xmax,ymax
138.62249985034754,179.25156214237035,217.8907353676044,273.81226444419536
