xmin,ymin,xmax,ymax
109.51046926475738,21.173208102499643,267.27127981114313,186.66934948529786
