xmin,ymin,xmax,ymax
398.45841613031007,428.0470917802639,664.8805897672776,278.6392706921588
