xmin,ymin,xmax,ymax
414.97225152180863,381.32762099721106,539.7204158473746,523.6915278745192
