xmin,ymin,xmax,ymax
422.1454978139625,310.4324401560219,587.7154515902271,463.08552465605976
