xmin,ymin,xmax,ymax
382.3633199506653,236.5339115853626,603.5805600046533,442.2707357072983
