xmin,ymin,xmax,ymax
383.2650656555188,400.7176011340865,604.4890591552955,606.4607061068643
