xmin,ymin,xmax,ymax
451.0775745655351,235.5307171940566,843.4654338822124,431.97402417187345
