xmin,ymin,xmax,ymax
421.24256518138645,532.553140492734,586.8074644981893,379.9047161306603
