xmin,ymin,xmax,ymax
414.0695378714918,461.66012391389694,538.8138939303699,319.30056307027235
