xmin,ymin,xmax,ymax
398.45841613031007,278.6392706921588,664.8805897672776,428.0470917802639
