xmin,ymin,xmax,ymax
412.37358884144464,399.3141881840507,635.7561250789163,518.1556709266144
