xmin,ymin,xmax,ymax
395.3749945764923,407.1250214800829,602.3749974199852,573.9818416106597
