xmin,ymin,xmax,ymax
407.1741131771621,450.8658241261015,601.2189204991844,321.81855985179004
