xmin,ymin,xmax,ymax
411.4709545221592,443.6741058144529,634.8466714186325,324.8362510215454
