xmin,ymin,xmax,ymax
422.2184039099757,387.11279349730484,577.251749792581,525.9054844193865
