xmin,ymin,xmax,ymax
52.61201167400827,260.3670583900058,172.81855361161251,145.50132248485707
