xmin,ymin,xmax,ymax
52.61201167400827,145.50132248485707,172.81855361161251,260.3670583900058
