xmin,ymin,xmax,ymax
51.446632179541666,58.18534228380736,171.80729765824913,173.1983539834659
