xmin,ymin,xmax,ymax
27.876327674687218,72.68578210661542,151.21896977591996,172.7886767388114
