xmin,ymin,xmax,ymax
47.34330185256954,209.82116388631056,150.0747617005759,133.9293143402909
