xmin,ymin,xmax,ymax
89.56838542925925,172.53851278903738,138.24775905978208,100.03916868662357
