xmin,ymin,xmax,ymax
191.06662779701628,219.87234227418088,270.3794137547916,415.80248756426545
