xmin,ymin,xmax,ymax
88.63043510378498,91.1879222535407,145.77254517261008,153.19967033582793
