xmin,ymin,xmax,ymax
87.28244381618288,44.505674061552895,144.40884326826267,106.50037267180176
