xmin,ymin,xmax,ymax
125.91899330909428,118.27240888145036,247.86105952909315,225.4783729381997
