xmin,ymin,xmax,ymax
171.61124780602358,151.7495077732184,221.49008945692754,187.52896762866948
