xmin,ymin,xmax,ymax
263.55119769351404,345.8467233678068,480.7942753398129,500.9246137579905
