xmin,ymin,xmax,ymax
141.671867607286,220.78951288156054,496.4945599311977,508.4952359653371
