xmin,ymin,xmax,ymax
77.35437166598808,229.80383929445918,481.7189201446565,495.3651544699184
