xmin,ymin,xmax,ymax
202.28333203846455,271.06117994614874,491.794188789396,498.0083257792158
