xmin,ymin,xmax,ymax
48.88250634463748,208.50104055576156,330.74788787630223,368.12236233546906
