xmin,ymin,xmax,ymax
200.06161438400193,215.3437076751544,337.5929662964446,411.6848207612253
