xmin,ymin,xmax,ymax
93.02219415627792,50.520553433847454,201.68284715337086,121.98785083940754
