xmin,ymin,xmax,ymax
89.15566153310715,99.99636509902683,169.6741968264837,44.66810517310978
