xmin,ymin,xmax,ymax
94.0624408228739,108.63280308640532,156.49015330433895,60.70178514089105
