xmin,ymin,xmax,ymax
93.63984208634315,74.58922077601551,202.33037839292024,146.0761727603716
