xmin,ymin,xmax,ymax
94.68037483637636,87.94794136747555,157.1252558751894,135.89214106189013
