xmin,ymin,xmax,ymax
99.34549032465065,89.7294230644286,169.7649409670771,139.11166905385608
