xmin,ymin,xmax,ymax
89.15566153310715,44.66810517310978,169.6741968264837,99.99636509902683
