xmin,ymin,xmax,ymax
26.64096515362189,361.6058878626761,367.25002301468476,444.27518348425036
