xmin,ymin,xmax,ymax
1.2609020487425369,339.2740509846743,358.5748691267388,445.7722188527549
