xmin,ymin,xmax,ymax
172.15547018038455,361.32208588159534,448.52959879271407,480.27122345931195
