xmin,ymin,xmax,ymax
100.690492016507,57.43092259922179,176.140987183719,143.21997082251255
