xmin,ymin,xmax,ymax
57.641560457850574,363.111147438052,408.71034307519267,597.5907966685359
