xmin,ymin,xmax,ymax
125.16770144137081,248.45419907542885,404.4661015607437,422.54624791982326
