xmin,ymin,xmax,ymax
58.58866930130648,195.57785990015907,409.771148059544,430.1334470452512
