xmin,ymin,xmax,ymax
48.53049985787993,253.44312753498005,400.7010949622493,540.3549854710031
