xmin,ymin,xmax,ymax
88.98657015053459,108.16239168995673,171.54075170889723,47.08055382529051
