xmin,ymin,xmax,ymax
100.49486532610399,112.7401357010379,166.47943203450154,72.90505345951567
