xmin,ymin,xmax,ymax
151.44092905771026,221.89396219329709,291.00160754985177,117.57225535307184
