xmin,ymin,xmax,ymax
164.1520151221623,207.6842056769749,278.0426618128495,105.2471079335029
