xmin,ymin,xmax,ymax
97.95444444444433,84.69743866876024,179.7479907804618,131.07589466457307
