xmin,ymin,xmax,ymax
106.20822481996879,66.08314516472842,202.82357503380695,157.16833738541487
