xmin,ymin,xmax,ymax
89.23722300773443,129.77997959147257,181.36685949743355,77.34243645243464
