xmin,ymin,xmax,ymax
90.48710868548005,67.34910232908186,182.6420822071584,119.80106657904616
