xmin,ymin,xmax,ymax
86.06487489578717,91.42950055717597,143.77505965487433,151.98763050642776
