xmin,ymin,xmax,ymax
64.75612762242326,209.8729434422768,197.57082682155374,119.69834314150367
