xmin,ymin,xmax,ymax
44.55350215028375,225.81053211510832,199.6622758472347,117.86948227499542
