xmin,ymin,xmax,ymax
39.034728675421775,209.7237368303927,200.06137287915885,111.82246395647897
