xmin,ymin,xmax,ymax
222.94386872552832,144.7129355076317,412.6986958996381,301.1508551210187
