xmin,ymin,xmax,ymax
223.0889394728597,141.0997675056958,412.65480602183106,297.3819039565372
