xmin,ymin,xmax,ymax
336.2288880183212,203.76389928514297,638.4782136665201,460.35045631061644
