xmin,ymin,xmax,ymax
128.6730195497073,40.16387193907505,220.89585132387424,155.82280512627577
