xmin,ymin,xmax,ymax
109.17048451483038,54.682234058229284,185.446664562985,146.55224800886273
