xmin,ymin,xmax,ymax
174.06750252302538,565.8763666507205,385.68618833553256,280.36955626289273
