xmin,ymin,xmax,ymax
165.74711421202335,600.9864135719038,393.57374004079196,310.80506570213265
