xmin,ymin,xmax,ymax
294.3305851978954,244.72278647061216,334.86696437534033,322.900791477261
