xmin,ymin,xmax,ymax
139.79669388591776,318.5316392987777,385.5979298307286,621.9327547641412
