xmin,ymin,xmax,ymax
165.74711421202335,310.80506570213265,393.57374004079196,600.9864135719038
