xmin,ymin,xmax,ymax
169.72860090369375,529.5448296496745,362.8807998276243,291.31692293864717
