xmin,ymin,xmax,ymax
174.06750252302538,280.36955626289273,385.68618833553256,565.8763666507205
