xmin,ymin,xmax,ymax
267.16512205520604,490.3640794319442,347.6985491040578,339.4224704938265
