xmin,ymin,xmax,ymax
169.72860090369375,291.31692293864717,362.8807998276243,529.5448296496745
