xmin,ymin,xmax,ymax
169.00342090117408,57.65625862857996,396.8847821796803,347.9073226982173
