xmin,ymin,xmax,ymax
291.0441758331084,335.8055905357078,331.57081846635964,413.9648177527224
