xmin,ymin,xmax,ymax
208.78820405486823,125.2495835759762,359.85985135029176,329.4016030044072
