xmin,ymin,xmax,ymax
137.6813270788714,297.9417590740708,279.19692119094606,272.5336613916764
