xmin,ymin,xmax,ymax
75.27959213187717,99.74071866546774,109.13848365055321,54.197825468311464
