xmin,ymin,xmax,ymax
92.5891083242924,128.08985497032603,158.60277068952098,56.15373222238617
