xmin,ymin,xmax,ymax
75.27959213187717,54.197825468311464,109.13848365055321,99.74071866546774
