xmin,ymin,xmax,ymax
22.008561867511503,86.34144165181027,103.14346619063724,129.09014035630878
