xmin,ymin,xmax,ymax
76.1153612143338,102.74252386142786,109.98356443606099,148.2979420373568
