xmin,ymin,xmax,ymax
92.5891083242924,56.15373222238617,158.60277068952098,128.08985497032603
