xmin,ymin,xmax,ymax
99.9855878027015,79.90726763030943,137.34790792438503,120.06591786212834
