xmin,ymin,xmax,ymax
195.5203553960962,191.39969429520488,330.6464923178394,246.53410060390092
