xmin,ymin,xmax,ymax
210.02245845898278,170.33418603592327,367.11966697666116,255.96990680181068
