xmin,ymin,xmax,ymax
88.35386201279834,20.226872884172224,156.57002146065633,104.48354790061842
