xmin,ymin,xmax,ymax
159.9534213823565,138.11020739794122,286.6909757805847,181.6169080180469
