xmin,ymin,xmax,ymax
90.21896513362913,95.12291732538193,124.99616241268563,135.39116311071342
