xmin,ymin,xmax,ymax
84.65701680757206,156.44493101653165,215.79450392483318,257.66077047982793
