xmin,ymin,xmax,ymax
63.38471960026027,163.5369227823163,206.3844571129698,266.4427998067089
