xmin,ymin,xmax,ymax
33.189343192671686,144.83175092234757,321.1263831353367,496.96162197291216
