xmin,ymin,xmax,ymax
460.4977249425367,523.9723338840995,788.5477711889209,67.70903166784734
