xmin,ymin,xmax,ymax
487.96364241506353,214.61967499148818,754.018779548273,516.7771474433455
