xmin,ymin,xmax,ymax
458.6836085659255,474.7319327035606,779.4501731731231,920.9380387405386
