xmin,ymin,xmax,ymax
496.51517184482793,498.82222516824186,549.6663731813327,549.674449782295
