xmin,ymin,xmax,ymax
481.5642325976929,480.6235383924469,691.8716503270595,698.7258696713485
