xmin,ymin,xmax,ymax
460.1139379404726,80.91492134565738,780.9082932231704,527.1596859289659
