xmin,ymin,xmax,ymax
460.4977249425367,67.70903166784734,788.5477711889209,523.9723338840995
