xmin,ymin,xmax,ymax
482.99654431101203,303.1463425033261,693.3221827212296,521.2675698012747
