xmin,ymin,xmax,ymax
482.99654431101203,521.2675698012747,693.3221827212296,303.1463425033261
