xmin,ymin,xmax,ymax
26.060667056470265,122.49600816130544,108.15576865023309,59.29562576660561
