xmin,ymin,xmax,ymax
209.79858812154362,184.26564033818394,327.00842734677667,247.38718639027226
