xmin,ymin,xmax,ymax
192.41660883522286,163.9009770041257,310.89288960412046,272.2519369400614
