xmin,ymin,xmax,ymax
202.59564742031307,190.5692597181626,346.4055730036671,249.57614799853175
