xmin,ymin,xmax,ymax
220.12644572139925,177.18218332624218,347.11099889376464,228.20631422963837
