xmin,ymin,xmax,ymax
209.79858812154362,247.38718639027226,327.00842734677667,184.26564033818394
