xmin,ymin,xmax,ymax
220.92701367856557,188.0424043961335,383.23807993886817,270.45992049389315
