xmin,ymin,xmax,ymax
183.23070208983745,306.7721402823187,375.11901778904644,168.2124473041012
