xmin,ymin,xmax,ymax
204.3433969803989,180.19983090529453,381.07422388682085,243.43298179583797
