xmin,ymin,xmax,ymax
187.15765809527556,138.67308089380202,295.4317115224062,237.82979870045796
