xmin,ymin,xmax,ymax
195.67076783327684,151.59087057577418,373.1252641700262,260.1422015775905
