xmin,ymin,xmax,ymax
186.22364096884644,278.4680794254016,294.5027036541635,179.3067741706481
