xmin,ymin,xmax,ymax
220.92701367856557,270.45992049389315,383.23807993886817,188.0424043961335
