xmin,ymin,xmax,ymax
289.4251566991095,426.4128948238293,397.7042642637066,379.31969998317766
