xmin,ymin,xmax,ymax
146.33248689774587,541.9052539357217,415.0400206750601,379.23396593994727
