xmin,ymin,xmax,ymax
259.6326256848047,479.8721066709631,409.8665353509041,393.9555189662987
