xmin,ymin,xmax,ymax
83.82353661883576,563.5313098665474,413.8375348040804,380.52071767115797
