xmin,ymin,xmax,ymax
217.9759178269701,478.1444988179659,407.8117060517186,377.9398687021413
