xmin,ymin,xmax,ymax
223.43276580803968,485.87337169165414,409.06076577178965,364.15794159164744
