xmin,ymin,xmax,ymax
214.50322188815062,502.6764100858199,408.08677855984774,397.2480407857234
