xmin,ymin,xmax,ymax
25.889841721245148,268.7673839952856,336.33873373003235,436.008916198843
