xmin,ymin,xmax,ymax
25.889841721245148,436.008916198843,336.33873373003235,268.7673839952856
