xmin,ymin,xmax,ymax
231.68992560743618,376.26869578509985,341.3650134871036,299.7520994604524
