xmin,ymin,xmax,ymax
231.68992560743618,299.7520994604524,341.3650134871036,376.26869578509985
