xmin,ymin,xmax,ymax
24.926424789613975,225.45799177812535,335.5416935025146,392.78915256672576
