xmin,ymin,xmax,ymax
387.50475624492685,325.2426754950576,554.9943812019611,410.93038387061523
