xmin,ymin,xmax,ymax
138.13344837118552,223.61221582267092,304.626497185724,433.6876840483901
