xmin,ymin,xmax,ymax
136.9586960655297,233.46061659081704,303.30036906512646,23.576149403449676
