xmin,ymin,xmax,ymax
208.71145250170844,118.01186719913073,386.42508209244465,302.50627531247
