xmin,ymin,xmax,ymax
31.2248653529967,165.77359271514678,190.57218849795504,218.68437878636257
