xmin,ymin,xmax,ymax
65.07412782046039,177.00497548159586,194.85242852961642,209.88942389492502
