xmin,ymin,xmax,ymax
310.08182018623825,356.0589209032149,417.739202062578,267.219499232782
