xmin,ymin,xmax,ymax
99.17820058956272,86.62339541022106,154.05521105701405,105.75256923812157
