xmin,ymin,xmax,ymax
99.99314257194806,90.45249067946605,154.88524504043312,109.58692531710687
