xmin,ymin,xmax,ymax
257.57686377791276,151.08616527891715,513.3874503598846,315.50851138116707
