xmin,ymin,xmax,ymax
298.1552388268203,367.56388498981653,364.1422185382164,404.4145904498621
