xmin,ymin,xmax,ymax
241.95906698038675,337.4477805571772,379.4891064559595,453.02765680394407
