xmin,ymin,xmax,ymax
188.55423498268033,186.27687012254034,373.81742594956245,365.332840052846
