xmin,ymin,xmax,ymax
189.6630725780492,60.45215743839242,374.87195158358736,239.45563512311733
