xmin,ymin,xmax,ymax
189.6630725780492,239.45563512311733,374.87195158358736,60.45215743839242
