xmin,ymin,xmax,ymax
80.53011752287776,251.5712364915086,241.19277885913868,216.73945101269072
