xmin,ymin,xmax,ymax
42.01587556402144,199.0702471534678,250.1035559490624,266.51727943290194
