xmin,ymin,xmax,ymax
50.43118115597792,269.5858888965934,221.29486758723198,201.30961825824687
