xmin,ymin,xmax,ymax
41.74500911775558,210.03238107864848,249.81035613543696,277.4721744896094
