xmin,ymin,xmax,ymax
60.37377869877245,180.14506045074785,243.36834717689834,259.036501781701
