xmin,ymin,xmax,ymax
70.31114657261733,213.43841381883288,239.9852317865995,254.61986974785242
