xmin,ymin,xmax,ymax
80.25511746950622,224.97681991033687,240.90053540995459,259.80486700800964
