xmin,ymin,xmax,ymax
48.83048537746836,221.5849443648146,246.14141516649102,257.49030601107904
