xmin,ymin,xmax,ymax
70.31114657261733,254.61986974785242,239.9852317865995,213.43841381883288
