xmin,ymin,xmax,ymax
320.93590798939454,203.32773831811778,630.2180494278382,365.52983505870634
