xmin,ymin,xmax,ymax
168.1198379772029,415.517209883373,348.1878067188172,298.0931552832693
