xmin,ymin,xmax,ymax
212.76354704797313,391.3583565178051,335.91747192058347,301.3981824629973
