xmin,ymin,xmax,ymax
34.31878703826237,433.1793171772791,340.62550952582933,297.57769830176676
