xmin,ymin,xmax,ymax
136.89459923084405,420.1386225598844,340.1720081512665,312.46230782079317
