xmin,ymin,xmax,ymax
235.8527853620617,360.6108633472516,326.60447100687065,316.44062185064934
