xmin,ymin,xmax,ymax
186.99511783861658,386.66170652752754,323.2482685302921,310.84842517362324
