xmin,ymin,xmax,ymax
41.645046968026236,410.570351237856,333.42575341225006,284.36700472101336
