xmin,ymin,xmax,ymax
117.24540228025808,402.3141091323952,334.9214245486487,310.83105928396856
