xmin,ymin,xmax,ymax
169.53983940351964,415.97957752187045,339.0359687308576,319.3793273920761
