xmin,ymin,xmax,ymax
138.84976491035354,421.620835194041,339.73811185782915,260.79497667848125
