xmin,ymin,xmax,ymax
311.41894526370197,392.80324895493806,351.78554151047865,338.03761645043807
