xmin,ymin,xmax,ymax
189.93509960505207,380.16069339090916,332.04572376131,314.5184876800341
