xmin,ymin,xmax,ymax
130.6283719923647,383.28330968454674,334.6059059075719,310.1098041807779
