xmin,ymin,xmax,ymax
34.87449312257445,409.2218281767868,333.5450883399087,298.32773447673776
