xmin,ymin,xmax,ymax
77.68198454533461,133.73237963563952,152.9490887756878,246.83006798291376
