xmin,ymin,xmax,ymax
141.14577875256032,33.77826261953146,218.33617284206662,171.96508988545793
