xmin,ymin,xmax,ymax
153.95585386555874,35.93652613110385,240.5577940888688,165.69224221560694
