xmin,ymin,xmax,ymax
141.14577875256032,171.96508988545793,218.33617284206662,33.77826261953146
