xmin,ymin,xmax,ymax
135.92716462394517,169.48511915701783,180.96999759011996,61.04334041557445
