xmin,ymin,xmax,ymax
307.1045864099499,441.4818692292498,517.359725788993,281.3512947061262
