xmin,ymin,xmax,ymax
137.54992150569797,121.75707846788364,250.46231379711708,179.24993834817994
