xmin,ymin,xmax,ymax
397.2699342199526,464.83173872695164,794.1308911786507,254.39320367637958
