xmin,ymin,xmax,ymax
61.566409345466354,83.46913647960832,136.9974657086002,186.39192768066846
