xmin,ymin,xmax,ymax
236.5452571734279,531.9652945497735,321.7316723642293,470.55991552947137
