xmin,ymin,xmax,ymax
341.5791377137152,425.42402090246924,465.3015149548223,235.85833763289455
