xmin,ymin,xmax,ymax
352.3146025742776,384.1201242169983,448.39948167587704,120.52139517036682
