xmin,ymin,xmax,ymax
353.3957241853709,445.33008597883645,464.69175408213164,160.1026202204948
