xmin,ymin,xmax,ymax
363.1806575901346,392.87149033246146,438.7795034406395,211.67720495911098
