xmin,ymin,xmax,ymax
376.64050100120903,391.40170656163764,439.0532558452869,246.16667583125334
