xmin,ymin,xmax,ymax
100.89295265587953,103.88432511735184,140.87857755301957,89.06377728568427
