xmin,ymin,xmax,ymax
170.45004581191847,384.2502439164772,367.4894013617171,245.4996002252409
