xmin,ymin,xmax,ymax
307.5636391685937,342.0876803168809,414.87098311965514,269.08169623289984
