xmin,ymin,xmax,ymax
160.76703842121674,506.1003369049138,326.0490389167963,266.2126767138677
