xmin,ymin,xmax,ymax
2.408315375787879,337.2597088124795,360.0062327352482,443.84250864999825
