xmin,ymin,xmax,ymax
40.99054898582358,310.5892067484209,352.6589282426355,483.6946132530919
