xmin,ymin,xmax,ymax
40.536946344164335,199.6398026038708,352.28158945882615,372.78756722695664
