xmin,ymin,xmax,ymax
157.62694588695416,52.152725429227985,323.56325242599206,293.67089696980565
