xmin,ymin,xmax,ymax
155.92088653890158,68.0538196925288,313.15708406444264,290.99843496487756
