xmin,ymin,xmax,ymax
77.49893934318237,99.78050235914202,137.780639868214,186.89453492466873
