xmin,ymin,xmax,ymax
39.958970190187074,205.72144066314206,166.16871874667459,138.260912281113
