xmin,ymin,xmax,ymax
30.856069115556238,111.07575205027041,165.85211933637288,196.2599860042668
