xmin,ymin,xmax,ymax
89.66729836940658,141.27664524149822,155.18361724995543,172.9257979897298
