xmin,ymin,xmax,ymax
80.82757077265023,109.36097301901327,166.85160058153338,177.27769091349666
