xmin,ymin,xmax,ymax
94.70093524143613,167.53951182161165,156.31049610428568,195.32997597500946
