xmin,ymin,xmax,ymax
30.158244122636916,209.66192919519108,165.09051771272652,124.51793911072838
