xmin,ymin,xmax,ymax
80.03606757784041,211.13590810771592,166.01945676965488,143.25127633301355
