xmin,ymin,xmax,ymax
28.72360056465004,210.59546473526652,151.96290236711116,110.57643941917212
