xmin,ymin,xmax,ymax
190.69069509178547,424.9652734909546,382.12344210156584,304.4782526622371
