xmin,ymin,xmax,ymax
94.57050752022691,436.0548363781156,423.65669047044173,172.34979312088478
