xmin,ymin,xmax,ymax
87.2809372915594,422.12499609089116,429.9606384747891,131.4025765709739
