xmin,ymin,xmax,ymax
88.98998883591116,47.83284175048817,147.3162323159779,110.73853556771985
