xmin,ymin,xmax,ymax
336.61802449446054,410.93815507473664,425.70001937410757,443.425656832369
