xmin,ymin,xmax,ymax
39.5593868179883,401.068457024955,436.5208087412225,575.8591645734086
