xmin,ymin,xmax,ymax
161.39041452404012,287.7213708098297,391.63483712617835,410.9140534231565
