xmin,ymin,xmax,ymax
362.07094130389254,527.163815955776,529.5616927655512,348.04227200129134
