xmin,ymin,xmax,ymax
29.728319894041306,214.98638506793958,233.73096774965313,339.737687150033
