xmin,ymin,xmax,ymax
27.89938771604875,130.83247039208726,210.8602679092878,309.8013403835416
