xmin,ymin,xmax,ymax
27.89938771604875,309.8013403835416,210.8602679092878,130.83247039208726
