xmin,ymin,xmax,ymax
156.71490833001963,204.31234473446287,247.07374305723533,304.92454829573734
