xmin,ymin,xmax,ymax
179.2035517828417,163.9346806940312,361.0071998207386,311.63744662195245
