xmin,ymin,xmax,ymax
182.93053489817925,194.61950896159715,216.98221810974144,280.83249865635366
