xmin,ymin,xmax,ymax
67.49563059840341,106.78171775053022,140.97835839932281,28.5308662419352
