xmin,ymin,xmax,ymax
110.08605497892313,812.7434902463111,584.9894984992325,494.57198011939124
