xmin,ymin,xmax,ymax
130.217455902879,872.6463725751308,679.749893947738,559.8127205282556
