xmin,ymin,xmax,ymax
53.2761007278732,841.7567214587408,588.4761941322633,495.7057010738091
