xmin,ymin,xmax,ymax
142.31462473077363,795.2900486001977,583.4510873408208,490.30644829744153
