xmin,ymin,xmax,ymax
131.5787804840677,38.761362166485924,631.009691014179,593.8335304847573
