xmin,ymin,xmax,ymax
82.59669316424475,145.29090531111046,400.78360093591635,430.44320602395914
