xmin,ymin,xmax,ymax
88.40573042279233,29.045632150828112,154.09292565525269,101.03848445951786
