xmin,ymin,xmax,ymax
81.93931356701887,185.76612336788946,126.07420231085803,102.51105352740981
