xmin,ymin,xmax,ymax
449.60016412517433,610.2943486719964,688.0434479634639,57.97058158517949
