xmin,ymin,xmax,ymax
171.7605186384817,246.4386456980995,328.810951160267,141.32664679375887
