xmin,ymin,xmax,ymax
274.22810581080444,419.90766430430654,570.3862714475408,810.4142063899798
