xmin,ymin,xmax,ymax
274.22810581080444,810.4142063899798,570.3862714475408,419.90766430430654
