xmin,ymin,xmax,ymax
50.955109922752285,127.77990050761491,240.38158231541593,249.26070953212042
