xmin,ymin,xmax,ymax
537.5432931844355,377.40101719170923,1076.943334794879,627.5165081032251
