xmin,ymin,xmax,ymax
79.16065139998366,196.98887104544747,112.26786855271587,100.30215285755321
