xmin,ymin,xmax,ymax
97.2682808473221,66.2284318834125,198.87189375892876,114.1290672939856
