xmin,ymin,xmax,ymax
160.19612035013142,302.85742487657353,370.02800860812204,610.6944960746658
