xmin,ymin,xmax,ymax
233.5679095597822,139.06061850416333,360.4722563921053,253.90266533698266
