xmin,ymin,xmax,ymax
132.3411188171084,209.42978629815093,292.0410515723935,114.18914502979999
