xmin,ymin,xmax,ymax
134.016787640031,158.82371311005323,293.67534884492625,254.0396815252513
