xmin,ymin,xmax,ymax
132.3411188171084,114.18914502979999,292.0410515723935,209.42978629815093
