xmin,ymin,xmax,ymax
284.0000000000002,121.76413208370747,534.6493255347216,446.2358679162927
