xmin,ymin,xmax,ymax
212.42974136765588,264.1607180848727,336.74591543028623,400.46414213868024
