xmin,ymin,xmax,ymax
243.3040294657178,301.18932933925987,326.91870541752496,356.55834639212355
