xmin,ymin,xmax,ymax
150.7360720819188,274.4106027060689,347.86180024334817,445.37017415215763
