xmin,ymin,xmax,ymax
130.7424442763181,310.10308157531034,333.0040907951686,450.2168768083258
