xmin,ymin,xmax,ymax
101.72324537761392,305.6880986420582,362.1637293017511,537.6864507527289
