xmin,ymin,xmax,ymax
155.55625298397945,280.445718252498,330.0199937971595,397.09506497222833
