xmin,ymin,xmax,ymax
288.7132205354667,410.76230061355517,407.1900742818377,293.8686917283811
