xmin,ymin,xmax,ymax
302.69961325154736,411.1871613547647,388.6868817469747,358.066223576608
