xmin,ymin,xmax,ymax
211.27358989525692,295.11175512421323,388.9347278315415,416.4895733369807
