xmin,ymin,xmax,ymax
66.06754976056345,338.3014685454088,361.40890182153043,410.97252755098253
