xmin,ymin,xmax,ymax
32.4147277633831,362.3314777856845,380.2495223199646,451.1654560335288
