xmin,ymin,xmax,ymax
66.58385895037009,427.12085853981154,361.6593136016618,354.5152256799946
