xmin,ymin,xmax,ymax
78.80286004766094,351.0675353427633,381.1718790014429,423.4205080829499
