xmin,ymin,xmax,ymax
288.3970758152127,354.67476744083103,406.9806910289342,471.673711105026
