xmin,ymin,xmax,ymax
210.8876630332868,348.94233377650835,388.70889438172276,470.42952756405197
