xmin,ymin,xmax,ymax
159.05999943245752,405.26183421177575,385.4031704911613,350.1874894372809
