xmin,ymin,xmax,ymax
32.96133477005469,403.1124836462566,380.4829717880041,314.3584831074004
