xmin,ymin,xmax,ymax
66.58385895037009,354.5152256799946,361.6593136016618,427.12085853981154
