xmin,ymin,xmax,ymax
157.5560593868985,272.954657536792,287.3316405858176,296.7974687403438
