xmin,ymin,xmax,ymax
36.006694752285,255.2488023979697,279.9947649692521,319.4006606356718
