xmin,ymin,xmax,ymax
229.14878206184403,661.5183442154358,534.7261558612395,466.28821622111275
