xmin,ymin,xmax,ymax
213.89941887051532,628.3828027529727,540.1386871841703,465.51122660534264
