xmin,ymin,xmax,ymax
73.43165071906446,699.69331597882,538.2254328124172,447.8173547495645
