xmin,ymin,xmax,ymax
284.1020102255686,199.20024858305896,551.0398094565153,320.95251911571336
