xmin,ymin,xmax,ymax
84.96296425207993,16.500267818353223,113.84713809576692,102.94395386197687
