xmin,ymin,xmax,ymax
210.16676554719197,8.681420088030137,485.1768677457385,295.3392684455898
