xmin,ymin,xmax,ymax
141.2673211909481,90.6484680527218,196.09507429265057,156.6778066877423
