xmin,ymin,xmax,ymax
84.01825994813152,168.75062991034315,198.33289261779316,284.1426645920146
