xmin,ymin,xmax,ymax
58.13459756463811,241.72690568028145,184.47490748598543,125.30387337148363
