xmin,ymin,xmax,ymax
89.91532768912657,107.12603882870985,184.9841759892664,195.40540557260795
