xmin,ymin,xmax,ymax
99.51118918811295,99.55945101462294,191.4501308569469,189.12318547514093
