xmin,ymin,xmax,ymax
88.48581680148061,255.5992599440862,183.4120281237071,167.45234354864175
