xmin,ymin,xmax,ymax
73.26882349798609,78.64758912186062,195.25837427248467,183.7345469172081
