xmin,ymin,xmax,ymax
58.13459756463811,125.30387337148363,184.47490748598543,241.72690568028145
