xmin,ymin,xmax,ymax
72.30633090146097,284.58610089364583,197.02803635101205,171.66735292039465
