xmin,ymin,xmax,ymax
72.30633090146097,171.66735292039465,197.02803635101205,284.58610089364583
