xmin,ymin,xmax,ymax
84.01825994813152,284.1426645920146,198.33289261779316,168.75062991034315
