xmin,ymin,xmax,ymax
66.08390040412627,174.02118417791775,196.48856741493609,293.39174348305403
