xmin,ymin,xmax,ymax
71.88344639061273,171.20337430808326,187.04368329805217,279.8239264818278
