xmin,ymin,xmax,ymax
98.06728110612659,263.15449519381355,189.86828176666324,173.72513808868058
