xmin,ymin,xmax,ymax
60.88660733315993,175.7583752231036,179.5918539096921,206.7505074737261
