xmin,ymin,xmax,ymax
125.91899330909428,225.4783729381997,247.86105952909315,118.27240888145036
