xmin,ymin,xmax,ymax
126.85046313040016,82.45789663471623,248.9805695339137,189.8291771386934
