xmin,ymin,xmax,ymax
189.94351128874723,209.3064342676268,278.5117596626533,250.6617509248589
