xmin,ymin,xmax,ymax
234.8558997530165,297.60989277840395,351.4488883918025,558.8015125200288
