xmin,ymin,xmax,ymax
87.28741101812625,92.03850729447271,155.52233093307495,176.31835416039854
