xmin,ymin,xmax,ymax
441.7099674061776,406.3227415163544,859.8673784731945,646.9226581623586
