xmin,ymin,xmax,ymax
438.23520443399514,315.6237495370411,708.1526033859674,487.93188471178377
