xmin,ymin,xmax,ymax
444.11752889878437,498.0458115393239,862.2397779174706,257.46612647519197
