xmin,ymin,xmax,ymax
441.0055269715509,303.4044467112263,834.2173655454698,483.765802019644
