xmin,ymin,xmax,ymax
443.55708757989726,489.98314835259265,820.934262708627,271.0014607430854
