xmin,ymin,xmax,ymax
184.68094823023898,206.62092971974175,297.4140271167089,385.4076312315458
