xmin,ymin,xmax,ymax
192.16527577063482,199.76124446051153,313.91891499662006,390.3916569659518
