xmin,ymin,xmax,ymax
141.9450557784496,162.4039294787872,252.39674287036632,120.43669315050639
