xmin,ymin,xmax,ymax
140.96080578233978,117.8403866388199,251.50369373776675,159.84227565818276
