xmin,ymin,xmax,ymax
141.9450557784496,120.43669315050639,252.39674287036632,162.4039294787872
