xmin,ymin,xmax,ymax
53.77893017297902,27.56308676011932,110.42444862474485,105.79863041207668
