xmin,ymin,xmax,ymax
56.01461891680697,181.70446725270784,108.27249923193745,100.2616739993604
