xmin,ymin,xmax,ymax
56.36397891680713,180.9847406527078,108.6218592319376,99.5419473993604
