xmin,ymin,xmax,ymax
224.4633705791839,177.77215036368173,399.26235410215213,243.26698159845066
