xmin,ymin,xmax,ymax
200.92090020719843,187.80585069730986,366.6026410066904,243.39516905771015
