xmin,ymin,xmax,ymax
196.81682512411226,269.7862103698517,420.24070415179517,63.3891492276866
