xmin,ymin,xmax,ymax
199.1459287970614,595.6096242475331,420.53175262974867,322.57781863458973
