xmin,ymin,xmax,ymax
260.4336134743977,565.073309832992,415.76044289790605,306.6157128032484
