xmin,ymin,xmax,ymax
88.98657015053459,47.08055382529051,171.54075170889723,108.16239168995673
