xmin,ymin,xmax,ymax
135.88999980991466,131.51971461877685,204.57264645211234,188.53203264903397
