xmin,ymin,xmax,ymax
136.91321029090395,83.20859029333747,251.519313905181,161.39055311855668
