xmin,ymin,xmax,ymax
134.45575036502234,101.53361074941188,203.21531776768876,158.60977941841645
