xmin,ymin,xmax,ymax
155.54129214400518,119.91521951080577,279.1265878609088,181.5377560617267
