xmin,ymin,xmax,ymax
404.4359260582871,831.926309698004,759.5497308305805,417.1786108952633
