xmin,ymin,xmax,ymax
424.42909714518316,808.137063522438,788.1678078263494,382.17386399938357
