xmin,ymin,xmax,ymax
392.4086582153543,714.750599148985,689.6080599371946,417.076949570551
