xmin,ymin,xmax,ymax
389.6575244577473,759.0064281766198,691.474087546121,430.19472304394947
