xmin,ymin,xmax,ymax
105.2397542654794,502.64825562402103,419.30981192757395,384.1178425850063
