xmin,ymin,xmax,ymax
34.86585159733386,493.7027407473139,414.71885432598083,370.10828605356437
