xmin,ymin,xmax,ymax
99.22156112953553,102.06801054179277,126.91204738463807,90.93613663575655
