xmin,ymin,xmax,ymax
211.48230723174822,218.80449666058132,318.7567306660495,319.5107018129461
