xmin,ymin,xmax,ymax
100.41525935595746,119.27067281188607,191.73639637631982,85.44663458448542
