xmin,ymin,xmax,ymax
94.53877329554325,123.11935374158065,181.19571719763576,79.2639162617204
