xmin,ymin,xmax,ymax
192.91989818954482,76.58936446668167,264.00063693485595,219.2788357609686
