xmin,ymin,xmax,ymax
154.98169407492264,91.74451231876424,306.58172471849105,272.547122327725
