xmin,ymin,xmax,ymax
207.11884562506555,71.36326593077774,319.10334609644383,206.83636720474033
