xmin,ymin,xmax,ymax
101.81290052779241,102.84073393614153,210.80020817562013,209.69991977885792
