xmin,ymin,xmax,ymax
394.4728791841237,269.01178457857884,601.4665628066523,435.86351096470486
