xmin,ymin,xmax,ymax
411.4709545221592,324.8362510215454,634.8466714186325,443.6741058144529
