xmin,ymin,xmax,ymax
414.0695378714918,319.30056307027235,538.8138939303699,461.66012391389694
