xmin,ymin,xmax,ymax
360.0795593042774,494.76667513931363,510.4084456731148,645.3732174647635
