xmin,ymin,xmax,ymax
138.14884651774236,164.88223453961382,236.74794073462664,43.479953124753365
