xmin,ymin,xmax,ymax
130.82736252053527,174.05078028810658,245.30050814355903,33.1422035083267
