xmin,ymin,xmax,ymax
140.13818850515733,167.17970895591316,216.54757205755323,87.47389671291785
