xmin,ymin,xmax,ymax
131.54251752946038,157.74152736828432,211.07559391414208,53.286631791281934
