xmin,ymin,xmax,ymax
136.11445062268677,171.62688628408387,241.17507188245906,33.00891580952225
