xmin,ymin,xmax,ymax
131.54251752946038,53.286631791281934,211.07559391414208,157.74152736828432
