xmin,ymin,xmax,ymax
268.76189916674025,177.4125177326697,332.51463128557634,306.5875328419315
