xmin,ymin,xmax,ymax
268.22055426504244,587.2861947807927,581.0493010230241,292.3567796072322
