xmin,ymin,xmax,ymax
244.9447197437073,219.5576395856478,332.6490628416643,258.62030869767676
