xmin,ymin,xmax,ymax
135.1810747836057,37.53841696999041,249.361229583021,173.86944759004166
