xmin,ymin,xmax,ymax
101.3553150638271,107.41254323688375,176.38935836066207,88.42272802291757
