xmin,ymin,xmax,ymax
93.36058592879886,48.012697478525126,166.62301366114502,107.60727042952982
