xmin,ymin,xmax,ymax
92.84291336642309,88.42452458607579,166.12548936533221,148.0354869385606
