xmin,ymin,xmax,ymax
70.32921054006374,255.9290800717598,146.51940285212413,146.46878759012674
