xmin,ymin,xmax,ymax
556.7348318312394,323.31297580377816,1137.3385121682354,670.1367055209898
