xmin,ymin,xmax,ymax
558.0747066616328,501.9195499501735,1138.6661147477253,848.7359488357444
