xmin,ymin,xmax,ymax
590.8541395847645,570.3673268405394,650.864417081959,599.9931538600015
