xmin,ymin,xmax,ymax
558.0747066616328,848.7359488357444,1138.6661147477253,501.9195499501735
