xmin,ymin,xmax,ymax
221.03499760868954,302.5114840971417,459.9526993043444,109.79450859081363
