xmin,ymin,xmax,ymax
24.677116991202524,106.1552632398716,100.92540406547698,24.539565646474102
