xmin,ymin,xmax,ymax
275.98602152410217,218.97897343672528,414.26045340984047,287.13070113737604
