xmin,ymin,xmax,ymax
266.2963328966175,183.1390066271529,380.01375106189914,276.49568476211823
