xmin,ymin,xmax,ymax
291.20317142387444,212.12671836501826,496.0000331620885,310.59283582860326
