xmin,ymin,xmax,ymax
398.89062473897025,336.0585899456271,728.2258369101248,475.6544918882961
