xmin,ymin,xmax,ymax
88.35910722937484,192.67567736760583,158.8554809367031,141.38586847956503
