xmin,ymin,xmax,ymax
156.63222205657672,173.8829799408,204.9491964045373,57.31208036194505
