xmin,ymin,xmax,ymax
492.12073480604636,546.1492696413986,945.1242720764935,438.9008925815579
