xmin,ymin,xmax,ymax
500.0048897135564,406.7616391380545,961.8862780039528,573.6059985572614
