xmin,ymin,xmax,ymax
485.27722272410483,463.66500301715286,646.3844289412145,562.2290019215479
