xmin,ymin,xmax,ymax
487.54091604565133,563.3911583215458,894.513676283452,439.057486047372
