xmin,ymin,xmax,ymax
485.27722272410483,562.2290019215479,646.3844289412145,463.66500301715286
