xmin,ymin,xmax,ymax
486.4752525911538,455.6756250928626,756.2943133797476,583.9855565353007
