xmin,ymin,xmax,ymax
485.8113441448386,467.63713698927984,784.3962689886903,582.2591200005777
