xmin,ymin,xmax,ymax
490.72079341143103,538.8786418550973,599.5006535252069,474.85166337877223
