xmin,ymin,xmax,ymax
478.902472767699,474.0847485645026,645.648969876401,599.4521476081821
