xmin,ymin,xmax,ymax
492.0145772281644,546.7056453104976,655.2227705253322,463.30084398398446
