xmin,ymin,xmax,ymax
491.41390081667214,568.6059398511269,890.2284683721416,433.7494039208176
