xmin,ymin,xmax,ymax
485.8113441448386,582.2591200005777,784.3962689886903,467.63713698927984
