xmin,ymin,xmax,ymax
486.4752525911538,583.9855565353007,756.2943133797476,455.6756250928626
