xmin,ymin,xmax,ymax
493.29748522375485,553.5199407112989,953.7583633785775,423.2655307872024
