xmin,ymin,xmax,ymax
500.0048897135564,573.6059985572614,961.8862780039528,406.7616391380545
