xmin,ymin,xmax,ymax
490.67294643490254,452.4446569150106,873.919142745,573.3608974167666
