xmin,ymin,xmax,ymax
489.9036955787892,567.7981610854854,687.9426924025327,471.9128410416484
