xmin,ymin,xmax,ymax
166.61630476479695,186.6870051231238,299.083433340322,139.62426902090255
