xmin,ymin,xmax,ymax
165.52076298500015,178.12508363044276,272.8546472990024,146.586166552012
