xmin,ymin,xmax,ymax
16.000779023961968,88.6609316587334,105.88305952171959,125.0168287399267
