xmin,ymin,xmax,ymax
-6.110930466665195,22.127517636569337,113.86748097387726,143.61528653430506
