xmin,ymin,xmax,ymax
129.20601263220146,186.90265216816618,196.01815733282228,265.1981863375126
