xmin,ymin,xmax,ymax
196.01359928802526,170.79385820683868,362.171879625134,238.24348824469502
