xmin,ymin,xmax,ymax
195.9759340134234,176.96709986340625,367.08270088101244,236.12957657518018
