xmin,ymin,xmax,ymax
92.79053301982367,90.0359522833171,134.22892359552338,129.73156167273896
