xmin,ymin,xmax,ymax
90.01108419046295,85.7904781535641,173.3663835446573,157.14984632798962
