xmin,ymin,xmax,ymax
92.79053301982367,129.73156167273896,134.22892359552338,90.0359522833171
