xmin,ymin,xmax,ymax
90.01108419046295,157.14984632798962,173.3663835446573,85.7904781535641
