xmin,ymin,xmax,ymax
450.18809467323285,382.7312021971865,725.0075346871815,469.5280392784832
