xmin,ymin,xmax,ymax
447.8570839052509,435.70050768602016,635.7549523165621,470.1191194748999
