xmin,ymin,xmax,ymax
451.77002161665973,396.9273512482734,671.0764412495316,467.63063942071216
