xmin,ymin,xmax,ymax
99.97082651373853,86.37615426980477,139.27947249490035,113.53927190176495
