xmin,ymin,xmax,ymax
124.0098204010227,20.18721646055934,291.293447282908,203.59896934086115
