xmin,ymin,xmax,ymax
124.46653599218064,176.13703999894142,291.9028551548855,359.716206507214
