xmin,ymin,xmax,ymax
105.68727290928359,367.27399100357223,380.09305831053166,64.64681374450038
