xmin,ymin,xmax,ymax
178.20462506708077,84.2053214747416,273.9344075077107,206.31861846262768
