xmin,ymin,xmax,ymax
179.04471416454373,44.449672903188684,320.42254608153667,215.93829150906038
