xmin,ymin,xmax,ymax
164.15687296689123,106.05559044484903,236.02370402228837,199.39158485414896
