xmin,ymin,xmax,ymax
280.24443882383565,273.6000786547777,343.7158257730336,329.08568025408977
