xmin,ymin,xmax,ymax
255.15784672064143,286.03762687170956,406.80274809585984,465.17892716852316
