xmin,ymin,xmax,ymax
97.66878958709685,58.192961391470874,183.45448985154667,127.4292112023648
