xmin,ymin,xmax,ymax
215.69945772743677,172.78376673797268,414.1833483163084,292.46798681287044
