xmin,ymin,xmax,ymax
52.51183464830592,640.0097453377066,492.17573997015757,413.7620908761457
