xmin,ymin,xmax,ymax
372.74421559816915,533.6545066196927,479.53914911445713,447.74914952333876
