xmin,ymin,xmax,ymax
61.73467933423012,596.5360303220674,481.9007049685888,386.9678929999349
