xmin,ymin,xmax,ymax
41.04127203179792,625.016851311337,481.9162781842415,429.517129761671
