xmin,ymin,xmax,ymax
180.31746200204657,625.0190090098746,495.9693707649651,454.3899519718346
