xmin,ymin,xmax,ymax
52.33142388128158,187.92214334198553,204.44049559441783,247.07635102162533
