xmin,ymin,xmax,ymax
274.23674494021407,360.4642126369506,397.7849028361254,150.8727786933944
