xmin,ymin,xmax,ymax
61.39369980446632,92.43789972051388,116.63624319680598,155.89512916962371
