xmin,ymin,xmax,ymax
160.64558296231144,217.03370880268426,290.2956656729359,156.98860860848566
