xmin,ymin,xmax,ymax
154.7548343020917,177.04923256187936,188.356302506269,148.38513053870992
