xmin,ymin,xmax,ymax
160.78644531418422,196.5595011210362,227.4633521169742,156.54509321452576
