xmin,ymin,xmax,ymax
97.66878958709685,127.4292112023648,183.45448985154667,58.192961391470874
