xmin,ymin,xmax,ymax
152.17670810011884,225.52266890703373,285.56194182168986,140.8799235164784
