xmin,ymin,xmax,ymax
242.52213914414506,343.1639629665265,513.8256275221959,544.7478226573851
