xmin,ymin,xmax,ymax
379.5811045880887,515.7174518046099,502.07669551549156,398.32313953207773
