xmin,ymin,xmax,ymax
424.36546115862507,487.15239447438825,496.04168330507696,424.0917111204369
