xmin,ymin,xmax,ymax
256.7462953938152,529.4116454234701,501.6144597485579,383.7445684651475
