xmin,ymin,xmax,ymax
307.7208774606959,536.7144896170555,499.6586619691477,400.4777828437532
