xmin,ymin,xmax,ymax
209.75291690682138,565.4238656676443,501.505997521637,363.6870376770106
