xmin,ymin,xmax,ymax
83.3381312205579,169.7577130860821,130.40365163454499,96.47301664134613
