xmin,ymin,xmax,ymax
197.32067205450858,169.08252080030883,312.4376552707506,255.47398945027635
