xmin,ymin,xmax,ymax
171.7605186384817,141.32664679375887,328.810951160267,246.4386456980995
