xmin,ymin,xmax,ymax
284.7017868353421,442.62330838697596,535.1519063409712,118.40944967378822
