xmin,ymin,xmax,ymax
209.77374859661631,437.1014671162758,395.36651954187255,223.9485172483296
