xmin,ymin,xmax,ymax
153.33461518496802,91.41221914791066,379.0495974016669,361.08173535175996
