xmin,ymin,xmax,ymax
163.3778634162129,97.3804125518501,385.3937000091091,370.75131123909335
