xmin,ymin,xmax,ymax
105.68727290928359,64.64681374450038,380.09305831053166,367.27399100357223
