xmin,ymin,xmax,ymax
180.36764591620977,115.53906516310573,355.10489297009326,262.271961252451
