xmin,ymin,xmax,ymax
95.10163359584203,174.10424267726788,156.4323613379372,195.31645729291895
