xmin,ymin,xmax,ymax
88.82031110113667,198.4971240009263,159.68030139253756,108.53351071059075
