xmin,ymin,xmax,ymax
84.33777323217049,173.14881060412097,174.86586107809984,82.87415641657617
