xmin,ymin,xmax,ymax
268.769081501252,334.4615581387677,332.458986990674,463.50927469102476
