xmin,ymin,xmax,ymax
80.9479156227799,85.51344647429073,163.50902149422586,172.6596331423459
