xmin,ymin,xmax,ymax
72.26008361147024,294.5034228448749,340.54327035443134,390.0740410386429
