xmin,ymin,xmax,ymax
176.76477506053607,330.4365944381959,310.26313162667975,178.23805895377347
