xmin,ymin,xmax,ymax
83.33771975427742,3.322145545248304,116.45404188833487,100.03545403094495
