xmin,ymin,xmax,ymax
192.58462540241453,200.5134450524807,301.6681514228728,53.62220837008428
