xmin,ymin,xmax,ymax
267.00417906390135,208.22371555700795,508.3653429367205,299.838805942772
