xmin,ymin,xmax,ymax
451.20589126190805,294.314313554438,648.0835250425537,511.81752771861403
