xmin,ymin,xmax,ymax
462.99142494704336,286.8699717246556,684.7117221860477,505.9105264509722
