xmin,ymin,xmax,ymax
474.09373263742157,315.99892762530106,670.4706890247639,503.5494119251675
