xmin,ymin,xmax,ymax
452.3490075027776,135.37766883997375,827.3393060083793,508.2921220196385
