xmin,ymin,xmax,ymax
372.88405186784985,475.05127789677067,773.7065621441182,200.44896406847863
