xmin,ymin,xmax,ymax
170.23222648987462,120.59568222912208,245.46528130788147,192.4863034831307
