xmin,ymin,xmax,ymax
166.84225780403335,88.75330665963804,282.90068596930246,202.42382181449585
