xmin,ymin,xmax,ymax
169.08701987794348,63.61991532309298,302.23213211864527,193.54347274606954
