xmin,ymin,xmax,ymax
322.9456481440784,623.2452459669115,576.1613744420301,456.0917255860445
