xmin,ymin,xmax,ymax
218.60062501066272,435.971282053604,576.5858423799282,646.787619979222
