xmin,ymin,xmax,ymax
29.259493151186234,364.54550690351925,583.086917251816,649.7588889107752
