xmin,ymin,xmax,ymax
423.43494878587353,564.0264400218665,560.9194406466913,521.36086874976
