xmin,ymin,xmax,ymax
29.259493151186234,649.7588889107752,583.086917251816,364.54550690351925
