xmin,ymin,xmax,ymax
374.30383585239656,484.5459883287941,509.36706872765103,361.5344161839851
