xmin,ymin,xmax,ymax
385.40423854007986,467.3593388398482,622.4119763813405,353.1157202980201
