xmin,ymin,xmax,ymax
155.0194283136152,164.22932967597797,233.5855269990775,19.776718322334204
