xmin,ymin,xmax,ymax
26.79501557854678,250.25682713798685,161.7958273536335,110.34432514071456
