xmin,ymin,xmax,ymax
419.77153382141466,403.2291546071242,741.023728016662,727.0557207231857
