xmin,ymin,xmax,ymax
412.3349428253513,367.34814682096464,858.2491488021578,753.3824909034765
