xmin,ymin,xmax,ymax
352.9084323367773,410.2371673322325,783.0464969376563,810.6208946292764
