xmin,ymin,xmax,ymax
447.79326922453765,591.993022665001,656.6841231682472,422.8020872074434
