xmin,ymin,xmax,ymax
517.0768019016552,638.9784725627927,593.1981233570489,807.7003221586756
