xmin,ymin,xmax,ymax
492.77794778784437,621.1584062972506,605.1434689305809,780.4598549668864
