xmin,ymin,xmax,ymax
1.523193570399144,92.33993930978056,54.48000000000002,137.75506069021952
