xmin,ymin,xmax,ymax
88.50024384283302,78.5405465706175,153.71964013590332,153.79587735910405
