xmin,ymin,xmax,ymax
297.09265110231183,308.902638221077,563.177907957571,523.1895187872852
