xmin,ymin,xmax,ymax
325.32985848482735,288.3595968555427,630.1081412395783,520.380232659701
