xmin,ymin,xmax,ymax
296.74909832946366,310.4354508940695,451.9930389345127,444.20892153125675
