xmin,ymin,xmax,ymax
98.77924206368334,110.44197032590915,138.0770805497939,83.28632090487451
