xmin,ymin,xmax,ymax
176.59094599523792,110.972305775098,255.4884008424267,190.18959203106868
