xmin,ymin,xmax,ymax
298.54526013110535,368.4011229219053,444.26889841288425,707.3837947478751
