xmin,ymin,xmax,ymax
298.54526013110535,707.3837947478751,444.26889841288425,368.4011229219053
