xmin,ymin,xmax,ymax
35.03516054939632,124.51567916786033,213.50292699967508,230.84708645062065
