xmin,ymin,xmax,ymax
34.652924389536565,173.76307844692974,213.1575897992244,280.11647019421986
