xmin,ymin,xmax,ymax
89.63715609984399,152.7193378988845,202.40042585568597,213.04726748523294
