xmin,ymin,xmax,ymax
23.50426470296793,108.88777275366306,113.43145179909084,60.31243986645569
