xmin,ymin,xmax,ymax
55.04739895899479,148.26416489469497,122.7336067503445,102.90977669000853
