xmin,ymin,xmax,ymax
204.91126255074226,195.50592671266196,453.55792646115214,398.2591404422946
