xmin,ymin,xmax,ymax
251.39981836619774,294.81600961787785,449.28517210940885,159.2906015215787
