xmin,ymin,xmax,ymax
246.88708219379674,228.31122238864083,415.0016552012177,375.5068623115337
