xmin,ymin,xmax,ymax
246.88708219379674,375.5068623115337,415.0016552012177,228.31122238864083
