xmin,ymin,xmax,ymax
130.78175367285098,187.43081569203855,301.01757570736913,377.86981561309267
