xmin,ymin,xmax,ymax
50.60727253321784,318.12825142643214,236.8331873924626,210.21529463006163
