xmin,ymin,xmax,ymax
117.27473364206503,273.38470112831635,232.95154417348704,200.9698681585946
