xmin,ymin,xmax,ymax
368.8089396465987,366.567638039095,515.0967810283698,544.9706112147207
