xmin,ymin,xmax,ymax
334.4951075464546,372.3067351104143,430.65126336115486,469.0065164111803
