xmin,ymin,xmax,ymax
167.35930989037143,97.5508131291815,280.04197671473435,227.28885039034003
