xmin,ymin,xmax,ymax
176.57360177063475,93.06365900027231,311.29931081990884,224.64453566562975
