xmin,ymin,xmax,ymax
212.1524826301566,59.636874852913024,278.3192793917945,216.14043775326036
