xmin,ymin,xmax,ymax
160.19914843533883,52.51595570388554,275.27542022512534,210.4898087438637
