xmin,ymin,xmax,ymax
143.23402572048934,77.9350568829177,279.17237398008757,230.30161238472192
