xmin,ymin,xmax,ymax
209.64683093616384,103.11753190570812,292.3043494721046,220.8456777105157
