xmin,ymin,xmax,ymax
247.46921148183242,228.9318205566023,305.0581686108799,282.8047280194714
