xmin,ymin,xmax,ymax
378.51380339193634,298.0617655784192,581.1412696568282,428.5957364824471
