xmin,ymin,xmax,ymax
442.3622586792794,373.21634870411356,821.4410054604691,472.56968362727696
