xmin,ymin,xmax,ymax
409.12520724496835,343.2541222925238,785.4316806627917,407.4780085073694
