xmin,ymin,xmax,ymax
382.40836863254117,353.24312715319445,630.1099683671848,429.3251744752591
