xmin,ymin,xmax,ymax
108.26575574225376,141.44657393390008,184.60592751473473,233.3936620196423
