xmin,ymin,xmax,ymax
127.7846523836613,132.16823930409674,220.08485428863173,247.92420428502066
