xmin,ymin,xmax,ymax
91.6433296439327,164.21624874614338,125.32798900477383,99.98991310712925
