xmin,ymin,xmax,ymax
157.23917188550604,178.970877600706,268.5340753452024,63.884528840799476
