xmin,ymin,xmax,ymax
138.2949049525829,193.8786187585995,273.5006168712109,47.916968809466425
