xmin,ymin,xmax,ymax
553.6147154846292,247.66082887305149,1222.4088565428897,789.3117473116292
