xmin,ymin,xmax,ymax
41.436690751742674,143.21105495158207,135.33963794395004,228.6079230987133
