xmin,ymin,xmax,ymax
41.436690751742674,228.6079230987133,135.33963794395004,143.21105495158207
