xmin,ymin,xmax,ymax
118.969151000224,118.86823114851222,149.96093378705405,152.1570257763014
