xmin,ymin,xmax,ymax
120.06379813309854,161.9481503251568,170.96283171564642,35.980006836111556
