xmin,ymin,xmax,ymax
200.87399759233244,218.86997559997167,373.2773865865547,180.82411558457255
