xmin,ymin,xmax,ymax
203.13990275939136,176.7861893555287,318.5347608445343,225.3224352580248
