xmin,ymin,xmax,ymax
203.13990275939136,225.3224352580248,318.5347608445343,176.7861893555287
