xmin,ymin,xmax,ymax
196.9035211115022,224.69385158088457,366.81132763006553,171.23191257378693
