xmin,ymin,xmax,ymax
217.22948163843353,214.08051440982314,347.36005840227426,189.0672255559582
