xmin,ymin,xmax,ymax
213.03197529468616,182.17000796559998,297.85463079416445,212.41950093879325
