xmin,ymin,xmax,ymax
410.35906210326834,687.5245310917725,839.6077436913708,1415.9884856163367
