xmin,ymin,xmax,ymax
336.6050876798852,279.32149084434565,662.5375488886166,450.19258098470857
