xmin,ymin,xmax,ymax
394.49771807027196,360.9271538510914,801.3539276345166,634.9580519317612
