xmin,ymin,xmax,ymax
81.78856891173905,87.34393061666572,121.75448241824029,133.58321727713167
