xmin,ymin,xmax,ymax
68.05702135500519,15.89734729365182,134.8234857829866,100.32895843186941
