xmin,ymin,xmax,ymax
387.93906841945375,339.91898682957884,626.3332686047157,473.1277216521277
