xmin,ymin,xmax,ymax
387.5147848861485,364.0968777013162,555.0241631164373,449.79469185338706
