xmin,ymin,xmax,ymax
375.7032954818063,340.9543525183539,733.7466008957757,428.9484582130569
