xmin,ymin,xmax,ymax
387.5147848861485,449.79469185338706,555.0241631164373,364.0968777013162
