xmin,ymin,xmax,ymax
375.7119322906723,346.0766783559312,733.797464363461,434.08116183740776
