xmin,ymin,xmax,ymax
387.9289897452808,301.9123972062225,626.2950776789882,435.10542360356766
