xmin,ymin,xmax,ymax
155.35319039194655,140.02923721845164,252.18402214169555,199.81222214576357
