xmin,ymin,xmax,ymax
151.05977749253748,210.1283933008432,285.46178644178485,130.9406097199008
