xmin,ymin,xmax,ymax
155.35319039194655,199.81222214576357,252.18402214169555,140.02923721845164
