xmin,ymin,xmax,ymax
151.05977749253748,130.9406097199008,285.46178644178485,210.1283933008432
