xmin,ymin,xmax,ymax
149.1104563887036,265.84455958064893,295.2704776935302,368.9626368550029
