xmin,ymin,xmax,ymax
139.31659860334685,231.93343083150273,324.82609919699166,430.74289044071526
