xmin,ymin,xmax,ymax
250.39935430972298,561.0591958955281,419.80973186126846,322.9024889520239
