xmin,ymin,xmax,ymax
87.20722125052657,31.104372584280213,116.23107386724769,103.10403216355235
