xmin,ymin,xmax,ymax
128.6590734324741,256.17409521446706,275.890877190913,54.19857957820636
