xmin,ymin,xmax,ymax
203.87966103166332,245.70760649475767,272.41832199585815,140.24721841196128
