xmin,ymin,xmax,ymax
110.13732890936308,312.2131211067501,267.75338962993874,146.86882692576603
