xmin,ymin,xmax,ymax
313.1402411974393,186.9966760747161,622.6366982732602,368.6853992506754
