xmin,ymin,xmax,ymax
313.1402411974393,368.6853992506754,622.6366982732602,186.9966760747161
