xmin,ymin,xmax,ymax
366.1964622298783,225.6296094925277,699.9503207758742,508.08823214383347
