xmin,ymin,xmax,ymax
364.9729600372543,503.1973348772269,698.4438747845211,220.97816987901
