xmin,ymin,xmax,ymax
90.85042864787147,83.43360107557936,131.85310605617678,132.06460666021843
