xmin,ymin,xmax,ymax
331.0893980501419,378.54601950465087,669.4354586744269,783.8077114350751
