xmin,ymin,xmax,ymax
353.29904869979146,380.84038199896247,622.5433290593562,713.9806507017781
