xmin,ymin,xmax,ymax
310.91486582735183,381.7805335013196,569.1896844748953,723.1991117738112
