xmin,ymin,xmax,ymax
336.2498548004063,358.93119797684864,441.14787202981404,191.1790800438959
