xmin,ymin,xmax,ymax
352.6834452862977,367.63935471961537,446.07811478248766,125.69484111547916
