xmin,ymin,xmax,ymax
320.64712813336655,301.8999039170909,627.3452668291673,494.36003557758977
