xmin,ymin,xmax,ymax
98.1333786908167,81.95043248906524,140.41389426237834,112.10594599196298
