xmin,ymin,xmax,ymax
46.642260932273075,482.76694752246306,571.8150120644962,746.3211729240226
