xmin,ymin,xmax,ymax
36.17248117012059,748.0155511211445,566.2582956339043,509.8148921855064
