xmin,ymin,xmax,ymax
266.21914726624914,510.6439552464169,578.3114950940953,725.2349770183228
