xmin,ymin,xmax,ymax
266.21914726624914,725.2349770183228,578.3114950940953,510.6439552464169
