xmin,ymin,xmax,ymax
52.59896492753978,768.7679559901758,575.4012821694616,493.8130943371727
