xmin,ymin,xmax,ymax
28.624801943482225,130.3808078567415,285.9369957893264,449.1248873177369
