xmin,ymin,xmax,ymax
28.624801943482225,449.1248873177369,285.9369957893264,130.3808078567415
