xmin,ymin,xmax,ymax
38.00728624095791,168.78101034013028,193.3991945948262,220.7702349849684
