xmin,ymin,xmax,ymax
38.1600031456976,188.81048337837242,193.62408707201666,240.82385569016282
