xmin,ymin,xmax,ymax
44.619475215149805,177.78054632779651,214.58234567067007,232.36774483431464
