xmin,ymin,xmax,ymax
115.94968537668865,195.95372306403863,244.97643839741022,383.3452821215594
