xmin,ymin,xmax,ymax
92.3094892876145,93.68438268966332,151.23444253089065,151.40503690197352
