xmin,ymin,xmax,ymax
164.1520151221623,105.2471079335029,278.0426618128495,207.6842056769749
