xmin,ymin,xmax,ymax
150.58695653478776,96.3173897156613,290.1526255548731,200.64282697908848
