xmin,ymin,xmax,ymax
80.21548292255437,168.90638674104264,142.43930866684235,87.0232087632819
