xmin,ymin,xmax,ymax
167.97447014284808,225.954644598978,280.05998832977025,94.2283447044531
