xmin,ymin,xmax,ymax
174.63151004643214,208.0703323483234,254.81232359191222,97.59133401231657
