xmin,ymin,xmax,ymax
188.41884383141996,230.0902340067276,274.4514767093947,310.82909472942123
