xmin,ymin,xmax,ymax
188.88429256572,183.22741936990002,288.3267753174664,99.21253088487094
