xmin,ymin,xmax,ymax
162.15168921543682,91.05240789211018,303.65616083872646,236.21560612747112
