xmin,ymin,xmax,ymax
166.31784708125292,209.226332504587,253.75561530902246,84.57565527914323
