xmin,ymin,xmax,ymax
162.15168921543682,236.21560612747112,303.65616083872646,91.05240789211018
