xmin,ymin,xmax,ymax
188.88429256572,99.21253088487094,288.3267753174664,183.22741936990002
