xmin,ymin,xmax,ymax
173.45442086969842,164.49687065997728,253.58858076682077,274.9115861817875
