xmin,ymin,xmax,ymax
167.97447014284808,94.2283447044531,280.05998832977025,225.954644598978
