xmin,ymin,xmax,ymax
327.21397579077825,507.1690918241154,713.9961902550241,928.2588933226285
