xmin,ymin,xmax,ymax
158.14682148587485,36.68335021125404,218.90609686719745,193.44563219566936
