xmin,ymin,xmax,ymax
64.66151237382269,93.40337973542682,103.45613034139251,119.62182812871765
