xmin,ymin,xmax,ymax
101.32918209889999,64.2057604595509,182.01387513534064,129.32302495302787
