xmin,ymin,xmax,ymax
308.7919839641195,88.83188099961205,667.4928075252994,544.3547825117656
