xmin,ymin,xmax,ymax
58.400943885834295,200.85937348015756,369.40839015336996,381.9251865332474
