xmin,ymin,xmax,ymax
130.09788424245858,126.74069304707666,290.61570865634576,286.9865310185335
