xmin,ymin,xmax,ymax
136.61398383859705,183.842382618812,247.15753425997514,127.83187166877417
