xmin,ymin,xmax,ymax
53.31022587103416,312.0246205923231,352.12030682371505,472.4057480443307
