xmin,ymin,xmax,ymax
33.89601968342024,186.0518972846744,208.07443824535758,227.10923007854456
