xmin,ymin,xmax,ymax
107.81585311396304,37.60571316515825,168.1666497032742,144.70316896899817
