xmin,ymin,xmax,ymax
89.51362938624106,32.69643709221549,148.8382092850975,103.6336733577624
