xmin,ymin,xmax,ymax
89.51362938624106,103.6336733577624,148.8382092850975,32.69643709221549
