xmin,ymin,xmax,ymax
88.72136413165981,92.61669046057614,148.06225917985716,163.57343553015465
