xmin,ymin,xmax,ymax
126.0095134501023,204.2695694942994,266.05878209188654,319.8789445553857
