xmin,ymin,xmax,ymax
162.59154936723394,94.97177238532771,221.4385666865087,187.78017652202004
