xmin,ymin,xmax,ymax
162.8978118532109,64.98769254626166,229.14935063019493,186.77187404636277
