xmin,ymin,xmax,ymax
174.88862376364318,28.964491118988803,335.12407367307856,299.5435027873019
