xmin,ymin,xmax,ymax
316.207843319335,372.3494393141292,470.94885324313077,208.20626829848618
