xmin,ymin,xmax,ymax
299.16728289722164,409.724309057489,606.0373560205949,82.05681654711532
