xmin,ymin,xmax,ymax
307.45627388774517,393.0306390954014,541.8167582517206,155.88227451060777
