xmin,ymin,xmax,ymax
262.1927011288543,427.65997884604906,315.1682723755414,368.5804198751499
