xmin,ymin,xmax,ymax
194.58702155753622,433.85216074375984,379.6085230753122,209.6365909044074
