xmin,ymin,xmax,ymax
141.59399162728823,120.69193349665056,237.10315257151564,61.24197026704546
