xmin,ymin,xmax,ymax
400.9761150903364,493.8160251684698,485.2220998525911,570.6603728475516
