xmin,ymin,xmax,ymax
408.1867937896195,518.3752336746804,483.65061767162547,559.5690681248298
