xmin,ymin,xmax,ymax
378.11182389531336,510.1652523807059,487.3510024122868,579.1014095281985
