xmin,ymin,xmax,ymax
88.34209188703676,403.19925263997266,554.5407834422454,809.4859042499928
