xmin,ymin,xmax,ymax
420.2247052369769,505.1944211597438,488.1433978828086,577.0765502458213
