xmin,ymin,xmax,ymax
24.15440117731214,178.4626022279115,116.90874479177148,83.48979418956017
