xmin,ymin,xmax,ymax
81.2418824487765,29.596790483876475,156.41388086247002,142.55157114096414
