xmin,ymin,xmax,ymax
90.92340766044106,34.21452722047002,162.03683981226004,145.43127083783588
