xmin,ymin,xmax,ymax
365.80708337636645,391.2936408715914,487.158296604777,592.004324792146
