xmin,ymin,xmax,ymax
296.76105392312127,298.45643457618326,603.9124693971576,626.4243367734332
