xmin,ymin,xmax,ymax
355.24507293966815,382.28119692431846,445.45564529048875,502.87349504593976
