xmin,ymin,xmax,ymax
294.2446780929113,303.0673537876646,590.1743535076821,616.3882176040788
