xmin,ymin,xmax,ymax
313.8172373457995,335.8655700711761,468.70011577776495,500.1592296147776
