xmin,ymin,xmax,ymax
259.75257339218115,280.5043211395098,312.7767133102625,339.63804499467983
