xmin,ymin,xmax,ymax
154.24647543165656,186.1640872964503,277.10716106592304,118.05906766988511
