xmin,ymin,xmax,ymax
99.98770403190042,82.84383499341786,151.03401944709321,117.1195190305378
