xmin,ymin,xmax,ymax
72.4226543052942,88.36827449653617,144.78739658176875,142.25200495338646
