xmin,ymin,xmax,ymax
55.71540867958538,79.78054745464885,144.4263655590509,151.27043433615398
