xmin,ymin,xmax,ymax
43.51633721755172,66.6634736534532,149.1697859736754,147.71008863870026
