xmin,ymin,xmax,ymax
69.74372661719781,93.09983897349525,147.74824146166364,154.93091320260692
