xmin,ymin,xmax,ymax
100.72525915734752,84.62955595721951,138.14936839158804,140.91234744583562
