xmin,ymin,xmax,ymax
54.236279628015836,101.79329753105048,96.7586812550361,149.8723010954002
