xmin,ymin,xmax,ymax
84.29154331874612,222.77525738561798,233.28856357337034,247.5802043255528
