xmin,ymin,xmax,ymax
84.68746496826684,218.79334794804555,233.00968700355295,249.79352956203485
