xmin,ymin,xmax,ymax
35.87472433369339,278.12649409726373,204.01740905501697,115.02547297269905
