xmin,ymin,xmax,ymax
32.31396171490769,298.95767650623026,203.38903605848122,141.52055877606034
