xmin,ymin,xmax,ymax
349.45692331813694,339.4328153506384,762.6191226979843,715.4356607106986
