xmin,ymin,xmax,ymax
85.75841740043256,101.7841418611248,129.31305234779643,169.74133024581477
