xmin,ymin,xmax,ymax
40.57149473055665,307.92767145459317,277.6611043627993,144.78999816466686
