xmin,ymin,xmax,ymax
665.7096613736901,1239.4513414976427,1114.7466521321767,669.0463242760543
