xmin,ymin,xmax,ymax
665.2222748142592,1276.6410501044943,1144.716267844395,669.4022122234057
