xmin,ymin,xmax,ymax
63.773523293084736,113.66472322067261,147.535161864771,55.613557717648234
