xmin,ymin,xmax,ymax
269.9444222776075,312.69196749986895,466.3126040461308,192.4242286154245
