xmin,ymin,xmax,ymax
207.5715365590492,403.8642281588555,446.1200918125886,207.12914497369948
