xmin,ymin,xmax,ymax
207.5715365590492,207.12914497369948,446.1200918125886,403.8642281588555
