xmin,ymin,xmax,ymax
94.12672266300001,82.04832223794915,145.7951356766888,144.17245679848907
