xmin,ymin,xmax,ymax
21.48135163031668,95.30227455982572,97.75060812726088,176.9404176942969
