xmin,ymin,xmax,ymax
15.050503782638657,92.65949954773578,93.428476781536,166.81469227457956
