xmin,ymin,xmax,ymax
491.5824296857693,492.79607310158934,630.2655499927737,792.0488215451235
