xmin,ymin,xmax,ymax
263.655562654538,535.5650266435159,515.0451613325602,656.4045723384941
