xmin,ymin,xmax,ymax
376.4133030117396,479.6889263386642,585.8816423867618,764.7341175570009
