xmin,ymin,xmax,ymax
282.1210682741098,303.66127268851574,342.6123891155937,32.92049246886131
