xmin,ymin,xmax,ymax
109.72400818253533,39.01591982233765,218.02426224062498,207.1195034991822
