xmin,ymin,xmax,ymax
112.94155992852997,157.13965025671928,159.85814716419537,51.05971632517981
