xmin,ymin,xmax,ymax
113.58195557556867,122.80321416285938,185.0815122232717,50.050426310873036
