xmin,ymin,xmax,ymax
104.90359623804852,129.54480051445637,148.16438512744617,170.7047732104105
