xmin,ymin,xmax,ymax
55.33726821629705,141.287359182516,157.30280157359883,229.6134768101765
