xmin,ymin,xmax,ymax
52.6654432418145,137.36664418349778,151.48274203401257,226.79467293802367
