xmin,ymin,xmax,ymax
181.5367498275234,613.818882044785,363.9113717804578,310.69994088933413
