xmin,ymin,xmax,ymax
84.05860466840454,101.5766591822188,146.92964451514035,202.39657938319033
