xmin,ymin,xmax,ymax
80.37727346678275,63.284261044372215,120.33219876950216,109.51083470368326
