xmin,ymin,xmax,ymax
79.65594329059303,1.2056893249607583,110.18889248116417,97.65527747428337
