xmin,ymin,xmax,ymax
249.60737940546778,349.16038961030426,465.2369832010361,142.35505216186567
