xmin,ymin,xmax,ymax
225.54127764255577,140.45712931075278,436.47758317248713,344.3650103511315
