xmin,ymin,xmax,ymax
115.53737004622712,29.969960597442224,194.81013969321316,148.6140274875953
