xmin,ymin,xmax,ymax
192.07772285190595,207.35105373654807,306.9579117807614,387.4839939755491
