xmin,ymin,xmax,ymax
257.2320944847032,299.12043751975443,406.86635525619533,252.66589630456792
