xmin,ymin,xmax,ymax
244.5302025329438,305.3433796053297,492.37048761753,88.57652494993373
