xmin,ymin,xmax,ymax
336.6619714709327,613.2401200443112,724.9368080528875,466.9792022348036
