xmin,ymin,xmax,ymax
411.09913864078817,512.5296173263689,751.5863481358431,369.2713177460688
