xmin,ymin,xmax,ymax
409.8598857203958,542.9798314440332,854.2525413112999,402.6370642331884
