xmin,ymin,xmax,ymax
124.59307134462028,215.1843932025091,222.02153667575112,121.00778352897524
