xmin,ymin,xmax,ymax
89.31729923245643,82.86030729223296,165.3075837833744,151.18588534783396
