xmin,ymin,xmax,ymax
273.5168219439139,181.87879690553973,413.2778669706573,351.0054041976563
