xmin,ymin,xmax,ymax
32.57646782459665,463.8585079238598,339.6598505637319,222.9693150362234
