xmin,ymin,xmax,ymax
111.52282098409961,189.67911781546064,219.8187385450549,357.7759703842831
