xmin,ymin,xmax,ymax
196.59539568407786,346.9394886126172,283.3938490472003,263.7786176582681
