xmin,ymin,xmax,ymax
84.32575955525908,399.0819342932009,284.1010509013945,259.20604665443454
