xmin,ymin,xmax,ymax
102.01772681546117,384.0840432593667,286.8071803031146,257.70985273984036
