xmin,ymin,xmax,ymax
182.48204277609398,502.8411282962352,355.179192665156,291.8289488278249
