xmin,ymin,xmax,ymax
139.79669388591776,621.9327547641412,385.5979298307286,318.5316392987777
