xmin,ymin,xmax,ymax
76.1409172117967,169.231489331592,210.11761710287942,330.9694211577526
