xmin,ymin,xmax,ymax
59.62047267079856,264.23909045666653,365.68152055837106,486.4032989901411
