xmin,ymin,xmax,ymax
64.00019851316787,296.3283135674723,398.52672491304014,601.9329905904194
