xmin,ymin,xmax,ymax
463.0162313185226,560.5461221070617,577.2629171989456,1019.4822046432984
