xmin,ymin,xmax,ymax
440.3898921985931,482.5883943426194,621.9054821363707,930.0674291690775
