xmin,ymin,xmax,ymax
91.06340549125457,237.78831438536326,264.36779155761815,325.7864483492902
