xmin,ymin,xmax,ymax
125.12234749412278,231.76840860664748,259.4060317586366,316.0500757809897
