xmin,ymin,xmax,ymax
74.99893355543236,239.54770076832523,268.9811708907944,363.527903989434
