xmin,ymin,xmax,ymax
90.70985021034903,29.902678136453005,187.84339370710495,134.8774199404379
