xmin,ymin,xmax,ymax
35.30941478296245,157.3937358843395,186.61851365542748,272.0567250825881
