xmin,ymin,xmax,ymax
102.44583333333333,127.3324635707271,135.99759144259235,154.8592030959395
