xmin,ymin,xmax,ymax
97.27384476093425,115.01791797573935,139.54273575343973,84.87069541125504
