xmin,ymin,xmax,ymax
92.48434816173449,95.04914119878293,159.577510154749,183.98336949685805
