xmin,ymin,xmax,ymax
313.7838500134508,284.4602557963419,623.1850756940921,466.09307374236744
