xmin,ymin,xmax,ymax
187.06523330444412,257.55437223928857,322.7650897917582,474.75190126135374
