xmin,ymin,xmax,ymax
201.5472483656209,21.818724444491295,289.15370227114727,240.52258787358767
