xmin,ymin,xmax,ymax
198.32405466620204,255.16143831222092,311.7161443231571,404.93747449673896
