xmin,ymin,xmax,ymax
33.113562774971115,153.98982738541224,290.69556423631025,426.640721534153
