xmin,ymin,xmax,ymax
91.00328997999009,66.20424731020472,156.80422959543284,109.52353070085792
