xmin,ymin,xmax,ymax
450.079380696585,457.94853751876167,825.0399326321335,830.8334087973756
