xmin,ymin,xmax,ymax
469.46826525477917,498.68081866510437,592.1196036425727,383.1133051006354
