xmin,ymin,xmax,ymax
460.7209539179007,460.32994416440863,682.4236629196084,679.3531232273237
