xmin,ymin,xmax,ymax
451.20589126190805,511.81752771861403,648.0835250425537,294.314313554438
