xmin,ymin,xmax,ymax
448.9363551348276,454.4234114769613,645.7983713532362,671.9093719291807
