xmin,ymin,xmax,ymax
160.76703842121674,266.2126767138677,326.0490389167963,506.1003369049138
