xmin,ymin,xmax,ymax
160.64740070169762,283.8516864585861,345.41749872636035,563.4035220850781
