xmin,ymin,xmax,ymax
49.30314491433501,245.14685086300813,312.52406682363767,475.0482777794272
