xmin,ymin,xmax,ymax
34.20628384842553,116.76686035556233,148.29061371840044,210.58340587964273
