xmin,ymin,xmax,ymax
33.48585123547991,64.12398549692404,147.79331011160275,158.12401978398242
