xmin,ymin,xmax,ymax
443.38277242469474,74.35111230794132,690.0237958911192,345.3947925184823
