xmin,ymin,xmax,ymax
380.6099814479079,91.60365980033976,604.5618684352671,326.43093935371667
