xmin,ymin,xmax,ymax
60.066899481740705,233.02025587018397,100.28465808565022,363.81307873482774
