xmin,ymin,xmax,ymax
290.98104736812456,195.53907713836423,547.8103465054928,376.21899180462447
