xmin,ymin,xmax,ymax
333.0258769704277,430.9227394714027,671.3630573578304,25.671684046741063
