xmin,ymin,xmax,ymax
312.8518742487787,427.6883103678473,571.1199142107181,86.27869297359217
