xmin,ymin,xmax,ymax
100.37690972497359,40.753003340240184,189.83401226129484,175.83406474096432
