xmin,ymin,xmax,ymax
77.58666088875515,303.6870967763075,190.43433346310985,155.62504932371098
