xmin,ymin,xmax,ymax
97.33138846879581,159.37556538232775,186.8411695960943,294.53617194805884
