xmin,ymin,xmax,ymax
88.23681078971572,154.68929709453795,132.54549079386243,91.52911155562032
