xmin,ymin,xmax,ymax
92.44559580163082,139.6976199476598,105.02609448626504,96.66650680322198
