xmin,ymin,xmax,ymax
44.958245545301224,152.139831373798,200.07854898277174,4.645339817339902
