xmin,ymin,xmax,ymax
19.856379957476975,203.03219025257005,381.3341195931439,560.0783362138478
