xmin,ymin,xmax,ymax
259.96428479477254,210.27417681789655,486.7096234051039,309.88863004246355
