xmin,ymin,xmax,ymax
260.7663376459957,305.90198790587715,487.498989486734,206.29310827159412
