xmin,ymin,xmax,ymax
109.95626079853332,201.7437975674593,326.84606040250424,350.1932010663682
