xmin,ymin,xmax,ymax
84.46501865305368,200.1529527627668,326.26089115034597,347.71889488008566
