xmin,ymin,xmax,ymax
64.18670008274967,105.66893855480521,102.55502567130043,74.2636059359591
