xmin,ymin,xmax,ymax
134.00127859514805,132.67370107038525,215.3214747589803,213.71291060721686
