xmin,ymin,xmax,ymax
121.06555226127983,175.2099783444316,231.03349200327665,296.19807477284917
