xmin,ymin,xmax,ymax
150.203073778913,176.848252688859,266.81964443749075,116.41970931406982
