xmin,ymin,xmax,ymax
228.99067593448012,187.26708074201457,444.88282156468745,338.5303105931627
