xmin,ymin,xmax,ymax
227.6366468051374,530.8021184513248,443.5026764153356,379.55718659580737
