xmin,ymin,xmax,ymax
6.749642807497594,516.8818681039176,348.0993272703206,282.6577378818422
