xmin,ymin,xmax,ymax
6.749642807497594,282.6577378818422,348.0993272703206,516.8818681039176
