xmin,ymin,xmax,ymax
20.67882775521025,281.64996513412655,336.1523860441814,503.1780002997057
