xmin,ymin,xmax,ymax
22.007818602461384,214.8945409295422,337.5195436830095,436.4493771189296
