xmin,ymin,xmax,ymax
226.34274984179638,33.254565808640336,435.4434505787301,331.07501573696305
