xmin,ymin,xmax,ymax
79.67724187873023,175.92278078752673,195.40137779422093,242.35340237811823
