xmin,ymin,xmax,ymax
63.82225160895746,172.70634037934377,196.52639899319615,262.80588147522093
