xmin,ymin,xmax,ymax
38.122262546195316,172.85542279517244,199.014871979158,270.675204964656
