xmin,ymin,xmax,ymax
170.43437867631116,185.1338293032366,257.4871867517367,275.4897185679172
