xmin,ymin,xmax,ymax
183.63617305503732,166.27267071080217,327.76630888318294,298.0053068336663
