xmin,ymin,xmax,ymax
220.92237878634114,181.0818653066667,372.394348753636,246.07145419281235
