xmin,ymin,xmax,ymax
308.0592376188391,255.48340803963265,583.6692990624452,331.7892255444292
