xmin,ymin,xmax,ymax
315.70547727279825,264.2425742929486,544.8532715968503,324.55594808385854
