xmin,ymin,xmax,ymax
187.22329177976144,152.8146420698231,351.64023059013834,245.63071051711506
