xmin,ymin,xmax,ymax
175.7391965033471,173.94877147763918,319.31836868703226,280.28814803680416
