xmin,ymin,xmax,ymax
49.31004128722566,358.8213888234497,416.92130063902846,483.118449345243
