xmin,ymin,xmax,ymax
89.4779629698221,473.63206264543885,411.42463876280135,357.2115080994161
