xmin,ymin,xmax,ymax
33.79179009695167,324.4832293184312,417.26830226433094,500.6853307448322
