xmin,ymin,xmax,ymax
49.67732503741922,490.2185088500746,417.36437995168444,348.70235855868026
