xmin,ymin,xmax,ymax
157.60325097420628,367.99254624372463,409.9465231693025,469.6773174318776
