xmin,ymin,xmax,ymax
158.20487638075815,363.246096720992,410.5295771059025,464.92338431088524
