xmin,ymin,xmax,ymax
157.60325097420628,469.6773174318776,409.9465231693025,367.99254624372463
