xmin,ymin,xmax,ymax
342.05440932651095,221.52851794878688,680.9014053281048,404.0311575021759
