xmin,ymin,xmax,ymax
404.4359260582871,417.1786108952633,759.5497308305805,831.926309698004
