xmin,ymin,xmax,ymax
390.5476359807171,157.2873748883605,692.5379559051637,486.2883780534612
