xmin,ymin,xmax,ymax
405.33454555801615,84.32551313974716,760.6527905721957,499.3119836227926
