xmin,ymin,xmax,ymax
424.42909714518316,382.17386399938357,788.1678078263494,808.137063522438
