xmin,ymin,xmax,ymax
326.51709107130546,444.4252260048588,528.940480091042,594.7173436468937
