xmin,ymin,xmax,ymax
214.75031436711515,410.75686943643336,541.0517072833588,573.6594606485389
