xmin,ymin,xmax,ymax
178.28322771961848,374.8027441215622,533.366269890402,579.5670927668286
