xmin,ymin,xmax,ymax
172.68478460394385,685.6821506086386,515.7174511471119,422.15880806872144
