xmin,ymin,xmax,ymax
325.6449162705528,444.45735282251997,528.0297658513823,594.7208563112492
