xmin,ymin,xmax,ymax
325.6449162705528,594.7208563112492,528.0297658513823,444.45735282251997
