xmin,ymin,xmax,ymax
218.84278512992432,469.20154706745353,532.295968906712,669.8163743696149
