xmin,ymin,xmax,ymax
172.68478460394385,422.15880806872144,515.7174511471119,685.6821506086386
