xmin,ymin,xmax,ymax
177.4392752006297,664.3300827530671,532.4547130235321,459.6047192425874
