xmin,ymin,xmax,ymax
73.43165071906446,447.8173547495645,538.2254328124172,699.69331597882
