xmin,ymin,xmax,ymax
40.55427093293588,744.0126281341254,535.8268755187405,463.2790716015456
