xmin,ymin,xmax,ymax
343.6811649798167,606.2737544006134,502.68805161792056,504.340046117763
