xmin,ymin,xmax,ymax
290.0410883109914,647.1519895869436,533.3349098847043,471.5181117256676
