xmin,ymin,xmax,ymax
232.94215290437887,594.6617617161601,536.3019924381313,470.94904084452634
