xmin,ymin,xmax,ymax
343.6811649798167,504.340046117763,502.68805161792056,606.2737544006134
