xmin,ymin,xmax,ymax
126.66677704833614,48.08661742301672,208.65218646866765,171.731218406047
