xmin,ymin,xmax,ymax
66.59266919593483,78.71242275186421,101.13586289622322,105.21941281066893
