xmin,ymin,xmax,ymax
91.5675374621735,82.74864307290784,160.64424442324776,142.7724737089583
