xmin,ymin,xmax,ymax
155.3051588526066,239.38329389441878,231.22955290288428,353.677027135073
