xmin,ymin,xmax,ymax
185.1561774903787,193.59719098644536,288.5876812225156,287.18276186468404
