xmin,ymin,xmax,ymax
304.2457726090129,30.50311772401554,527.3178634898331,413.4771144323336
