xmin,ymin,xmax,ymax
85.50993894201156,99.98959262066808,114.54177355356023,172.0090531863193
