xmin,ymin,xmax,ymax
235.02835632610777,256.75755966042533,394.09097925454785,433.80822896112966
