xmin,ymin,xmax,ymax
590.8541395847645,599.9931538600015,650.864417081959,570.3673268405394
