xmin,ymin,xmax,ymax
185.9560061657619,155.7068204962632,333.473922834994,209.1781216205804
