xmin,ymin,xmax,ymax
23.49391814383125,220.50422385034116,376.42828529679423,451.55040681008603
