xmin,ymin,xmax,ymax
22.933494088439147,273.386112132164,375.8605288255112,504.42749497363997
