xmin,ymin,xmax,ymax
98.6754807428672,79.12428573544412,175.94806977056055,113.61724887020284
