xmin,ymin,xmax,ymax
19.39398746691836,89.94548470931966,100.51317710558442,114.14241095491354
