xmin,ymin,xmax,ymax
68.99097189777422,424.71696455499017,277.9136836077837,194.9177932844077
