xmin,ymin,xmax,ymax
68.99097189777422,194.9177932844077,277.9136836077837,424.71696455499017
