xmin,ymin,xmax,ymax
87.90184096056907,51.38970208774606,147.66640815563926,118.38937128648138
