xmin,ymin,xmax,ymax
152.04915419069243,98.33166689202898,177.47849321695867,146.1249532278859
