xmin,ymin,xmax,ymax
0.8677347786708651,47.886199004037906,45.53949157045804,101.21124286665156
