xmin,ymin,xmax,ymax
478.9805513104061,643.7546448477177,926.9069541271663,309.21854127673225
