xmin,ymin,xmax,ymax
120.13711182284283,122.89907172057144,151.15503003805168,156.2159388511203
