xmin,ymin,xmax,ymax
248.39633316561026,30.946591884309242,506.58091496772454,460.50846980244
