xmin,ymin,xmax,ymax
167.0338972631273,196.38273954761144,214.46896326112665,342.62039860195136
