xmin,ymin,xmax,ymax
94.39986509352298,80.71851119682174,151.56674903318572,124.44438350208134
