xmin,ymin,xmax,ymax
154.0269645704958,173.66145616799304,293.33272944110854,335.54348501591795
