xmin,ymin,xmax,ymax
135.3799706212704,154.32566235309832,240.45599003428862,296.42452415405023
