xmin,ymin,xmax,ymax
125.09647698558564,146.92474443724177,237.7257878896856,270.6525835407383
