xmin,ymin,xmax,ymax
80.62432620545474,140.16786058087214,196.4448684014153,206.65382351479
