xmin,ymin,xmax,ymax
44.55350215028375,117.86948227499542,199.6622758472347,225.81053211510832
