xmin,ymin,xmax,ymax
157.8676152196931,128.1287625250469,286.74463325331226,189.15039409270202
