xmin,ymin,xmax,ymax
93.66121903845305,107.36255799702091,152.29622156580854,56.57990009251837
