xmin,ymin,xmax,ymax
108.32099315498384,230.97865888549757,218.08640378326618,201.69262424071292
