xmin,ymin,xmax,ymax
45.1313003260114,254.36894928230925,220.6684927337107,174.3789948418517
