xmin,ymin,xmax,ymax
340.0156485474272,258.9790507197094,658.9921681287221,394.45458745489265
