xmin,ymin,xmax,ymax
302.39607190285574,354.24952385052717,388.4608249589189,407.41832979098643
