xmin,ymin,xmax,ymax
328.8563852729533,379.328055712992,379.9137364501753,409.8222274105575
