xmin,ymin,xmax,ymax
71.26935717797937,52.00884598228504,125.46172181369911,107.49084394655023
