xmin,ymin,xmax,ymax
377.7712143553583,370.48567247045753,440.1115610237887,544.8140800027202
