xmin,ymin,xmax,ymax
351.73900099907655,428.4616179401202,447.85718265816126,692.1517090398572
