xmin,ymin,xmax,ymax
217.22948163843353,189.0672255559582,347.36005840227426,214.08051440982314
