xmin,ymin,xmax,ymax
209.42422627473456,186.41613878931352,289.884884600418,218.0802519241796
