xmin,ymin,xmax,ymax
200.18142856548025,188.15172853711894,282.41282699272415,206.9121950563533
