xmin,ymin,xmax,ymax
201.8005162298441,192.3672651218338,345.5742460807917,212.4034558706244
