xmin,ymin,xmax,ymax
174.99188310918407,249.72619635470812,253.88602570490184,170.51223577728354
