xmin,ymin,xmax,ymax
173.07055901956073,175.3913370333603,280.39301916407976,289.7322327423771
