xmin,ymin,xmax,ymax
173.07055901956073,289.7322327423771,280.39301916407976,175.3913370333603
