xmin,ymin,xmax,ymax
165.24360418475317,158.27851960796056,281.2971600166859,271.9442626781959
