xmin,ymin,xmax,ymax
165.24360418475317,271.9442626781959,281.2971600166859,158.27851960796056
