xmin,ymin,xmax,ymax
168.6334305538519,240.10322390665453,243.8633269582324,168.21562074513645
