xmin,ymin,xmax,ymax
174.6695412417232,70.96458979438808,281.9965071577076,185.3102859332917
