xmin,ymin,xmax,ymax
260.7663376459957,206.29310827159412,487.498989486734,305.90198790587715
