xmin,ymin,xmax,ymax
85.89949590264956,27.191002833647417,176.4524803306578,117.49048390521364
