xmin,ymin,xmax,ymax
33.09594312722794,122.58112086494572,144.73615519210912,167.61660813460782
