xmin,ymin,xmax,ymax
33.5948308819095,165.59878449735862,145.23009294794846,120.5652940495022
