xmin,ymin,xmax,ymax
33.5948308819095,120.5652940495022,145.23009294794846,165.59878449735862
