xmin,ymin,xmax,ymax
75.26883123550965,3.1332155161986748,120.08894654226788,46.998333333333335
