xmin,ymin,xmax,ymax
61.62203257944107,166.24981316908378,180.30671221316135,197.23657570412922
