xmin,ymin,xmax,ymax
95.50654966046454,108.57311662420852,169.28219574755008,78.85885747012628
