xmin,ymin,xmax,ymax
98.61185871242765,117.58231871728032,177.5709597107318,76.2825457779162
