xmin,ymin,xmax,ymax
90.62640919344267,126.76336222306475,148.78057257890214,75.93220770413905
