xmin,ymin,xmax,ymax
274.4893996731885,164.16632716421964,537.054781447825,316.43015329764387
