xmin,ymin,xmax,ymax
274.4893996731885,316.43015329764387,537.054781447825,164.16632716421964
