xmin,ymin,xmax,ymax
316.17346812445413,250.1284484839823,487.10694362900085,381.7001268618204
