xmin,ymin,xmax,ymax
321.05480927636813,173.7050968806089,627.7480187536494,366.1621353431859
