xmin,ymin,xmax,ymax
253.037779795034,168.6500924946182,393.22597917398457,288.6791132765742
