xmin,ymin,xmax,ymax
278.13292632805394,332.50700357488165,483.9885455351923,238.08872531556335
