xmin,ymin,xmax,ymax
259.7147665140816,300.33914597137255,506.62675145533194,114.5557847333314
