xmin,ymin,xmax,ymax
253.037779795034,288.6791132765742,393.22597917398457,168.6500924946182
