xmin,ymin,xmax,ymax
576.0365399578943,651.3435314912622,749.2710855712292,1084.04579894483
