xmin,ymin,xmax,ymax
518.6287756790445,657.4918153276236,898.2964910195791,1330.0496452452312
