xmin,ymin,xmax,ymax
266.96623843981297,175.82966957715593,519.6367041688695,387.1988263780303
