xmin,ymin,xmax,ymax
24.317730309561966,257.81796304438046,181.30734306879822,129.75969583482163
