xmin,ymin,xmax,ymax
176.0669282776346,289.3131175086576,326.52428284721327,143.80774813464296
