xmin,ymin,xmax,ymax
190.46022330652,154.45250930471502,278.9233080800566,113.14629685891259
