xmin,ymin,xmax,ymax
364.47618247514447,187.32092556968257,698.6870041019711,545.587685150273
