xmin,ymin,xmax,ymax
172.66417017483195,38.22583269294677,356.99733106111785,333.70383787437646
