xmin,ymin,xmax,ymax
218.18906100866525,55.2661274200118,274.0577032912236,296.9567645264892
