xmin,ymin,xmax,ymax
263.9837784082255,99.51358356148194,393.49753811142455,293.63559544034115
