xmin,ymin,xmax,ymax
267.89215386343915,172.84834296523263,382.5494061599543,293.6845188872337
