xmin,ymin,xmax,ymax
189.00214591203434,102.44791909721289,328.4972051171103,309.70288702312496
