xmin,ymin,xmax,ymax
254.00236752950468,139.25360280152444,477.6293922442692,372.65666866605466
