xmin,ymin,xmax,ymax
141.1930082056208,32.45040519385435,236.90684840729728,188.4313957443834
