xmin,ymin,xmax,ymax
329.474272951467,-18.71984983219079,716.1072706850362,402.2074994098556
