xmin,ymin,xmax,ymax
359.2185910417222,8.870604312680939,621.9690652045267,397.0967637966188
