xmin,ymin,xmax,ymax
95.24127477752108,310.10202328701837,528.351848881385,687.2597843437362
