xmin,ymin,xmax,ymax
64.73184029431741,-3.8860414344839427,318.54233541280223,257.1386315162254
