xmin,ymin,xmax,ymax
30.50943706228213,1.7921860868054864,100.46041656456327,73.19977009511922
