xmin,ymin,xmax,ymax
179.67577201188624,180.46162789997624,319.3092745530496,328.2375906315323
