xmin,ymin,xmax,ymax
270.17481670789255,630.2529177051672,515.3724093229372,309.7317007350936
