xmin,ymin,xmax,ymax
270.2852954585801,24.59671494208115,515.4081177375424,345.0201924569716
