xmin,ymin,xmax,ymax
277.0370990795278,544.334681926042,394.7929100861519,314.84584204161155
