xmin,ymin,xmax,ymax
250.39935430972298,322.9024889520239,419.80973186126846,561.0591958955281
