xmin,ymin,xmax,ymax
277.1454852519248,110.48875089070924,394.86538790614327,339.90761065216077
