xmin,ymin,xmax,ymax
277.0370990795278,314.84584204161155,394.7929100861519,544.334681926042
