xmin,ymin,xmax,ymax
282.75453732938706,562.0834251862454,523.5239658315685,285.7388334039884
