xmin,ymin,xmax,ymax
270.8037349909482,298.3221800022168,509.26486090657363,239.08433672627632
