xmin,ymin,xmax,ymax
192.93089079119108,199.3020689982859,289.8098510145334,364.99930657414143
