xmin,ymin,xmax,ymax
168.59431483819537,181.97223672846962,250.48941228065914,251.87420330743362
