xmin,ymin,xmax,ymax
270.8231861513116,439.3374274950304,395.6990949270378,762.604920248053
