xmin,ymin,xmax,ymax
287.50963134247013,269.1173777586033,463.52507197926593,510.412045901537
