xmin,ymin,xmax,ymax
272.09234063767167,167.85842522518746,484.9386204956073,263.1295783993518
