xmin,ymin,xmax,ymax
150.04507306145308,228.07381963597223,184.31662121088095,276.2862008964529
