xmin,ymin,xmax,ymax
82.1961206957941,52.320988679905355,121.01171437559515,101.22954940894823
