xmin,ymin,xmax,ymax
82.73333271435774,145.62864140844437,121.53825445860525,96.73352756913403
