xmin,ymin,xmax,ymax
140.21703143090008,179.23761436257973,198.913315755136,323.5191625636503
