xmin,ymin,xmax,ymax
154.76465354235623,68.66319955209542,207.08428620873246,179.92747897503796
