xmin,ymin,xmax,ymax
172.61317715116024,120.46582164429651,222.56893423271322,156.30045504572587
