xmin,ymin,xmax,ymax
452.1136649919208,415.67489381351163,831.9224202902795,715.9069052846597
