xmin,ymin,xmax,ymax
413.1820908871324,364.42043035236543,885.0433636141612,692.2738715129169
