xmin,ymin,xmax,ymax
462.0342381547149,382.333496295431,886.0975635027401,719.1564977169128
