xmin,ymin,xmax,ymax
145.39756822423112,129.65454913608414,258.9433379091953,162.06264024576666
