xmin,ymin,xmax,ymax
74.93634907259752,147.17283750232525,179.66368616588625,200.26342224828647
