xmin,ymin,xmax,ymax
93.16172573794915,124.35776741080281,181.0614001709098,192.36278531828827
