xmin,ymin,xmax,ymax
33.27725635205911,183.6846428289004,288.0749237348191,392.49825608693357
