xmin,ymin,xmax,ymax
26.354127678063605,233.71406479628365,196.54662407364458,137.15045418131945
