xmin,ymin,xmax,ymax
133.2009485504591,245.450411724795,203.32470678506115,204.4661492225755
