xmin,ymin,xmax,ymax
589.5149576296352,572.0610285803566,649.5265035940719,601.687481815738
