xmin,ymin,xmax,ymax
91.8047341298834,53.80175630847151,160.86244918345233,113.80908402928884
