xmin,ymin,xmax,ymax
294.8429789728673,301.38678103657685,373.7718257361256,39.22371630722955
