xmin,ymin,xmax,ymax
218.18906100866525,296.9567645264892,274.0577032912236,55.2661274200118
