xmin,ymin,xmax,ymax
189.00214591203434,309.70288702312496,328.4972051171103,102.44791909721289
