xmin,ymin,xmax,ymax
299.7117463407401,288.86364290601387,379.1239930136685,215.6759417573487
