xmin,ymin,xmax,ymax
267.89215386343915,293.6845188872337,382.5494061599543,172.84834296523263
