xmin,ymin,xmax,ymax
70.80030527099211,96.46852996958614,137.71301388793768,158.9314515750841
