xmin,ymin,xmax,ymax
123.13538108385706,441.78381782234953,269.75939776008113,225.2705878939281
