xmin,ymin,xmax,ymax
357.93292293523916,348.5756930529792,496.6685081268837,196.9411582885773
