xmin,ymin,xmax,ymax
95.79551407768528,363.9207838802258,128.9326308133693,265.13877948429536
