xmin,ymin,xmax,ymax
353.78764420766106,315.4354743057579,492.5465039076321,467.09544752733086
