xmin,ymin,xmax,ymax
352.47333725004603,348.3254340511396,539.0857638518136,492.1594581403631
