xmin,ymin,xmax,ymax
407.58069005968343,90.65759881638905,663.4516396960727,360.3544517514026
