xmin,ymin,xmax,ymax
357.93292293523916,196.9411582885773,496.6685081268837,348.5756930529792
