xmin,ymin,xmax,ymax
52.98762806911811,189.91782075944548,100.08582575162087,358.3003900349029
