xmin,ymin,xmax,ymax
356.618836430922,315.69125005545516,543.1999618783981,171.88135174961258
