xmin,ymin,xmax,ymax
356.618836430922,171.88135174961258,543.1999618783981,315.69125005545516
