xmin,ymin,xmax,ymax
407.58069005968343,360.3544517514026,663.4516396960727,90.65759881638905
