xmin,ymin,xmax,ymax
380.6099814479079,326.43093935371667,604.5618684352671,91.60365980033976
