xmin,ymin,xmax,ymax
271.4367695775711,241.64182532565388,509.75805152382054,300.84492895541854
