xmin,ymin,xmax,ymax
75.19543201085185,98.51455986275118,115.74086248038611,197.53141223571487
