xmin,ymin,xmax,ymax
338.3713738506475,175.3567895956487,597.3748508022894,461.08065790578337
