xmin,ymin,xmax,ymax
333.0258769704277,25.671684046741063,671.3630573578304,430.9227394714027
