xmin,ymin,xmax,ymax
177.0119575437875,108.77564229610857,339.0951468200908,211.41688358877258
