xmin,ymin,xmax,ymax
176.39592683769956,117.7699685635971,269.2172164474898,187.9136462553293
