xmin,ymin,xmax,ymax
230.96477905322263,148.2504708356738,451.2203874940258,297.1332744616647
