xmin,ymin,xmax,ymax
284.1383854123593,238.33790815926324,394.4236124100747,302.29787203384393
