xmin,ymin,xmax,ymax
182.8008404056916,98.48715929081973,331.76160639836075,258.74648908400616
