xmin,ymin,xmax,ymax
182.8008404056916,258.74648908400616,331.76160639836075,98.48715929081973
