xmin,ymin,xmax,ymax
406.2119949436851,399.5163146637045,766.5705621832758,494.14287753677297
