xmin,ymin,xmax,ymax
364.9729600372543,220.97816987901,698.4438747845211,503.1973348772269
