xmin,ymin,xmax,ymax
43.63644232452157,156.78201777844106,198.61610714616563,264.6332200411917
