xmin,ymin,xmax,ymax
386.744837598495,425.5722488937224,660.7058034962652,343.8198530874242
