xmin,ymin,xmax,ymax
382.40836863254117,429.3251744752591,630.1099683671848,353.24312715319445
