xmin,ymin,xmax,ymax
378.51380339193634,428.5957364824471,581.1412696568282,298.0617655784192
