xmin,ymin,xmax,ymax
442.3622586792794,472.56968362727696,821.4410054604691,373.21634870411356
