xmin,ymin,xmax,ymax
164.15385946072945,74.7199412048376,329.50042635620395,314.7013120392162
