xmin,ymin,xmax,ymax
89.0483498892338,101.30498755213262,123.81598554696984,61.04781309363483
