xmin,ymin,xmax,ymax
33.2571161817865,110.96603790518003,107.98385071540201,50.392802216590724
