xmin,ymin,xmax,ymax
311.806138510801,266.50088676825806,592.3512755548713,362.709989603831
