xmin,ymin,xmax,ymax
270.95081585527146,346.0854378258699,527.5944305413966,178.3418777436979
