xmin,ymin,xmax,ymax
270.6641388899636,205.0619750874722,527.4174754514138,372.8772499403717
