xmin,ymin,xmax,ymax
270.95081585527146,178.3418777436979,527.5944305413966,346.0854378258699
