xmin,ymin,xmax,ymax
250.52278658538103,156.08390770462876,469.10822471158394,347.0102843919526
