xmin,ymin,xmax,ymax
165.22562369355978,302.1544272315836,292.0344624155059,228.57285513937512
