xmin,ymin,xmax,ymax
40.30862888218121,283.0415738997323,275.5498165319475,168.34307045130475
