xmin,ymin,xmax,ymax
55.82947504192134,290.68421241881623,278.3663018223749,170.4058342655133
