xmin,ymin,xmax,ymax
24.87094912460543,204.97452479668186,144.48990894727513,97.526121533886
