xmin,ymin,xmax,ymax
24.87094912460543,97.526121533886,144.48990894727513,204.97452479668186
