xmin,ymin,xmax,ymax
26.60346512518504,73.22362630314683,146.3982580225104,180.82997261393905
