xmin,ymin,xmax,ymax
64.18670008274967,74.2636059359591,102.55502567130043,105.66893855480521
