xmin,ymin,xmax,ymax
66.64950125332439,180.93777454683618,133.39760895046743,96.52937698407436
