xmin,ymin,xmax,ymax
84.05860466840454,202.39657938319033,146.92964451514035,101.5766591822188
