xmin,ymin,xmax,ymax
222.33981413472327,800.5039957765727,565.3114052377712,460.45161713220944
