xmin,ymin,xmax,ymax
95.24127477752108,687.2597843437362,528.351848881385,310.10202328701837
