xmin,ymin,xmax,ymax
25.550601107314833,539.0666524365284,459.76896037114443,318.57878289948076
