xmin,ymin,xmax,ymax
29.28914577545538,87.476234217311,121.9825385801073,198.05491489425498
