xmin,ymin,xmax,ymax
149.42930624371138,159.32488260054402,176.42412983776558,56.58668816612692
