xmin,ymin,xmax,ymax
120.84238002333404,154.99255585668965,171.80917853560936,281.1284082743847
