xmin,ymin,xmax,ymax
77.5174387024075,100.0,122.48256129759244,172.98852744705073
