xmin,ymin,xmax,ymax
142.22788097348018,203.3667297728506,161.089982968787,149.1530633723553
