xmin,ymin,xmax,ymax
8.253168498547893,253.0589784882378,171.35383360714684,84.29949138767176
