xmin,ymin,xmax,ymax
8.253168498547893,84.29949138767176,171.35383360714684,253.0589784882378
