xmin,ymin,xmax,ymax
144.18428849752706,88.95936160583767,163.04609746917106,143.17218579441487
