xmin,ymin,xmax,ymax
142.22788097348018,149.1530633723553,161.089982968787,203.3667297728506
