xmin,ymin,xmax,ymax
154.23838151093662,43.224243523890266,289.9129585598031,187.78718663951196
