xmin,ymin,xmax,ymax
163.99559631063198,141.11108587714307,230.13579417911342,203.14250468308526
