xmin,ymin,xmax,ymax
302.77906496575383,786.6861476321969,525.7969317094398,403.8052438537664
