xmin,ymin,xmax,ymax
99.8306049232782,163.122896550811,178.24694358668214,246.40323442990893
