xmin,ymin,xmax,ymax
87.3396042752313,24.03969496886539,129.14681749225076,100.84985038198758
