xmin,ymin,xmax,ymax
85.21166214091284,17.3464620520313,124.03211709983486,100.68377726338844
