xmin,ymin,xmax,ymax
87.8729778424015,38.237309837000694,119.05795812647125,104.3545106468685
