xmin,ymin,xmax,ymax
33.26372891324172,219.85120766799696,340.5864966538777,460.92818427511236
