{
    "0": {
        "AP_0.50_0.95_all_100": 0.06271,
        "AP_0.50_all_100": 0.21692,
        "AP_0.75_all_100": 0.01905,
        "AP_0.50_0.95_small_100": -1.0,
        "AP_0.50_0.95_medium_100": 0.0645,
        "AP_0.50_0.95_large_100": 0.06547,
        "AR_0.50_0.95_all_1 ": 0.12004,
        "AR_0.50_0.95_all_10": 0.28248,
        "AR_0.50_0.95_all_100": 0.35374,
        "AR_0.50_0.95_small_100": -1.0,
        "AR_0.50_0.95_medium_100": 0.29983,
        "AR_0.50_0.95_large_100": 0.3846
    },
    "1": {
        "AP_0.50_0.95_all_100": 0.09314,
        "AP_0.50_all_100": 0.33431,
        "AP_0.75_all_100": 0.02313,
        "AP_0.50_0.95_small_100": -1.0,
        "AP_0.50_0.95_medium_100": 0.09259,
        "AP_0.50_0.95_large_100": 0.09537,
        "AR_0.50_0.95_all_1 ": 0.16737,
        "AR_0.50_0.95_all_10": 0.33285,
        "AR_0.50_0.95_all_100": 0.39754,
        "AR_0.50_0.95_small_100": -1.0,
        "AR_0.50_0.95_medium_100": 0.34428,
        "AR_0.50_0.95_large_100": 0.42802
    },
    "2": {
        "AP_0.50_0.95_all_100": 0.08813,
        "AP_0.50_all_100": 0.32137,
        "AP_0.75_all_100": 0.01628,
        "AP_0.50_0.95_small_100": -1.0,
        "AP_0.50_0.95_medium_100": 0.09644,
        "AP_0.50_0.95_large_100": 0.08873,
        "AR_0.50_0.95_all_1 ": 0.16283,
        "AR_0.50_0.95_all_10": 0.31046,
        "AR_0.50_0.95_all_100": 0.38166,
        "AR_0.50_0.95_small_100": -1.0,
        "AR_0.50_0.95_medium_100": 0.32782,
        "AR_0.50_0.95_large_100": 0.41248
    },
    "3": {
        "AP_0.50_0.95_all_100": 0.09736,
        "AP_0.50_all_100": 0.32287,
        "AP_0.75_all_100": 0.03412,
        "AP_0.50_0.95_small_100": -1.0,
        "AP_0.50_0.95_medium_100": 0.08466,
        "AP_0.50_0.95_large_100": 0.10519,
        "AR_0.50_0.95_all_1 ": 0.16858,
        "AR_0.50_0.95_all_10": 0.31016,
        "AR_0.50_0.95_all_100": 0.38558,
        "AR_0.50_0.95_small_100": -1.0,
        "AR_0.50_0.95_medium_100": 0.34002,
        "AR_0.50_0.95_large_100": 0.41167
    },
    "4": {
        "AP_0.50_0.95_all_100": 0.11568,
        "AP_0.50_all_100": 0.39886,
        "AP_0.75_all_100": 0.04,
        "AP_0.50_0.95_small_100": -1.0,
        "AP_0.50_0.95_medium_100": 0.09352,
        "AP_0.50_0.95_large_100": 0.13088,
        "AR_0.50_0.95_all_1 ": 0.18863,
        "AR_0.50_0.95_all_10": 0.31548,
        "AR_0.50_0.95_all_100": 0.38783,
        "AR_0.50_0.95_small_100": -1.0,
        "AR_0.50_0.95_medium_100": 0.31211,
        "AR_0.50_0.95_large_100": 0.43118
    },
    "5": {
        "AP_0.50_0.95_all_100": 0.11005,
        "AP_0.50_all_100": 0.38239,
        "AP_0.75_all_100": 0.02653,
        "AP_0.50_0.95_small_100": -1.0,
        "AP_0.50_0.95_medium_100": 0.11479,
        "AP_0.50_0.95_large_100": 0.11767,
        "AR_0.50_0.95_all_1 ": 0.18066,
        "AR_0.50_0.95_all_10": 0.30906,
        "AR_0.50_0.95_all_100": 0.37959,
        "AR_0.50_0.95_small_100": -1.0,
        "AR_0.50_0.95_medium_100": 0.33968,
        "AR_0.50_0.95_large_100": 0.40244
    },
    "6": {
        "AP_0.50_0.95_all_100": 0.10427,
        "AP_0.50_all_100": 0.35171,
        "AP_0.75_all_100": 0.03493,
        "AP_0.50_0.95_small_100": -1.0,
        "AP_0.50_0.95_medium_100": 0.11451,
        "AP_0.50_0.95_large_100": 0.10865,
        "AR_0.50_0.95_all_1 ": 0.18306,
        "AR_0.50_0.95_all_10": 0.30192,
        "AR_0.50_0.95_all_100": 0.38041,
        "AR_0.50_0.95_small_100": -1.0,
        "AR_0.50_0.95_medium_100": 0.33985,
        "AR_0.50_0.95_large_100": 0.40363
    },
    "7": {
        "AP_0.50_0.95_all_100": 0.10629,
        "AP_0.50_all_100": 0.38412,
        "AP_0.75_all_100": 0.02725,
        "AP_0.50_0.95_small_100": -1.0,
        "AP_0.50_0.95_medium_100": 0.11524,
        "AP_0.50_0.95_large_100": 0.11228,
        "AR_0.50_0.95_all_1 ": 0.18069,
        "AR_0.50_0.95_all_10": 0.29063,
        "AR_0.50_0.95_all_100": 0.37613,
        "AR_0.50_0.95_small_100": -1.0,
        "AR_0.50_0.95_medium_100": 0.34536,
        "AR_0.50_0.95_large_100": 0.39374
    },
    "8": {
        "AP_0.50_0.95_all_100": 0.1213,
        "AP_0.50_all_100": 0.40325,
        "AP_0.75_all_100": 0.05254,
        "AP_0.50_0.95_small_100": -1.0,
        "AP_0.50_0.95_medium_100": 0.11734,
        "AP_0.50_0.95_large_100": 0.13096,
        "AR_0.50_0.95_all_1 ": 0.19611,
        "AR_0.50_0.95_all_10": 0.31384,
        "AR_0.50_0.95_all_100": 0.38601,
        "AR_0.50_0.95_small_100": -1.0,
        "AR_0.50_0.95_medium_100": 0.35297,
        "AR_0.50_0.95_large_100": 0.40493
    },
    "9": {
        "AP_0.50_0.95_all_100": 0.09954,
        "AP_0.50_all_100": 0.34483,
        "AP_0.75_all_100": 0.04151,
        "AP_0.50_0.95_small_100": -1.0,
        "AP_0.50_0.95_medium_100": 0.08492,
        "AP_0.50_0.95_large_100": 0.11075,
        "AR_0.50_0.95_all_1 ": 0.17457,
        "AR_0.50_0.95_all_10": 0.29884,
        "AR_0.50_0.95_all_100": 0.35824,
        "AR_0.50_0.95_small_100": -1.0,
        "AR_0.50_0.95_medium_100": 0.32732,
        "AR_0.50_0.95_large_100": 0.37594
    },
    "10": {
        "AP_0.50_0.95_all_100": 0.10922,
        "AP_0.50_all_100": 0.37783,
        "AP_0.75_all_100": 0.03921,
        "AP_0.50_0.95_small_100": -1.0,
        "AP_0.50_0.95_medium_100": 0.10023,
        "AP_0.50_0.95_large_100": 0.1204,
        "AR_0.50_0.95_all_1 ": 0.18741,
        "AR_0.50_0.95_all_10": 0.30955,
        "AR_0.50_0.95_all_100": 0.36043,
        "AR_0.50_0.95_small_100": -1.0,
        "AR_0.50_0.95_medium_100": 0.35163,
        "AR_0.50_0.95_large_100": 0.36547
    },
    "11": {
        "AP_0.50_0.95_all_100": 0.11246,
        "AP_0.50_all_100": 0.37523,
        "AP_0.75_all_100": 0.04169,
        "AP_0.50_0.95_small_100": -1.0,
        "AP_0.50_0.95_medium_100": 0.09879,
        "AP_0.50_0.95_large_100": 0.12338,
        "AR_0.50_0.95_all_1 ": 0.19431,
        "AR_0.50_0.95_all_10": 0.30852,
        "AR_0.50_0.95_all_100": 0.35687,
        "AR_0.50_0.95_small_100": -1.0,
        "AR_0.50_0.95_medium_100": 0.34478,
        "AR_0.50_0.95_large_100": 0.3638
    },
    "12": {
        "AP_0.50_0.95_all_100": 0.11183,
        "AP_0.50_all_100": 0.37819,
        "AP_0.75_all_100": 0.0397,
        "AP_0.50_0.95_small_100": -1.0,
        "AP_0.50_0.95_medium_100": 0.10669,
        "AP_0.50_0.95_large_100": 0.12091,
        "AR_0.50_0.95_all_1 ": 0.1941,
        "AR_0.50_0.95_all_10": 0.31098,
        "AR_0.50_0.95_all_100": 0.35952,
        "AR_0.50_0.95_small_100": -1.0,
        "AR_0.50_0.95_medium_100": 0.3457,
        "AR_0.50_0.95_large_100": 0.36743
    },
    "13": {
        "AP_0.50_0.95_all_100": 0.11023,
        "AP_0.50_all_100": 0.36506,
        "AP_0.75_all_100": 0.04278,
        "AP_0.50_0.95_small_100": -1.0,
        "AP_0.50_0.95_medium_100": 0.0977,
        "AP_0.50_0.95_large_100": 0.12065,
        "AR_0.50_0.95_all_1 ": 0.19352,
        "AR_0.50_0.95_all_10": 0.30925,
        "AR_0.50_0.95_all_100": 0.35861,
        "AR_0.50_0.95_small_100": -1.0,
        "AR_0.50_0.95_medium_100": 0.35205,
        "AR_0.50_0.95_large_100": 0.36236
    }
}