{
    "0": {
        "AP_0.50_0.95_all_100": 0.04474,
        "AP_0.50_all_100": 0.1571,
        "AP_0.75_all_100": 0.01224,
        "AP_0.50_0.95_small_100": -1.0,
        "AP_0.50_0.95_medium_100": 0.03938,
        "AP_0.50_0.95_large_100": 0.04966,
        "AR_0.50_0.95_all_1 ": 0.12314,
        "AR_0.50_0.95_all_10": 0.29811,
        "AR_0.50_0.95_all_100": 0.35779,
        "AR_0.50_0.95_small_100": -1.0,
        "AR_0.50_0.95_medium_100": 0.27694,
        "AR_0.50_0.95_large_100": 0.40407
    },
    "1": {
        "AP_0.50_0.95_all_100": 0.09551,
        "AP_0.50_all_100": 0.2979,
        "AP_0.75_all_100": 0.04063,
        "AP_0.50_0.95_small_100": -1.0,
        "AP_0.50_0.95_medium_100": 0.07494,
        "AP_0.50_0.95_large_100": 0.1077,
        "AR_0.50_0.95_all_1 ": 0.17701,
        "AR_0.50_0.95_all_10": 0.33701,
        "AR_0.50_0.95_all_100": 0.40316,
        "AR_0.50_0.95_small_100": -1.0,
        "AR_0.50_0.95_medium_100": 0.32707,
        "AR_0.50_0.95_large_100": 0.44672
    },
    "2": {
        "AP_0.50_0.95_all_100": 0.11125,
        "AP_0.50_all_100": 0.35819,
        "AP_0.75_all_100": 0.04031,
        "AP_0.50_0.95_small_100": -1.0,
        "AP_0.50_0.95_medium_100": 0.07806,
        "AP_0.50_0.95_large_100": 0.12999,
        "AR_0.50_0.95_all_1 ": 0.19133,
        "AR_0.50_0.95_all_10": 0.34945,
        "AR_0.50_0.95_all_100": 0.41046,
        "AR_0.50_0.95_small_100": -1.0,
        "AR_0.50_0.95_medium_100": 0.3467,
        "AR_0.50_0.95_large_100": 0.44696
    },
    "3": {
        "AP_0.50_0.95_all_100": 0.11565,
        "AP_0.50_all_100": 0.36746,
        "AP_0.75_all_100": 0.03316,
        "AP_0.50_0.95_small_100": -1.0,
        "AP_0.50_0.95_medium_100": 0.08271,
        "AP_0.50_0.95_large_100": 0.13719,
        "AR_0.50_0.95_all_1 ": 0.18181,
        "AR_0.50_0.95_all_10": 0.32013,
        "AR_0.50_0.95_all_100": 0.38078,
        "AR_0.50_0.95_small_100": -1.0,
        "AR_0.50_0.95_medium_100": 0.3198,
        "AR_0.50_0.95_large_100": 0.41569
    },
    "4": {
        "AP_0.50_0.95_all_100": 0.10796,
        "AP_0.50_all_100": 0.3827,
        "AP_0.75_all_100": 0.03572,
        "AP_0.50_0.95_small_100": -1.0,
        "AP_0.50_0.95_medium_100": 0.07805,
        "AP_0.50_0.95_large_100": 0.12706,
        "AR_0.50_0.95_all_1 ": 0.18954,
        "AR_0.50_0.95_all_10": 0.31907,
        "AR_0.50_0.95_all_100": 0.38653,
        "AR_0.50_0.95_small_100": -1.0,
        "AR_0.50_0.95_medium_100": 0.33952,
        "AR_0.50_0.95_large_100": 0.41344
    },
    "5": {
        "AP_0.50_0.95_all_100": 0.11334,
        "AP_0.50_all_100": 0.3719,
        "AP_0.75_all_100": 0.04288,
        "AP_0.50_0.95_small_100": -1.0,
        "AP_0.50_0.95_medium_100": 0.09506,
        "AP_0.50_0.95_large_100": 0.12323,
        "AR_0.50_0.95_all_1 ": 0.18345,
        "AR_0.50_0.95_all_10": 0.29203,
        "AR_0.50_0.95_all_100": 0.37774,
        "AR_0.50_0.95_small_100": -1.0,
        "AR_0.50_0.95_medium_100": 0.30718,
        "AR_0.50_0.95_large_100": 0.41813
    }
}