{
    "0": {
        "AP_0.50_0.95_all_100": 0.05968,
        "AP_0.50_all_100": 0.21918,
        "AP_0.75_all_100": 0.01973,
        "AP_0.50_0.95_small_100": -1.0,
        "AP_0.50_0.95_medium_100": 0.05958,
        "AP_0.50_0.95_large_100": 0.06115,
        "AR_0.50_0.95_all_1 ": 0.12123,
        "AR_0.50_0.95_all_10": 0.28026,
        "AR_0.50_0.95_all_100": 0.349,
        "AR_0.50_0.95_small_100": -1.0,
        "AR_0.50_0.95_medium_100": 0.28496,
        "AR_0.50_0.95_large_100": 0.38565
    },
    "1": {
        "AP_0.50_0.95_all_100": 0.08853,
        "AP_0.50_all_100": 0.2929,
        "AP_0.75_all_100": 0.032,
        "AP_0.50_0.95_small_100": -1.0,
        "AP_0.50_0.95_medium_100": 0.08562,
        "AP_0.50_0.95_large_100": 0.09331,
        "AR_0.50_0.95_all_1 ": 0.16335,
        "AR_0.50_0.95_all_10": 0.35593,
        "AR_0.50_0.95_all_100": 0.41995,
        "AR_0.50_0.95_small_100": -1.0,
        "AR_0.50_0.95_medium_100": 0.35213,
        "AR_0.50_0.95_large_100": 0.45878
    },
    "2": {
        "AP_0.50_0.95_all_100": 0.10115,
        "AP_0.50_all_100": 0.33456,
        "AP_0.75_all_100": 0.03578,
        "AP_0.50_0.95_small_100": -1.0,
        "AP_0.50_0.95_medium_100": 0.08297,
        "AP_0.50_0.95_large_100": 0.11114,
        "AR_0.50_0.95_all_1 ": 0.18467,
        "AR_0.50_0.95_all_10": 0.34413,
        "AR_0.50_0.95_all_100": 0.40988,
        "AR_0.50_0.95_small_100": -1.0,
        "AR_0.50_0.95_medium_100": 0.33024,
        "AR_0.50_0.95_large_100": 0.45548
    },
    "3": {
        "AP_0.50_0.95_all_100": 0.1047,
        "AP_0.50_all_100": 0.35474,
        "AP_0.75_all_100": 0.03941,
        "AP_0.50_0.95_small_100": -1.0,
        "AP_0.50_0.95_medium_100": 0.08067,
        "AP_0.50_0.95_large_100": 0.1203,
        "AR_0.50_0.95_all_1 ": 0.17162,
        "AR_0.50_0.95_all_10": 0.32445,
        "AR_0.50_0.95_all_100": 0.40411,
        "AR_0.50_0.95_small_100": -1.0,
        "AR_0.50_0.95_medium_100": 0.33333,
        "AR_0.50_0.95_large_100": 0.44462
    },
    "4": {
        "AP_0.50_0.95_all_100": 0.11225,
        "AP_0.50_all_100": 0.39241,
        "AP_0.75_all_100": 0.03465,
        "AP_0.50_0.95_small_100": -1.0,
        "AP_0.50_0.95_medium_100": 0.10691,
        "AP_0.50_0.95_large_100": 0.1212,
        "AR_0.50_0.95_all_1 ": 0.19602,
        "AR_0.50_0.95_all_10": 0.32536,
        "AR_0.50_0.95_all_100": 0.3938,
        "AR_0.50_0.95_small_100": -1.0,
        "AR_0.50_0.95_medium_100": 0.37193,
        "AR_0.50_0.95_large_100": 0.40631
    }
}