{
    "0": {
        "AP_0.50_0.95_all_100": 0.05968,
        "AP_0.50_all_100": 0.21918,
        "AP_0.75_all_100": 0.01973,
        "AP_0.50_0.95_small_100": -1.0,
        "AP_0.50_0.95_medium_100": 0.05958,
        "AP_0.50_0.95_large_100": 0.06115,
        "AR_0.50_0.95_all_1 ": 0.12123,
        "AR_0.50_0.95_all_10": 0.28026,
        "AR_0.50_0.95_all_100": 0.349,
        "AR_0.50_0.95_small_100": -1.0,
        "AR_0.50_0.95_medium_100": 0.28496,
        "AR_0.50_0.95_large_100": 0.38565
    },
    "1": {
        "AP_0.50_0.95_all_100": 0.08853,
        "AP_0.50_all_100": 0.2929,
        "AP_0.75_all_100": 0.032,
        "AP_0.50_0.95_small_100": -1.0,
        "AP_0.50_0.95_medium_100": 0.08562,
        "AP_0.50_0.95_large_100": 0.09331,
        "AR_0.50_0.95_all_1 ": 0.16335,
        "AR_0.50_0.95_all_10": 0.35593,
        "AR_0.50_0.95_all_100": 0.41995,
        "AR_0.50_0.95_small_100": -1.0,
        "AR_0.50_0.95_medium_100": 0.35213,
        "AR_0.50_0.95_large_100": 0.45878
    },
    "2": {
        "AP_0.50_0.95_all_100": 0.10115,
        "AP_0.50_all_100": 0.33456,
        "AP_0.75_all_100": 0.03578,
        "AP_0.50_0.95_small_100": -1.0,
        "AP_0.50_0.95_medium_100": 0.08297,
        "AP_0.50_0.95_large_100": 0.11114,
        "AR_0.50_0.95_all_1 ": 0.18467,
        "AR_0.50_0.95_all_10": 0.34413,
        "AR_0.50_0.95_all_100": 0.40988,
        "AR_0.50_0.95_small_100": -1.0,
        "AR_0.50_0.95_medium_100": 0.33024,
        "AR_0.50_0.95_large_100": 0.45548
    },
    "3": {
        "AP_0.50_0.95_all_100": 0.1047,
        "AP_0.50_all_100": 0.35474,
        "AP_0.75_all_100": 0.03941,
        "AP_0.50_0.95_small_100": -1.0,
        "AP_0.50_0.95_medium_100": 0.08067,
        "AP_0.50_0.95_large_100": 0.1203,
        "AR_0.50_0.95_all_1 ": 0.17162,
        "AR_0.50_0.95_all_10": 0.32445,
        "AR_0.50_0.95_all_100": 0.40411,
        "AR_0.50_0.95_small_100": -1.0,
        "AR_0.50_0.95_medium_100": 0.33333,
        "AR_0.50_0.95_large_100": 0.44462
    },
    "4": {
        "AP_0.50_0.95_all_100": 0.11225,
        "AP_0.50_all_100": 0.39241,
        "AP_0.75_all_100": 0.03465,
        "AP_0.50_0.95_small_100": -1.0,
        "AP_0.50_0.95_medium_100": 0.10691,
        "AP_0.50_0.95_large_100": 0.1212,
        "AR_0.50_0.95_all_1 ": 0.19602,
        "AR_0.50_0.95_all_10": 0.32536,
        "AR_0.50_0.95_all_100": 0.3938,
        "AR_0.50_0.95_small_100": -1.0,
        "AR_0.50_0.95_medium_100": 0.37193,
        "AR_0.50_0.95_large_100": 0.40631
    },
    "5": {
        "AP_0.50_0.95_all_100": 0.11246,
        "AP_0.50_all_100": 0.3821,
        "AP_0.75_all_100": 0.02138,
        "AP_0.50_0.95_small_100": -1.0,
        "AP_0.50_0.95_medium_100": 0.07891,
        "AP_0.50_0.95_large_100": 0.13193,
        "AR_0.50_0.95_all_1 ": 0.17397,
        "AR_0.50_0.95_all_10": 0.31141,
        "AR_0.50_0.95_all_100": 0.38175,
        "AR_0.50_0.95_small_100": -1.0,
        "AR_0.50_0.95_medium_100": 0.33634,
        "AR_0.50_0.95_large_100": 0.40775
    },
    "6": {
        "AP_0.50_0.95_all_100": 0.12077,
        "AP_0.50_all_100": 0.39583,
        "AP_0.75_all_100": 0.03855,
        "AP_0.50_0.95_small_100": -1.0,
        "AP_0.50_0.95_medium_100": 0.10326,
        "AP_0.50_0.95_large_100": 0.13516,
        "AR_0.50_0.95_all_1 ": 0.19656,
        "AR_0.50_0.95_all_10": 0.31642,
        "AR_0.50_0.95_all_100": 0.37807,
        "AR_0.50_0.95_small_100": -1.0,
        "AR_0.50_0.95_medium_100": 0.34912,
        "AR_0.50_0.95_large_100": 0.39464
    },
    "7": {
        "AP_0.50_0.95_all_100": 0.11206,
        "AP_0.50_all_100": 0.37344,
        "AP_0.75_all_100": 0.02953,
        "AP_0.50_0.95_small_100": -1.0,
        "AP_0.50_0.95_medium_100": 0.10772,
        "AP_0.50_0.95_large_100": 0.12086,
        "AR_0.50_0.95_all_1 ": 0.1854,
        "AR_0.50_0.95_all_10": 0.27102,
        "AR_0.50_0.95_all_100": 0.33887,
        "AR_0.50_0.95_small_100": -1.0,
        "AR_0.50_0.95_medium_100": 0.31003,
        "AR_0.50_0.95_large_100": 0.35538
    },
    "8": {
        "AP_0.50_0.95_all_100": 0.12171,
        "AP_0.50_all_100": 0.39847,
        "AP_0.75_all_100": 0.04306,
        "AP_0.50_0.95_small_100": -1.0,
        "AP_0.50_0.95_medium_100": 0.11384,
        "AP_0.50_0.95_large_100": 0.1316,
        "AR_0.50_0.95_all_1 ": 0.19632,
        "AR_0.50_0.95_all_10": 0.30876,
        "AR_0.50_0.95_all_100": 0.37415,
        "AR_0.50_0.95_small_100": -1.0,
        "AR_0.50_0.95_medium_100": 0.33158,
        "AR_0.50_0.95_large_100": 0.39852
    },
    "9": {
        "AP_0.50_0.95_all_100": 0.11446,
        "AP_0.50_all_100": 0.39317,
        "AP_0.75_all_100": 0.02477,
        "AP_0.50_0.95_small_100": -1.0,
        "AP_0.50_0.95_medium_100": 0.09397,
        "AP_0.50_0.95_large_100": 0.13087,
        "AR_0.50_0.95_all_1 ": 0.18987,
        "AR_0.50_0.95_all_10": 0.30146,
        "AR_0.50_0.95_all_100": 0.36502,
        "AR_0.50_0.95_small_100": -1.0,
        "AR_0.50_0.95_medium_100": 0.33459,
        "AR_0.50_0.95_large_100": 0.38245
    },
    "10": {
        "AP_0.50_0.95_all_100": 0.11444,
        "AP_0.50_all_100": 0.37509,
        "AP_0.75_all_100": 0.03188,
        "AP_0.50_0.95_small_100": -1.0,
        "AP_0.50_0.95_medium_100": 0.10709,
        "AP_0.50_0.95_large_100": 0.12558,
        "AR_0.50_0.95_all_1 ": 0.19784,
        "AR_0.50_0.95_all_10": 0.30426,
        "AR_0.50_0.95_all_100": 0.3576,
        "AR_0.50_0.95_small_100": -1.0,
        "AR_0.50_0.95_medium_100": 0.34461,
        "AR_0.50_0.95_large_100": 0.36504
    },
    "11": {
        "AP_0.50_0.95_all_100": 0.12491,
        "AP_0.50_all_100": 0.39465,
        "AP_0.75_all_100": 0.03899,
        "AP_0.50_0.95_small_100": -1.0,
        "AP_0.50_0.95_medium_100": 0.11188,
        "AP_0.50_0.95_large_100": 0.13643,
        "AR_0.50_0.95_all_1 ": 0.20882,
        "AR_0.50_0.95_all_10": 0.30198,
        "AR_0.50_0.95_all_100": 0.35085,
        "AR_0.50_0.95_small_100": -1.0,
        "AR_0.50_0.95_medium_100": 0.35096,
        "AR_0.50_0.95_large_100": 0.35079
    },
    "12": {
        "AP_0.50_0.95_all_100": 0.11893,
        "AP_0.50_all_100": 0.37621,
        "AP_0.75_all_100": 0.03806,
        "AP_0.50_0.95_small_100": -1.0,
        "AP_0.50_0.95_medium_100": 0.11482,
        "AP_0.50_0.95_large_100": 0.12791,
        "AR_0.50_0.95_all_1 ": 0.20563,
        "AR_0.50_0.95_all_10": 0.30508,
        "AR_0.50_0.95_all_100": 0.35733,
        "AR_0.50_0.95_small_100": -1.0,
        "AR_0.50_0.95_medium_100": 0.35272,
        "AR_0.50_0.95_large_100": 0.35997
    },
    "13": {
        "AP_0.50_0.95_all_100": 0.11838,
        "AP_0.50_all_100": 0.38619,
        "AP_0.75_all_100": 0.03618,
        "AP_0.50_0.95_small_100": -1.0,
        "AP_0.50_0.95_medium_100": 0.10982,
        "AP_0.50_0.95_large_100": 0.12943,
        "AR_0.50_0.95_all_1 ": 0.20599,
        "AR_0.50_0.95_all_10": 0.30468,
        "AR_0.50_0.95_all_100": 0.35839,
        "AR_0.50_0.95_small_100": -1.0,
        "AR_0.50_0.95_medium_100": 0.35263,
        "AR_0.50_0.95_large_100": 0.36169
    }
}