{
    "0": {
        "AP_0.50_0.95_all_100": 0.05737,
        "AP_0.50_all_100": 0.21543,
        "AP_0.75_all_100": 0.01335,
        "AP_0.50_0.95_small_100": -1.0,
        "AP_0.50_0.95_medium_100": 0.04824,
        "AP_0.50_0.95_large_100": 0.06302,
        "AR_0.50_0.95_all_1 ": 0.13908,
        "AR_0.50_0.95_all_10": 0.29532,
        "AR_0.50_0.95_all_100": 0.36715,
        "AR_0.50_0.95_small_100": -1.0,
        "AR_0.50_0.95_medium_100": 0.29749,
        "AR_0.50_0.95_large_100": 0.40703
    },
    "1": {
        "AP_0.50_0.95_all_100": 0.09967,
        "AP_0.50_all_100": 0.33103,
        "AP_0.75_all_100": 0.03211,
        "AP_0.50_0.95_small_100": -1.0,
        "AP_0.50_0.95_medium_100": 0.09075,
        "AP_0.50_0.95_large_100": 0.10637,
        "AR_0.50_0.95_all_1 ": 0.18151,
        "AR_0.50_0.95_all_10": 0.34547,
        "AR_0.50_0.95_all_100": 0.40809,
        "AR_0.50_0.95_small_100": -1.0,
        "AR_0.50_0.95_medium_100": 0.32982,
        "AR_0.50_0.95_large_100": 0.45289
    },
    "2": {
        "AP_0.50_0.95_all_100": 0.08861,
        "AP_0.50_all_100": 0.30483,
        "AP_0.75_all_100": 0.03583,
        "AP_0.50_0.95_small_100": -1.0,
        "AP_0.50_0.95_medium_100": 0.08353,
        "AP_0.50_0.95_large_100": 0.09593,
        "AR_0.50_0.95_all_1 ": 0.1722,
        "AR_0.50_0.95_all_10": 0.33379,
        "AR_0.50_0.95_all_100": 0.39732,
        "AR_0.50_0.95_small_100": -1.0,
        "AR_0.50_0.95_medium_100": 0.32364,
        "AR_0.50_0.95_large_100": 0.4395
    },
    "3": {
        "AP_0.50_0.95_all_100": 0.11167,
        "AP_0.50_all_100": 0.38294,
        "AP_0.75_all_100": 0.02831,
        "AP_0.50_0.95_small_100": -1.0,
        "AP_0.50_0.95_medium_100": 0.07845,
        "AP_0.50_0.95_large_100": 0.13116,
        "AR_0.50_0.95_all_1 ": 0.17938,
        "AR_0.50_0.95_all_10": 0.31432,
        "AR_0.50_0.95_all_100": 0.38467,
        "AR_0.50_0.95_small_100": -1.0,
        "AR_0.50_0.95_medium_100": 0.33885,
        "AR_0.50_0.95_large_100": 0.4109
    },
    "4": {
        "AP_0.50_0.95_all_100": 0.11109,
        "AP_0.50_all_100": 0.37823,
        "AP_0.75_all_100": 0.04033,
        "AP_0.50_0.95_small_100": -1.0,
        "AP_0.50_0.95_medium_100": 0.09814,
        "AP_0.50_0.95_large_100": 0.12223,
        "AR_0.50_0.95_all_1 ": 0.1805,
        "AR_0.50_0.95_all_10": 0.30627,
        "AR_0.50_0.95_all_100": 0.38303,
        "AR_0.50_0.95_small_100": -1.0,
        "AR_0.50_0.95_medium_100": 0.34127,
        "AR_0.50_0.95_large_100": 0.40693
    },
    "5": {
        "AP_0.50_0.95_all_100": 0.10697,
        "AP_0.50_all_100": 0.38348,
        "AP_0.75_all_100": 0.02854,
        "AP_0.50_0.95_small_100": -1.0,
        "AP_0.50_0.95_medium_100": 0.10232,
        "AP_0.50_0.95_large_100": 0.11406,
        "AR_0.50_0.95_all_1 ": 0.17938,
        "AR_0.50_0.95_all_10": 0.29571,
        "AR_0.50_0.95_all_100": 0.37853,
        "AR_0.50_0.95_small_100": -1.0,
        "AR_0.50_0.95_medium_100": 0.34511,
        "AR_0.50_0.95_large_100": 0.39766
    },
    "6": {
        "AP_0.50_0.95_all_100": 0.10946,
        "AP_0.50_all_100": 0.38741,
        "AP_0.75_all_100": 0.03607,
        "AP_0.50_0.95_small_100": -1.0,
        "AP_0.50_0.95_medium_100": 0.09779,
        "AP_0.50_0.95_large_100": 0.1199,
        "AR_0.50_0.95_all_1 ": 0.17217,
        "AR_0.50_0.95_all_10": 0.29836,
        "AR_0.50_0.95_all_100": 0.36946,
        "AR_0.50_0.95_small_100": -1.0,
        "AR_0.50_0.95_medium_100": 0.34361,
        "AR_0.50_0.95_large_100": 0.38427
    },
    "7": {
        "AP_0.50_0.95_all_100": 0.10505,
        "AP_0.50_all_100": 0.37807,
        "AP_0.75_all_100": 0.02197,
        "AP_0.50_0.95_small_100": -1.0,
        "AP_0.50_0.95_medium_100": 0.09917,
        "AP_0.50_0.95_large_100": 0.11508,
        "AR_0.50_0.95_all_1 ": 0.17546,
        "AR_0.50_0.95_all_10": 0.29112,
        "AR_0.50_0.95_all_100": 0.36268,
        "AR_0.50_0.95_small_100": -1.0,
        "AR_0.50_0.95_medium_100": 0.34069,
        "AR_0.50_0.95_large_100": 0.37527
    }
}