{
    "0": {
        "AP_0.50_0.95_all_100": 0.05448,
        "AP_0.50_all_100": 0.18878,
        "AP_0.75_all_100": 0.01477,
        "AP_0.50_0.95_small_100": -1.0,
        "AP_0.50_0.95_medium_100": 0.0484,
        "AP_0.50_0.95_large_100": 0.06117,
        "AR_0.50_0.95_all_1 ": 0.13336,
        "AR_0.50_0.95_all_10": 0.29294,
        "AR_0.50_0.95_all_100": 0.3521,
        "AR_0.50_0.95_small_100": -1.0,
        "AR_0.50_0.95_medium_100": 0.26817,
        "AR_0.50_0.95_large_100": 0.40014
    },
    "1": {
        "AP_0.50_0.95_all_100": 0.08725,
        "AP_0.50_all_100": 0.29053,
        "AP_0.75_all_100": 0.0325,
        "AP_0.50_0.95_small_100": -1.0,
        "AP_0.50_0.95_medium_100": 0.07348,
        "AP_0.50_0.95_large_100": 0.09868,
        "AR_0.50_0.95_all_1 ": 0.16323,
        "AR_0.50_0.95_all_10": 0.33099,
        "AR_0.50_0.95_all_100": 0.39121,
        "AR_0.50_0.95_small_100": -1.0,
        "AR_0.50_0.95_medium_100": 0.28605,
        "AR_0.50_0.95_large_100": 0.45141
    },
    "2": {
        "AP_0.50_0.95_all_100": 0.10355,
        "AP_0.50_all_100": 0.34612,
        "AP_0.75_all_100": 0.03115,
        "AP_0.50_0.95_small_100": -1.0,
        "AP_0.50_0.95_medium_100": 0.09056,
        "AP_0.50_0.95_large_100": 0.11357,
        "AR_0.50_0.95_all_1 ": 0.18169,
        "AR_0.50_0.95_all_10": 0.35091,
        "AR_0.50_0.95_all_100": 0.41539,
        "AR_0.50_0.95_small_100": -1.0,
        "AR_0.50_0.95_medium_100": 0.34703,
        "AR_0.50_0.95_large_100": 0.45452
    },
    "3": {
        "AP_0.50_0.95_all_100": 0.11374,
        "AP_0.50_all_100": 0.34,
        "AP_0.75_all_100": 0.0531,
        "AP_0.50_0.95_small_100": -1.0,
        "AP_0.50_0.95_medium_100": 0.08519,
        "AP_0.50_0.95_large_100": 0.1319,
        "AR_0.50_0.95_all_1 ": 0.18981,
        "AR_0.50_0.95_all_10": 0.3344,
        "AR_0.50_0.95_all_100": 0.40368,
        "AR_0.50_0.95_small_100": -1.0,
        "AR_0.50_0.95_medium_100": 0.32865,
        "AR_0.50_0.95_large_100": 0.44663
    },
    "4": {
        "AP_0.50_0.95_all_100": 0.11758,
        "AP_0.50_all_100": 0.41619,
        "AP_0.75_all_100": 0.04019,
        "AP_0.50_0.95_small_100": -1.0,
        "AP_0.50_0.95_medium_100": 0.09183,
        "AP_0.50_0.95_large_100": 0.13305,
        "AR_0.50_0.95_all_1 ": 0.18878,
        "AR_0.50_0.95_all_10": 0.32786,
        "AR_0.50_0.95_all_100": 0.41007,
        "AR_0.50_0.95_small_100": -1.0,
        "AR_0.50_0.95_medium_100": 0.35505,
        "AR_0.50_0.95_large_100": 0.44156
    },
    "5": {
        "AP_0.50_0.95_all_100": 0.10435,
        "AP_0.50_all_100": 0.38854,
        "AP_0.75_all_100": 0.02208,
        "AP_0.50_0.95_small_100": -1.0,
        "AP_0.50_0.95_medium_100": 0.1016,
        "AP_0.50_0.95_large_100": 0.11316,
        "AR_0.50_0.95_all_1 ": 0.1885,
        "AR_0.50_0.95_all_10": 0.32497,
        "AR_0.50_0.95_all_100": 0.41074,
        "AR_0.50_0.95_small_100": -1.0,
        "AR_0.50_0.95_medium_100": 0.36358,
        "AR_0.50_0.95_large_100": 0.43773
    },
    "6": {
        "AP_0.50_0.95_all_100": 0.08883,
        "AP_0.50_all_100": 0.33526,
        "AP_0.75_all_100": 0.01793,
        "AP_0.50_0.95_small_100": -1.0,
        "AP_0.50_0.95_medium_100": 0.09578,
        "AP_0.50_0.95_large_100": 0.09297,
        "AR_0.50_0.95_all_1 ": 0.16095,
        "AR_0.50_0.95_all_10": 0.28242,
        "AR_0.50_0.95_all_100": 0.36731,
        "AR_0.50_0.95_small_100": -1.0,
        "AR_0.50_0.95_medium_100": 0.33701,
        "AR_0.50_0.95_large_100": 0.38465
    },
    "7": {
        "AP_0.50_0.95_all_100": 0.10063,
        "AP_0.50_all_100": 0.36731,
        "AP_0.75_all_100": 0.02148,
        "AP_0.50_0.95_small_100": -1.0,
        "AP_0.50_0.95_medium_100": 0.0968,
        "AP_0.50_0.95_large_100": 0.11029,
        "AR_0.50_0.95_all_1 ": 0.17333,
        "AR_0.50_0.95_all_10": 0.27938,
        "AR_0.50_0.95_all_100": 0.34735,
        "AR_0.50_0.95_small_100": -1.0,
        "AR_0.50_0.95_medium_100": 0.3081,
        "AR_0.50_0.95_large_100": 0.36982
    },
    "8": {
        "AP_0.50_0.95_all_100": 0.11309,
        "AP_0.50_all_100": 0.37334,
        "AP_0.75_all_100": 0.03972,
        "AP_0.50_0.95_small_100": -1.0,
        "AP_0.50_0.95_medium_100": 0.10043,
        "AP_0.50_0.95_large_100": 0.12754,
        "AR_0.50_0.95_all_1 ": 0.18786,
        "AR_0.50_0.95_all_10": 0.30569,
        "AR_0.50_0.95_all_100": 0.37533,
        "AR_0.50_0.95_small_100": -1.0,
        "AR_0.50_0.95_medium_100": 0.34528,
        "AR_0.50_0.95_large_100": 0.39254
    },
    "9": {
        "AP_0.50_0.95_all_100": 0.12308,
        "AP_0.50_all_100": 0.37484,
        "AP_0.75_all_100": 0.04813,
        "AP_0.50_0.95_small_100": -1.0,
        "AP_0.50_0.95_medium_100": 0.11087,
        "AP_0.50_0.95_large_100": 0.13494,
        "AR_0.50_0.95_all_1 ": 0.20018,
        "AR_0.50_0.95_all_10": 0.30693,
        "AR_0.50_0.95_all_100": 0.36959,
        "AR_0.50_0.95_small_100": -1.0,
        "AR_0.50_0.95_medium_100": 0.35213,
        "AR_0.50_0.95_large_100": 0.37958
    },
    "10": {
        "AP_0.50_0.95_all_100": 0.13745,
        "AP_0.50_all_100": 0.41822,
        "AP_0.75_all_100": 0.05937,
        "AP_0.50_0.95_small_100": -1.0,
        "AP_0.50_0.95_medium_100": 0.12702,
        "AP_0.50_0.95_large_100": 0.14943,
        "AR_0.50_0.95_all_1 ": 0.20855,
        "AR_0.50_0.95_all_10": 0.31612,
        "AR_0.50_0.95_all_100": 0.36408,
        "AR_0.50_0.95_small_100": -1.0,
        "AR_0.50_0.95_medium_100": 0.36132,
        "AR_0.50_0.95_large_100": 0.36566
    },
    "11": {
        "AP_0.50_0.95_all_100": 0.12787,
        "AP_0.50_all_100": 0.39244,
        "AP_0.75_all_100": 0.04656,
        "AP_0.50_0.95_small_100": -1.0,
        "AP_0.50_0.95_medium_100": 0.11228,
        "AP_0.50_0.95_large_100": 0.14223,
        "AR_0.50_0.95_all_1 ": 0.2024,
        "AR_0.50_0.95_all_10": 0.31338,
        "AR_0.50_0.95_all_100": 0.3625,
        "AR_0.50_0.95_small_100": -1.0,
        "AR_0.50_0.95_medium_100": 0.34503,
        "AR_0.50_0.95_large_100": 0.3725
    },
    "12": {
        "AP_0.50_0.95_all_100": 0.13035,
        "AP_0.50_all_100": 0.412,
        "AP_0.75_all_100": 0.05312,
        "AP_0.50_0.95_small_100": -1.0,
        "AP_0.50_0.95_medium_100": 0.11877,
        "AP_0.50_0.95_large_100": 0.14357,
        "AR_0.50_0.95_all_1 ": 0.20569,
        "AR_0.50_0.95_all_10": 0.31527,
        "AR_0.50_0.95_all_100": 0.36153,
        "AR_0.50_0.95_small_100": -1.0,
        "AR_0.50_0.95_medium_100": 0.34511,
        "AR_0.50_0.95_large_100": 0.37092
    },
    "13": {
        "AP_0.50_0.95_all_100": 0.12841,
        "AP_0.50_all_100": 0.40169,
        "AP_0.75_all_100": 0.05295,
        "AP_0.50_0.95_small_100": -1.0,
        "AP_0.50_0.95_medium_100": 0.11508,
        "AP_0.50_0.95_large_100": 0.14194,
        "AR_0.50_0.95_all_1 ": 0.20064,
        "AR_0.50_0.95_all_10": 0.31393,
        "AR_0.50_0.95_all_100": 0.36283,
        "AR_0.50_0.95_small_100": -1.0,
        "AR_0.50_0.95_medium_100": 0.34962,
        "AR_0.50_0.95_large_100": 0.3704
    }
}