{
    "0": {
        "AP_0.50_0.95_all_100": 0.07117,
        "AP_0.50_all_100": 0.24527,
        "AP_0.75_all_100": 0.01677,
        "AP_0.50_0.95_small_100": -1.0,
        "AP_0.50_0.95_medium_100": 0.05744,
        "AP_0.50_0.95_large_100": 0.07855,
        "AR_0.50_0.95_all_1 ": 0.14821,
        "AR_0.50_0.95_all_10": 0.29513,
        "AR_0.50_0.95_all_100": 0.3483,
        "AR_0.50_0.95_small_100": -1.0,
        "AR_0.50_0.95_medium_100": 0.27536,
        "AR_0.50_0.95_large_100": 0.39005
    },
    "1": {
        "AP_0.50_0.95_all_100": 0.08384,
        "AP_0.50_all_100": 0.28854,
        "AP_0.75_all_100": 0.02785,
        "AP_0.50_0.95_small_100": -1.0,
        "AP_0.50_0.95_medium_100": 0.08053,
        "AP_0.50_0.95_large_100": 0.08673,
        "AR_0.50_0.95_all_1 ": 0.16353,
        "AR_0.50_0.95_all_10": 0.31858,
        "AR_0.50_0.95_all_100": 0.38388,
        "AR_0.50_0.95_small_100": -1.0,
        "AR_0.50_0.95_medium_100": 0.32389,
        "AR_0.50_0.95_large_100": 0.41822
    },
    "2": {
        "AP_0.50_0.95_all_100": 0.0906,
        "AP_0.50_all_100": 0.31584,
        "AP_0.75_all_100": 0.03244,
        "AP_0.50_0.95_small_100": -1.0,
        "AP_0.50_0.95_medium_100": 0.07042,
        "AP_0.50_0.95_large_100": 0.10234,
        "AR_0.50_0.95_all_1 ": 0.17679,
        "AR_0.50_0.95_all_10": 0.32457,
        "AR_0.50_0.95_all_100": 0.39465,
        "AR_0.50_0.95_small_100": -1.0,
        "AR_0.50_0.95_medium_100": 0.32648,
        "AR_0.50_0.95_large_100": 0.43367
    },
    "3": {
        "AP_0.50_0.95_all_100": 0.10743,
        "AP_0.50_all_100": 0.3574,
        "AP_0.75_all_100": 0.03894,
        "AP_0.50_0.95_small_100": -1.0,
        "AP_0.50_0.95_medium_100": 0.08455,
        "AP_0.50_0.95_large_100": 0.12361,
        "AR_0.50_0.95_all_1 ": 0.18811,
        "AR_0.50_0.95_all_10": 0.31405,
        "AR_0.50_0.95_all_100": 0.38668,
        "AR_0.50_0.95_small_100": -1.0,
        "AR_0.50_0.95_medium_100": 0.33868,
        "AR_0.50_0.95_large_100": 0.41416
    },
    "4": {
        "AP_0.50_0.95_all_100": 0.1047,
        "AP_0.50_all_100": 0.37395,
        "AP_0.75_all_100": 0.02477,
        "AP_0.50_0.95_small_100": -1.0,
        "AP_0.50_0.95_medium_100": 0.10645,
        "AP_0.50_0.95_large_100": 0.11393,
        "AR_0.50_0.95_all_1 ": 0.1896,
        "AR_0.50_0.95_all_10": 0.31804,
        "AR_0.50_0.95_all_100": 0.38604,
        "AR_0.50_0.95_small_100": -1.0,
        "AR_0.50_0.95_medium_100": 0.34754,
        "AR_0.50_0.95_large_100": 0.40808
    },
    "5": {
        "AP_0.50_0.95_all_100": 0.09755,
        "AP_0.50_all_100": 0.36108,
        "AP_0.75_all_100": 0.02247,
        "AP_0.50_0.95_small_100": -1.0,
        "AP_0.50_0.95_medium_100": 0.10408,
        "AP_0.50_0.95_large_100": 0.10321,
        "AR_0.50_0.95_all_1 ": 0.18008,
        "AR_0.50_0.95_all_10": 0.29799,
        "AR_0.50_0.95_all_100": 0.37628,
        "AR_0.50_0.95_small_100": -1.0,
        "AR_0.50_0.95_medium_100": 0.32857,
        "AR_0.50_0.95_large_100": 0.40359
    },
    "6": {
        "AP_0.50_0.95_all_100": 0.12551,
        "AP_0.50_all_100": 0.41848,
        "AP_0.75_all_100": 0.04662,
        "AP_0.50_0.95_small_100": -1.0,
        "AP_0.50_0.95_medium_100": 0.09986,
        "AP_0.50_0.95_large_100": 0.14052,
        "AR_0.50_0.95_all_1 ": 0.19492,
        "AR_0.50_0.95_all_10": 0.31153,
        "AR_0.50_0.95_all_100": 0.3812,
        "AR_0.50_0.95_small_100": -1.0,
        "AR_0.50_0.95_medium_100": 0.33216,
        "AR_0.50_0.95_large_100": 0.40928
    },
    "7": {
        "AP_0.50_0.95_all_100": 0.12592,
        "AP_0.50_all_100": 0.43652,
        "AP_0.75_all_100": 0.03306,
        "AP_0.50_0.95_small_100": -1.0,
        "AP_0.50_0.95_medium_100": 0.11782,
        "AP_0.50_0.95_large_100": 0.13952,
        "AR_0.50_0.95_all_1 ": 0.20544,
        "AR_0.50_0.95_all_10": 0.3177,
        "AR_0.50_0.95_all_100": 0.38087,
        "AR_0.50_0.95_small_100": -1.0,
        "AR_0.50_0.95_medium_100": 0.33743,
        "AR_0.50_0.95_large_100": 0.40574
    }
}