xmin,ymin,xmax,ymax
221.50764430213098,170.28421489623298,322.7097914091205,228.86857219824918
