xmin,ymin,xmax,ymax
201.61063990823868,253.81820300248205,356.45772507204833,176.71190906796568
