xmin,ymin,xmax,ymax
210.34701857751656,130.65472053313474,378.81988903897627,247.01197580287794
