xmin,ymin,xmax,ymax
202.08193507170154,168.64553453158047,369.77950822414255,290.82982112255223
