xmin,ymin,xmax,ymax
209.34236023098106,178.98570137216655,377.61595349441563,295.20532410952313
