xmin,ymin,xmax,ymax
207.30512612417374,191.7345502120507,353.0403637185143,300.9205610415638
