xmin,ymin,xmax,ymax
348.52072493429387,355.341359422196,577.9196040090148,649.8583999289906
