xmin,ymin,xmax,ymax
366.35976190973406,396.4320481574184,422.7510699256154,474.0325783716049
