xmin,ymin,xmax,ymax
159.2901388278542,229.8888667928196,236.28969284439086,87.54263365376329
