xmin,ymin,xmax,ymax
149.44418271943437,192.50610348356452,251.1763846658264,7.884559516900083
