xmin,ymin,xmax,ymax
62.10280904460183,100.97848006624059,213.89017256209945,228.63469691497318
