xmin,ymin,xmax,ymax
184.7054349930313,154.3630330100983,301.3966091867562,195.41389958677217
