xmin,ymin,xmax,ymax
205.29494008935444,155.72636386668884,306.74123846204134,196.29994010787138
