xmin,ymin,xmax,ymax
177.4169065326696,151.27671194924073,324.411795430422,203.1796835964501
