xmin,ymin,xmax,ymax
177.16305282012854,153.22026072403713,324.25244696988784,205.15660158191912
