xmin,ymin,xmax,ymax
252.67003361747936,273.44886142306666,461.0842396161312,207.40286085340364
