xmin,ymin,xmax,ymax
223.31733032916338,191.44497882373682,428.41031070262704,258.77914617649435
