xmin,ymin,xmax,ymax
223.31733032916338,258.77914617649435,428.41031070262704,191.44497882373682
