xmin,ymin,xmax,ymax
387.92114026368074,333.99084596822803,748.032683720154,424.6467568574372
