xmin,ymin,xmax,ymax
124.19903748205138,370.69589019018986,403.4070140974836,544.7315763305446
