xmin,ymin,xmax,ymax
89.17545206429202,99.40869148731656,122.53957257697061,160.48056553624298
