xmin,ymin,xmax,ymax
147.10208520910055,96.7054155507791,263.1589862509343,158.93842685373113
