xmin,ymin,xmax,ymax
147.78738876214356,130.37576629435534,199.90100232886334,164.32696222121353
