xmin,ymin,xmax,ymax
246.08108489892584,89.8847371303733,351.00415603375905,302.25916299140215
