xmin,ymin,xmax,ymax
204.8659557574415,2.367775736403555,436.8399588291263,291.731023858598
