xmin,ymin,xmax,ymax
130.12542379268916,190.26498768238497,156.3756912859717,69.94233704881742
