xmin,ymin,xmax,ymax
128.18921657270698,45.05003709017524,195.04101096582963,123.39203577384012
