xmin,ymin,xmax,ymax
89.17545206429202,160.48056553624298,122.53957257697061,99.40869148731656
