xmin,ymin,xmax,ymax
55.41288680703508,48.75123232133765,123.11770932082061,94.1180936630962
