xmin,ymin,xmax,ymax
146.0714225794511,98.71326294458373,255.7738609628516,210.00566334642195
