xmin,ymin,xmax,ymax
116.90274302196826,137.74258413320257,172.9052516002721,185.7355327846962
