xmin,ymin,xmax,ymax
13.15597602766411,80.53153210974737,100.0139382900195,119.40610282253479
