xmin,ymin,xmax,ymax
218.3515925111814,199.8327730892585,361.5634787289732,263.3891214089501
