xmin,ymin,xmax,ymax
237.50751073643048,188.20738392819578,437.6708795655052,275.82386755427194
