xmin,ymin,xmax,ymax
171.35788643850515,167.20174453099258,229.9071435220933,195.50270609180092
