xmin,ymin,xmax,ymax
145.11308094608023,150.7397891865677,176.1332027422029,119.07820039602177
