xmin,ymin,xmax,ymax
141.8353211794862,233.4703616902189,216.30540099680377,147.91983039314493
