xmin,ymin,xmax,ymax
146.79212001281485,143.45947637866914,219.90538144507696,238.4961537124051
