xmin,ymin,xmax,ymax
136.38701878914696,149.02261101683928,188.48458410361752,230.42585175542257
