xmin,ymin,xmax,ymax
131.53847585180972,53.991200055424656,204.6172787264344,147.6881484724587
