xmin,ymin,xmax,ymax
123.057341486106,57.528106310568546,176.4272506596825,141.31879815836874
