xmin,ymin,xmax,ymax
37.102285189890836,227.74778912722593,380.6054771382237,406.0362841679917
