xmin,ymin,xmax,ymax
37.6992198170301,506.88067706786603,381.2636353565142,328.56040514064557
