xmin,ymin,xmax,ymax
414.2004612842429,524.5939881216038,522.0435359932831,427.3022942387678
