xmin,ymin,xmax,ymax
371.25016028117057,542.5694874334595,511.44739469206297,439.0131293030442
