xmin,ymin,xmax,ymax
381.12988153651577,555.2751662592768,498.79746366850213,493.9440735131776
