xmin,ymin,xmax,ymax
378.79155443340824,539.2666969147547,520.4767078436689,423.3005426593106
