xmin,ymin,xmax,ymax
368.64072561037483,568.7957744350465,503.58610020481296,419.27354007322117
