xmin,ymin,xmax,ymax
400.2691663143971,515.529637221813,516.5588369825073,432.7483642106136
