xmin,ymin,xmax,ymax
99.64651931701337,854.3696486771371,509.9035574323718,491.2590445268303
