xmin,ymin,xmax,ymax
464.97539550044485,87.83413402625146,580.5221541616204,518.0283877763578
