xmin,ymin,xmax,ymax
498.2990386459953,435.90285023535296,988.8113738195482,676.9289408004017
