xmin,ymin,xmax,ymax
518.4013473900482,418.85557682323565,959.845673375188,579.5529033460869
