xmin,ymin,xmax,ymax
498.8112781778748,460.7553357103923,758.7287309685935,559.4404216246168
