xmin,ymin,xmax,ymax
330.70191336673264,339.69401183424344,524.4181524085117,598.4441873510422
