xmin,ymin,xmax,ymax
290.1484823743237,343.5080529602207,555.9373157152899,687.1018763498229
