xmin,ymin,xmax,ymax
163.34225056553032,598.7863778163114,358.1705077511165,301.22496383460134
