xmin,ymin,xmax,ymax
167.11584982932288,433.2220858230228,316.889767780302,245.95194329283459
