xmin,ymin,xmax,ymax
105.72502704826161,460.89692128632987,284.83576753333904,226.7914601376699
