xmin,ymin,xmax,ymax
202.5315385143622,482.3091147578923,290.046807806414,263.8328878368743
