xmin,ymin,xmax,ymax
230.4712271353385,90.82234636646194,451.44026633465774,296.34353643435895
