xmin,ymin,xmax,ymax
133.74703579530524,192.23828962196959,298.0174033438542,306.29445725798064
