xmin,ymin,xmax,ymax
92.11985429708011,176.62637134235692,292.9941878285955,299.68703077391626
