xmin,ymin,xmax,ymax
29.47875551906941,187.37725169906383,273.25027445234446,315.19897912993156
