xmin,ymin,xmax,ymax
348.4288795712598,286.1325434654258,685.6546685235373,463.69561705060727
