xmin,ymin,xmax,ymax
347.22237907252065,423.4994672827578,684.5787955773894,245.86761298597935
