xmin,ymin,xmax,ymax
261.89470559441065,77.82206244592197,387.03913117091474,323.9820528861454
