xmin,ymin,xmax,ymax
74.61856658205897,118.50058126738963,361.01650712719197,363.6072587227545
