xmin,ymin,xmax,ymax
34.62992777032534,245.07550889862247,287.0303517995435,307.47184721714143
