xmin,ymin,xmax,ymax
76.77767394897137,103.5414945732253,118.90444345420838,31.076716998216398
