xmin,ymin,xmax,ymax
118.969151000224,152.1570257763014,149.96093378705405,118.86823114851222
