xmin,ymin,xmax,ymax
133.84442234643052,174.41496550369956,255.95677244851765,82.62250698593829
