xmin,ymin,xmax,ymax
132.98573309240578,111.41108751351476,255.2247648052404,203.2987732256571
