xmin,ymin,xmax,ymax
93.79951618950963,51.015673440947126,145.70932473935568,101.74572680268
