xmin,ymin,xmax,ymax
75.24361528383292,34.34916047080662,115.86408548833197,99.71975123504149
