xmin,ymin,xmax,ymax
287.5197271116305,286.6884580811763,505.4098625842199,492.1590343969379
