xmin,ymin,xmax,ymax
56.36397891680713,99.5419473993604,108.6218592319376,180.9847406527078
