xmin,ymin,xmax,ymax
57.682828916806784,99.67060949936041,109.94070923193726,181.11340275270783
