xmin,ymin,xmax,ymax
57.12765891680692,100.5731973993604,109.3855392319374,182.0159906527078
