xmin,ymin,xmax,ymax
56.01461891680697,100.2616739993604,108.27249923193745,181.70446725270784
