xmin,ymin,xmax,ymax
-55.66483108319312,99.34394939936041,-3.406950768062643,180.78674265270783
