xmin,ymin,xmax,ymax
57.60177891680678,98.9893350993604,109.85965923193726,180.4321283527078
