xmin,ymin,xmax,ymax
58.42989891680668,99.66853429936042,110.68777923193716,181.11132755270785
