xmin,ymin,xmax,ymax
53.97692580173316,98.12469188078106,110.60687016934844,176.33872550028252
