xmin,ymin,xmax,ymax
56.657438916806996,98.9013223993604,108.91531923193747,180.34411565270779
