xmin,ymin,xmax,ymax
57.37935891680672,98.60151769936039,109.6372392319372,180.0443109527078
