xmin,ymin,xmax,ymax
254.21405470247828,608.6208267917335,418.92510471025025,311.69437051393794
