xmin,ymin,xmax,ymax
258.87628352002525,362.2416035273658,472.1834529235007,500.7836710059254
