xmin,ymin,xmax,ymax
98.47352945876537,10.93366408084114,223.7816212613368,178.31702501705445
