xmin,ymin,xmax,ymax
78.54003320840366,155.6263297657996,174.60139170082766,295.0309399316289
