xmin,ymin,xmax,ymax
93.0056170234775,59.09786898911909,146.5687215583091,108.55787416651776
