xmin,ymin,xmax,ymax
92.19442847926348,137.62479769799188,145.74280640693928,88.17839102412472
