xmin,ymin,xmax,ymax
92.19442847926348,88.17839102412472,145.74280640693928,137.62479769799188
