xmin,ymin,xmax,ymax
164.19240112776856,198.2854853167192,296.93899377091634,119.61686605935279
