xmin,ymin,xmax,ymax
63.12471624866862,297.33392734623766,214.91951062110138,169.67146099947718
