xmin,ymin,xmax,ymax
46.059376667094284,311.6776776592674,208.6003709356928,176.06887378951564
