xmin,ymin,xmax,ymax
53.133390918066425,151.39011950178127,130.7002882189065,255.25224776474022
