xmin,ymin,xmax,ymax
70.696984156918,27.35275479960913,146.84297008997692,136.74953722793683
