xmin,ymin,xmax,ymax
70.32921054006374,146.46878759012674,146.51940285212413,255.9290800717598
