xmin,ymin,xmax,ymax
62.431544390109366,216.819910186453,118.2224926313811,152.46239722711448
