xmin,ymin,xmax,ymax
53.133390918066425,255.25224776474022,130.7002882189065,151.39011950178127
