xmin,ymin,xmax,ymax
62.431544390109366,152.46239722711448,118.2224926313811,216.819910186453
