xmin,ymin,xmax,ymax
223.81174505677973,19.402015540833872,354.9060600226003,201.7425382968113
