xmin,ymin,xmax,ymax
242.1627341087967,202.89501117549975,347.95121309692695,44.05354426788523
