xmin,ymin,xmax,ymax
218.60062501066272,646.787619979222,576.5858423799282,435.971282053604
