xmin,ymin,xmax,ymax
359.99282043661674,630.3623931189168,608.9090283228675,391.1136411234164
