xmin,ymin,xmax,ymax
55.81896429519816,682.4199349100355,568.9238756841635,462.501677709884
