xmin,ymin,xmax,ymax
91.66146801452146,91.58699020942188,165.24582206324703,140.4822816231865
