xmin,ymin,xmax,ymax
112.40972222222217,76.96981112663144,156.37983975801126,114.53707776225752
