xmin,ymin,xmax,ymax
99.51893618044232,88.25115338037463,143.0812200924472,118.74044571298307
