xmin,ymin,xmax,ymax
53.834012615609936,232.30193081061145,699.1976166592849,743.6120854245133
