xmin,ymin,xmax,ymax
174.76506834370048,207.16123035219692,311.2725200621205,57.61586945160019
