xmin,ymin,xmax,ymax
173.7983763388413,177.82665253339468,310.46574496704716,327.547204104442
