xmin,ymin,xmax,ymax
180.63558677192077,204.52933821698377,320.1057016774464,56.926290758018865
