xmin,ymin,xmax,ymax
406.2119949436851,494.14287753677297,766.5705621832758,399.5163146637045
