xmin,ymin,xmax,ymax
342.1229880830274,327.5485860332833,439.8612902661873,499.1686017729262
