xmin,ymin,xmax,ymax
128.25392977504634,82.4253200555325,190.70600198816646,175.4073698596688
