xmin,ymin,xmax,ymax
194.2243590551234,-14.795507892034607,262.6980258486358,121.68264875731222
