xmin,ymin,xmax,ymax
93.93768766277049,79.09640279592244,189.31237127591703,145.04718619748948
