xmin,ymin,xmax,ymax
191.286055746001,181.73330475071566,356.93840668122016,277.0960861715921
