xmin,ymin,xmax,ymax
90.70601794202116,53.02234100299946,174.25939093623356,126.94435867341471
