xmin,ymin,xmax,ymax
93.31921218362618,51.35700334052874,160.60196501444875,106.29592331892349
