xmin,ymin,xmax,ymax
91.7113244729976,55.68383658513785,165.2754472844881,104.56568475742736
