xmin,ymin,xmax,ymax
196.80705714965916,239.1461900770009,331.97623741106463,183.99422114843063
