xmin,ymin,xmax,ymax
211.3137797403599,260.21840858381734,368.46103030512313,174.5554092506584
