xmin,ymin,xmax,ymax
224.4633705791839,243.26698159845066,399.26235410215213,177.77215036368173
