xmin,ymin,xmax,ymax
105.82914717944504,249.2177235788391,282.3621504065518,189.40310165174768
