xmin,ymin,xmax,ymax
121.95143181843513,156.74075573874848,232.1149847662619,274.3421773285884
