xmin,ymin,xmax,ymax
206.1554854057954,186.70160760861586,349.40249415720064,240.0384165220467
