xmin,ymin,xmax,ymax
104.57141647588787,181.33136797740525,281.04820444738084,241.12694250712843
