xmin,ymin,xmax,ymax
223.16786193568896,187.2802150006163,397.9111823851233,252.75419002939572
