xmin,ymin,xmax,ymax
202.66589031815738,190.4268769776814,386.3523333955991,258.2634498092549
