xmin,ymin,xmax,ymax
25.550601107314833,318.57878289948076,459.76896037114443,539.0666524365284
