xmin,ymin,xmax,ymax
373.9595046535817,321.8272203019494,774.9398252170101,596.5376494902549
