xmin,ymin,xmax,ymax
185.64200775104405,223.19051368654277,256.1114232568352,410.2793466087952
