xmin,ymin,xmax,ymax
189.81993425767655,214.67385290402723,255.2381591575397,376.0927878520447
