xmin,ymin,xmax,ymax
189.84293888183743,220.9471808943365,272.86508800591173,86.70124214962894
