xmin,ymin,xmax,ymax
190.42183478411084,56.42736537861822,255.8218456057491,217.80135723757087
