xmin,ymin,xmax,ymax
178.41614750558165,219.18034531228687,265.63369619968785,73.31390723147786
