xmin,ymin,xmax,ymax
186.24507151723788,209.28706770749983,256.6948665663681,22.250325019170432
