xmin,ymin,xmax,ymax
54.05023661951941,293.82296021919257,277.50037036617437,158.49172859712752
