xmin,ymin,xmax,ymax
82.99316325154905,245.47018980020675,277.32126077098974,370.68241307512494
