xmin,ymin,xmax,ymax
165.22562369355978,228.57285513937512,292.0344624155059,302.1544272315836
