xmin,ymin,xmax,ymax
37.471148870204615,290.5362663207637,274.1911331139081,178.11226257777486
