xmin,ymin,xmax,ymax
44.30589227591145,283.515370654077,267.6134591514649,172.94866811441688
