xmin,ymin,xmax,ymax
54.05023661951941,158.49172859712752,277.50037036617437,293.82296021919257
