xmin,ymin,xmax,ymax
37.471148870204615,178.11226257777486,274.1911331139081,290.5362663207637
