xmin,ymin,xmax,ymax
55.82947504192134,170.4058342655133,278.3663018223749,290.68421241881623
