xmin,ymin,xmax,ymax
85.03393939248394,169.98360929504616,279.37216959354373,295.2023614024361
