xmin,ymin,xmax,ymax
163.18066640512416,238.51848644770416,289.98289338841255,312.09622203979495
