xmin,ymin,xmax,ymax
199.8496751351527,215.35285078558945,237.05759796383322,362.55689070493077
