xmin,ymin,xmax,ymax
79.36353856942378,89.34119717310477,161.33664758716566,188.4544182697457
