xmin,ymin,xmax,ymax
385.53351470356915,268.25171779385107,771.6067732151716,506.8517574272357
