xmin,ymin,xmax,ymax
31.68337181695008,143.88744229565322,155.8752079183001,166.993656855437
