xmin,ymin,xmax,ymax
82.35052609257104,96.9662868897282,133.1704833588176,193.33152353991443
