xmin,ymin,xmax,ymax
52.5978562926598,238.80002220812725,305.01568619663044,455.8241400264331
