xmin,ymin,xmax,ymax
136.55275518514713,447.41680130723944,303.8141433168,268.1968305319437
