xmin,ymin,xmax,ymax
220.01681599915833,275.52478307841136,303.10705046642965,366.31246499791905
