xmin,ymin,xmax,ymax
136.55275518514713,268.1968305319437,303.8141433168,447.41680130723944
