xmin,ymin,xmax,ymax
121.95143181843513,274.3421773285884,232.1149847662619,156.74075573874848
