xmin,ymin,xmax,ymax
171.8829939218069,216.095107464693,253.73889319347643,146.2265986788127
