xmin,ymin,xmax,ymax
38.54869364696765,118.60000038606245,194.97990792352812,203.51328789927305
