xmin,ymin,xmax,ymax
87.5399748227797,171.37490334643257,131.55003606614892,111.48914469051783
