xmin,ymin,xmax,ymax
125.35419578407718,174.95475177517665,177.25758990314245,77.96469533351069
