xmin,ymin,xmax,ymax
159.5264073538342,281.14039775586934,337.72482964799406,559.282417401131
