xmin,ymin,xmax,ymax
480.04993239811415,370.69408700016555,639.1057086085625,615.8177284294015
