xmin,ymin,xmax,ymax
425.0961042628869,163.14120596962107,678.3050889373978,491.839869786189
