xmin,ymin,xmax,ymax
443.16560670578974,94.8494493184815,716.2869401970938,509.9798839052881
