xmin,ymin,xmax,ymax
453.6511680007709,334.53431981190323,573.5510922333851,504.62979804931314
