xmin,ymin,xmax,ymax
448.0967710332518,153.5009526303392,648.7715177420012,498.0436658728125
