xmin,ymin,xmax,ymax
456.0748908477226,221.80440769525848,639.9205172625482,505.15281739777487
