xmin,ymin,xmax,ymax
195.59961373794795,36.80935774712054,380.61838136029655,261.0216145557379
