xmin,ymin,xmax,ymax
33.13498248307303,155.4566251112933,142.38598955016414,85.49707602199658
