xmin,ymin,xmax,ymax
49.90471773829336,302.58670057176295,327.81429536457244,451.54768893046423
