xmin,ymin,xmax,ymax
201.0945848326105,298.09194347998357,326.5216882066236,381.6017165418003
