xmin,ymin,xmax,ymax
223.49275059015713,176.5421294642762,423.71550045450954,289.9666344525537
