xmin,ymin,xmax,ymax
224.21419232044104,160.35289040486785,424.59788423105283,273.86856770968353
