xmin,ymin,xmax,ymax
216.9829345128453,311.4477881380316,426.7594187784557,176.27613999403044
