xmin,ymin,xmax,ymax
223.49275059015713,289.9666344525537,423.71550045450954,176.5421294642762
