xmin,ymin,xmax,ymax
103.84573566742529,87.17469079644684,173.08674277791715,137.2887217858946
