xmin,ymin,xmax,ymax
387.92114026368074,424.6467568574372,748.032683720154,333.99084596822803
