xmin,ymin,xmax,ymax
76.9422530282784,163.6650699652281,112.73605754029973,108.59138080997525
