xmin,ymin,xmax,ymax
85.53079799496936,112.69706004549346,125.86203429162424,167.23526678616804
