xmin,ymin,xmax,ymax
83.75047442129517,29.4889634044697,124.07062207254376,84.01217544398526
