xmin,ymin,xmax,ymax
60.37377869877245,259.036501781701,243.36834717689834,180.14506045074785
