xmin,ymin,xmax,ymax
42.01587556402144,266.51727943290194,250.1035559490624,199.0702471534678
