xmin,ymin,xmax,ymax
49.102112366258446,254.96347611496935,246.4342211624642,219.0542604505162
