xmin,ymin,xmax,ymax
99.69375421809437,56.82484093972005,175.16499940323476,142.63748243810784
