xmin,ymin,xmax,ymax
335.6427302290467,671.6672008359155,571.1380638789688,511.3571702665885
