xmin,ymin,xmax,ymax
391.7707056679192,685.407426189778,577.9052728942302,530.9913490288088
