xmin,ymin,xmax,ymax
46.642260932273075,746.3211729240226,571.8150120644962,482.76694752246306
