xmin,ymin,xmax,ymax
33.3138113832408,187.03123379322642,207.51470154014655,228.09386359094265
