xmin,ymin,xmax,ymax
79.10266958830493,132.1587071752516,118.80668499906142,96.313184647507
