xmin,ymin,xmax,ymax
12.653060345732229,152.63856195802856,107.63741391140343,87.76215670039034
