xmin,ymin,xmax,ymax
11.393199697774662,51.27551863002168,106.40367538544183,116.16976587225184
