xmin,ymin,xmax,ymax
231.19478276406926,306.28632450543114,330.22028811791444,449.2888507257237
