xmin,ymin,xmax,ymax
249.7415070201879,314.0280970733786,374.4401793817732,605.1773916357431
