xmin,ymin,xmax,ymax
261.38953063615423,308.8307669999142,330.0566025063273,391.6012329271375
