xmin,ymin,xmax,ymax
273.05953760511164,312.2184285028118,314.06420371021835,420.72512387195366
