xmin,ymin,xmax,ymax
220.31590837622622,299.62281696784885,350.81275728032597,479.8562387892687
