xmin,ymin,xmax,ymax
85.03513608069045,180.58963398949925,123.8449177675019,97.27523148854594
