xmin,ymin,xmax,ymax
156.09282506796467,115.63161424908895,253.07750386952011,175.50958375737642
