xmin,ymin,xmax,ymax
151.7925906954274,105.29905252409003,286.40814064664755,184.61265147626156
