xmin,ymin,xmax,ymax
169.5073479273824,127.7202933632135,267.5191908246752,207.61571940459038
