xmin,ymin,xmax,ymax
252.45828874191147,134.11777844509413,475.84506690300805,367.2700951782929
