xmin,ymin,xmax,ymax
351.44332782376637,315.9649952758146,540.0188957698538,441.6023724805583
