xmin,ymin,xmax,ymax
365.800920812836,312.85262844817123,595.7657854504328,418.37290306902185
