xmin,ymin,xmax,ymax
351.3281351487151,300.72188457218107,691.4923165379041,458.72698015074195
