xmin,ymin,xmax,ymax
210.091973912247,159.41325422193245,396.46261979187693,258.62484090688486
