xmin,ymin,xmax,ymax
150.2375856463767,162.6680042360549,236.99050613896193,292.6499341086544
