xmin,ymin,xmax,ymax
132.17746551130557,158.8685148610141,177.2988253445761,267.4993490544812
