xmin,ymin,xmax,ymax
57.60177891680678,180.4321283527078,109.85965923193726,98.9893350993604
