xmin,ymin,xmax,ymax
56.657438916806996,180.34411565270779,108.91531923193747,98.9013223993604
