xmin,ymin,xmax,ymax
58.42989891680668,181.11132755270785,110.68777923193716,99.66853429936042
