xmin,ymin,xmax,ymax
-55.66483108319312,180.78674265270783,-3.406950768062643,99.34394939936041
