xmin,ymin,xmax,ymax
57.682828916806784,181.11340275270783,109.94070923193726,99.67060949936041
