xmin,ymin,xmax,ymax
53.97692580173316,176.33872550028252,110.60687016934844,98.12469188078106
