xmin,ymin,xmax,ymax
30.557093973067822,247.13329746377437,203.0627032000864,180.211992053361
