xmin,ymin,xmax,ymax
30.557093973067822,180.211992053361,203.0627032000864,247.13329746377437
