xmin,ymin,xmax,ymax
85.89452355267576,103.8349057676308,108.46447894624703,45.3380455713791
