xmin,ymin,xmax,ymax
118.63884210752897,123.6972742067071,228.8551488556581,241.3550113541321
