xmin,ymin,xmax,ymax
92.27567465926722,12.726701493938663,159.35039009941488,101.63647826975381
