xmin,ymin,xmax,ymax
93.6285067100223,88.65818401054784,152.27963474259764,139.45480790771398
