xmin,ymin,xmax,ymax
44.46375944351712,177.23319537191472,214.34772313703365,231.79505128996362
