xmin,ymin,xmax,ymax
93.21180172383492,51.08210073435964,188.5602630798819,117.01475166793017
