xmin,ymin,xmax,ymax
271.7329934252207,140.48171207556837,549.3726688676338,364.3239744116123
