xmin,ymin,xmax,ymax
275.17590776369275,99.18746890880439,547.1429603034317,349.45608097056265
