xmin,ymin,xmax,ymax
281.7635649998524,301.08366408333234,411.2821484608942,160.7757874121804
