xmin,ymin,xmax,ymax
279.2944073773965,257.6666282000284,578.5163438669929,514.1171890004039
