xmin,ymin,xmax,ymax
295.68704198087767,156.78103989987548,496.2439953905314,348.1087422957827
