xmin,ymin,xmax,ymax
275.17590776369275,349.45608097056265,547.1429603034317,99.18746890880439
