xmin,ymin,xmax,ymax
280.04995490432293,367.7092234393458,579.3764274239254,111.1690691959445
