xmin,ymin,xmax,ymax
153.42965710960652,216.38194436163673,260.5560720593819,50.941690302358154
