xmin,ymin,xmax,ymax
187.56877287095904,270.36686646504813,316.3649217837094,180.14504452646142
