xmin,ymin,xmax,ymax
184.89500797389564,296.6313030388841,349.6606462720963,169.7787478468617
