xmin,ymin,xmax,ymax
251.012983614743,151.21581008059664,469.3228212032618,341.9014597893796
