xmin,ymin,xmax,ymax
251.012983614743,341.9014597893796,469.3228212032618,151.21581008059664
