xmin,ymin,xmax,ymax
336.2498548004063,191.1790800438959,441.14787202981404,358.93119797684864
