xmin,ymin,xmax,ymax
233.23487017955358,226.04257735912586,391.21422294452987,396.86883699564703
