xmin,ymin,xmax,ymax
233.10723874556334,237.51339068909067,397.75922982969473,418.3447185288146
