xmin,ymin,xmax,ymax
96.59048171992868,119.62305669525676,154.67454640500654,84.45919498727767
