xmin,ymin,xmax,ymax
139.7805013692962,338.6044981723562,235.41840069266414,182.74726541272628
