xmin,ymin,xmax,ymax
119.54829255858476,584.5656853206604,518.7870405612548,269.00184203660893
