xmin,ymin,xmax,ymax
408.53858771327964,476.11496974447766,483.9481417411175,434.9507598650594
