xmin,ymin,xmax,ymax
378.485246251596,484.3190468254847,487.6458653478753,415.432465156716
