xmin,ymin,xmax,ymax
189.89585383362578,664.5843194318063,513.2612257957626,395.18647912854084
