xmin,ymin,xmax,ymax
82.66932062453873,27.8301816077244,164.33304708404773,111.68759582670555
