xmin,ymin,xmax,ymax
86.30971740868549,150.57015447026959,192.3146975968375,293.77680330874955
