xmin,ymin,xmax,ymax
115.94968537668865,383.3452821215594,244.97643839741022,195.95372306403863
