xmin,ymin,xmax,ymax
293.0753679420384,-20.869970667890698,687.3921169397727,654.8978147927094
