xmin,ymin,xmax,ymax
497.9487788823699,452.2106759566349,551.1045851495369,503.067306321875
