xmin,ymin,xmax,ymax
462.6247993014956,192.2847291776505,764.9167632861352,530.2581669325633
