xmin,ymin,xmax,ymax
72.86352979438095,100.44313755588502,109.14809216871345,25.799010780917286
