xmin,ymin,xmax,ymax
218.60629753523244,289.76731817179115,420.1223384543689,181.42630813431822
