xmin,ymin,xmax,ymax
134.48904979794224,119.25417380742454,235.63750776535426,149.8184595956286
