xmin,ymin,xmax,ymax
31.107055114954164,368.66630110506304,270.95043834156786,225.9162751530269
