xmin,ymin,xmax,ymax
74.99893355543236,363.527903989434,268.9811708907944,239.54770076832523
