xmin,ymin,xmax,ymax
113.83610417058071,344.3117206819131,276.46210082066045,226.2848931161421
