xmin,ymin,xmax,ymax
125.12234749412278,316.0500757809897,259.4060317586366,231.76840860664748
