xmin,ymin,xmax,ymax
201.7721264642994,303.66361716200794,268.0163141925359,264.8994422256203
