xmin,ymin,xmax,ymax
391.7707056679192,530.9913490288088,577.9052728942302,685.407426189778
