xmin,ymin,xmax,ymax
52.59896492753978,493.8130943371727,575.4012821694616,768.7679559901758
