xmin,ymin,xmax,ymax
36.17248117012059,509.8148921855064,566.2582956339043,748.0155511211445
