xmin,ymin,xmax,ymax
335.6427302290467,511.3571702665885,571.1380638789688,671.6672008359155
