xmin,ymin,xmax,ymax
66.43091005257747,621.4635325184338,511.8843065334652,433.58550329611353
