xmin,ymin,xmax,ymax
46.59314551691705,629.3393063966466,510.6212556921612,423.2634551001185
