xmin,ymin,xmax,ymax
41.62415231981913,625.8384912318945,511.55242953914876,436.09487732475316
