xmin,ymin,xmax,ymax
100.76887673416695,664.3634743344201,515.6680571760833,457.6246548780821
