xmin,ymin,xmax,ymax
39.322241821057105,584.5090694491546,497.45759496833807,380.8797554358254
