xmin,ymin,xmax,ymax
129.9152582873985,577.1593900071988,510.4846117427369,461.14200274276084
