xmin,ymin,xmax,ymax
201.09578563062018,574.3628545853574,504.9762851705848,457.6123047058068
