xmin,ymin,xmax,ymax
42.50703651800268,627.0869385197732,505.94788284944184,400.27784172273994
