xmin,ymin,xmax,ymax
25.08374379331144,610.1318875302134,500.60744868199527,364.5955572801146
