xmin,ymin,xmax,ymax
90.73522969695296,99.39128591606857,119.83288615369338,163.1791013155958
