xmin,ymin,xmax,ymax
91.10223661571717,97.30809374654677,120.19189298061224,33.53781612991827
