xmin,ymin,xmax,ymax
90.90592962916071,97.94507366833506,112.91701358553837,50.55674122067012
