xmin,ymin,xmax,ymax
90.53886872303065,98.7541308152471,112.55600605766267,146.15549576516014
