xmin,ymin,xmax,ymax
153.39118651635135,-8.056777245255432,258.25254253999174,59.35370357349507
