xmin,ymin,xmax,ymax
204.14231033871624,291.6777876632369,351.81544490951023,391.05448092667166
