xmin,ymin,xmax,ymax
133.22216986301785,138.5008817696571,215.06955714345102,226.84348583494102
