xmin,ymin,xmax,ymax
219.15521268521144,195.28116966492564,362.45055531271174,258.874555305925
