xmin,ymin,xmax,ymax
90.39298804876353,45.623072288690025,166.36237987738787,113.9298649517068
