xmin,ymin,xmax,ymax
158.846529445618,104.68721310248873,278.03282255050544,237.13696768362627
