xmin,ymin,xmax,ymax
238.7348560906613,173.55945908834343,456.6057369796264,320.9891139986688
