xmin,ymin,xmax,ymax
415.90081668515677,16.769618579012814,887.2344506040663,762.8081773177585
