xmin,ymin,xmax,ymax
216.48434966694163,18.713064664005174,460.9923307772176,318.7038052837347
