xmin,ymin,xmax,ymax
79.10266958830493,96.313184647507,118.80668499906142,132.1587071752516
