xmin,ymin,xmax,ymax
99.74811166286008,85.88040345894302,158.6329823982628,112.98729647104136
