xmin,ymin,xmax,ymax
183.7014845946007,242.67885346268827,348.7671918534226,68.63164416960694
