xmin,ymin,xmax,ymax
38.34598850304019,698.0000204570617,519.9045220049541,483.0868199908474
