xmin,ymin,xmax,ymax
217.6008308250971,615.403849987257,520.6390322257132,494.19059244479564
