xmin,ymin,xmax,ymax
294.31193004077863,433.5856753751061,540.3555356963118,665.4685811787263
