xmin,ymin,xmax,ymax
369.2568651954423,507.09891541409814,516.397678880835,572.7010477715153
