xmin,ymin,xmax,ymax
436.62405170623924,571.4735593293494,525.8401467019867,465.44202923091007
