xmin,ymin,xmax,ymax
334.88710203197434,504.4552810625549,514.3257873931943,568.416441524964
