xmin,ymin,xmax,ymax
124.76626041391201,157.7596448233312,180.94385576479567,279.6439811264256
