xmin,ymin,xmax,ymax
133.85572420178377,77.55250468638042,176.10744895982398,159.55869293122828
