xmin,ymin,xmax,ymax
128.1226424235851,28.62100359545684,184.26386756909758,150.42643017813361
