xmin,ymin,xmax,ymax
128.1226424235851,150.42643017813361,184.26386756909758,28.62100359545684
