xmin,ymin,xmax,ymax
125.94653517746156,298.5295744692871,241.52301112202258,232.60887794009085
