xmin,ymin,xmax,ymax
110.09037572666614,119.21639731653272,175.6938078397228,200.93023868778891
