xmin,ymin,xmax,ymax
96.92671042731297,236.91693584040422,169.63473159096282,129.71212692986978
