xmin,ymin,xmax,ymax
99.86231666723904,33.62059026898419,172.50458952328756,140.72845616498216
