xmin,ymin,xmax,ymax
113.01407834576185,69.57474542147247,178.55818667905885,151.21469471463615
