xmin,ymin,xmax,ymax
142.13118793758053,124.32499410449645,182.6174743538296,161.13523685114956
