xmin,ymin,xmax,ymax
24.886677223770448,80.8413647870023,107.00435620189796,144.05912823486642
