xmin,ymin,xmax,ymax
25.556669688983902,129.14495555560336,160.76510125177515,202.4987205007178
