xmin,ymin,xmax,ymax
214.1651062185365,280.53183344417164,394.74434277951855,139.18543537554103
