xmin,ymin,xmax,ymax
214.07184621853708,280.7652318441716,394.65108277951936,139.41883377554103
