xmin,ymin,xmax,ymax
212.76007621853682,280.6972387441716,393.3393127795191,139.350840675541
