xmin,ymin,xmax,ymax
213.7329762185368,280.68075924417155,394.3122127795191,139.334361175541
