xmin,ymin,xmax,ymax
214.7149062185365,280.3162572441716,395.2941427795188,138.969859175541
