xmin,ymin,xmax,ymax
214.4417162185366,280.2344701441716,395.02095277951867,138.88807207554103
