xmin,ymin,xmax,ymax
213.9707662185367,280.16159414417166,394.550002779519,138.81519607554102
