xmin,ymin,xmax,ymax
214.64923621853677,280.6851537441716,395.22847277951905,139.338755675541
