xmin,ymin,xmax,ymax
214.19708621853624,280.7936742441716,394.7763227795183,139.447276175541
