xmin,ymin,xmax,ymax
213.5657362185368,279.2929418441716,394.1449727795191,137.946543775541
