xmin,ymin,xmax,ymax
232.61847225603378,81.18703338860303,339.441962767336,184.4179968226813
