xmin,ymin,xmax,ymax
238.38548172108403,257.5064836790674,403.44371895807444,438.4504630593092
