xmin,ymin,xmax,ymax
237.4015470531633,258.3392178164228,398.5645157982617,439.8310078370318
