xmin,ymin,xmax,ymax
237.6183828412852,255.02451067785137,325.4860754509102,333.75051163755484
