xmin,ymin,xmax,ymax
235.81656412092798,256.5824131122353,391.772421805656,422.7436885442175
