xmin,ymin,xmax,ymax
138.08575735799604,99.86961617505477,241.91145543061498,166.03271178114596
