xmin,ymin,xmax,ymax
364.4081008898545,283.33182647302476,696.9887183496719,423.39675615672206
