xmin,ymin,xmax,ymax
368.3922069395594,292.4128544628819,659.7560537937509,409.4586244379799
