xmin,ymin,xmax,ymax
160.64740070169762,563.4035220850781,345.41749872636035,283.8516864585861
