xmin,ymin,xmax,ymax
439.31228029049043,346.96382910951934,706.1007032759715,40.14069482054356
