xmin,ymin,xmax,ymax
52.98762806911811,358.3003900349029,100.08582575162087,189.91782075944548
