xmin,ymin,xmax,ymax
60.066899481740705,363.81307873482774,100.28465808565022,233.02025587018397
