xmin,ymin,xmax,ymax
443.38277242469474,345.3947925184823,690.0237958911192,74.35111230794132
