xmin,ymin,xmax,ymax
87.24980614675793,99.99087537702394,112.70409579944723,164.1908549933123
