xmin,ymin,xmax,ymax
133.70026745776408,131.1637889768776,243.45792190478528,238.67298953335273
