xmin,ymin,xmax,ymax
97.05916298206603,128.60653818098706,167.18797823172054,70.06398814030132
