xmin,ymin,xmax,ymax
97.05916298206603,70.06398814030132,167.18797823172054,128.60653818098706
