xmin,ymin,xmax,ymax
101.49093321470241,102.69479228074331,159.11131640751728,71.03437686236715
