xmin,ymin,xmax,ymax
36.78927787262147,258.8061383503885,292.4472858177172,321.5742742519818
