xmin,ymin,xmax,ymax
73.19254089813674,249.72943722221314,294.43444145919494,307.7194164846329
