xmin,ymin,xmax,ymax
191.5710990859468,34.22630409111912,334.52026881826646,239.90484006630572
