xmin,ymin,xmax,ymax
301.49445775737144,406.3794544644883,525.9161981885674,58.861960813352255
