xmin,ymin,xmax,ymax
408.1246577600296,510.94663137430666,850.9387356109975,136.12061866119018
