xmin,ymin,xmax,ymax
136.91321029090395,161.39055311855668,251.519313905181,83.20859029333747
