xmin,ymin,xmax,ymax
134.45575036502234,158.60977941841645,203.21531776768876,101.53361074941188
