xmin,ymin,xmax,ymax
166.30160716785053,442.1090986400959,293.2124876116195,236.13229052268616
