xmin,ymin,xmax,ymax
138.7070722849171,32.999911573599775,185.788517292698,158.0549230925883
