xmin,ymin,xmax,ymax
249.49657881764256,115.0975507392573,342.2954085447766,278.61729891569723
