xmin,ymin,xmax,ymax
222.66876740069756,83.61559541095585,359.84525261069325,304.366738394054
