xmin,ymin,xmax,ymax
62.5560355917753,138.08447439537827,106.37886310665976,95.57804170870276
