xmin,ymin,xmax,ymax
56.16649407290538,102.56321839112763,102.4926151801219,138.10190485481547
