xmin,ymin,xmax,ymax
62.5560355917753,95.57804170870276,106.37886310665976,138.08447439537827
