xmin,ymin,xmax,ymax
56.16649407290538,138.10190485481547,102.4926151801219,102.56321839112763
