xmin,ymin,xmax,ymax
152.61662834188178,188.05232669518847,248.69331393741777,59.21039564901213
