xmin,ymin,xmax,ymax
193.07470667957182,191.69111353322182,308.01454211250643,11.464647158383855
