xmin,ymin,xmax,ymax
140.6729903536459,257.3804160229304,304.40260856235795,97.62770091736496
