xmin,ymin,xmax,ymax
237.5589164128677,422.14367767437557,354.68367930516877,294.12354533612086
