xmin,ymin,xmax,ymax
235.9400364631316,551.0120871459698,422.07134211035816,269.0279115438341
