xmin,ymin,xmax,ymax
251.4969161028506,495.73893791291215,392.79272290294614,274.77675090215206
