xmin,ymin,xmax,ymax
339.2130344356144,289.9554133326702,658.2454166290254,425.4546760065832
