xmin,ymin,xmax,ymax
49.258686180562144,191.6989932948556,212.07546836666515,269.05097386489064
