xmin,ymin,xmax,ymax
168.627122448891,114.75358479664442,305.0110193861706,180.24782209691216
