xmin,ymin,xmax,ymax
35.61681778036706,82.44236307932721,110.60649135633312,157.34746662828485
