xmin,ymin,xmax,ymax
328.13674678527013,373.75668947029516,644.7568076093296,207.04524859549497
