xmin,ymin,xmax,ymax
347.4162136023716,329.8226817163248,547.4935473239693,580.7939560626191
