xmin,ymin,xmax,ymax
117.18270691611178,27.82509833667035,246.35712150728614,215.43111316597634
