xmin,ymin,xmax,ymax
133.2009485504591,204.4661492225755,203.32470678506115,245.450411724795
