xmin,ymin,xmax,ymax
26.354127678063605,137.15045418131945,196.54662407364458,233.71406479628365
