xmin,ymin,xmax,ymax
23.12496344979286,419.89451895980767,291.7413094836104,212.88757266567876
