xmin,ymin,xmax,ymax
81.56075456310123,88.75802051850553,155.06765978709086,194.6515031090716
