xmin,ymin,xmax,ymax
75.61083072701103,280.7235516073779,180.79772055856137,148.86644279127364
