xmin,ymin,xmax,ymax
461.1942524089899,471.6337201238887,763.4600285953119,809.5778789654362
