xmin,ymin,xmax,ymax
100.89295265587953,89.06377728568427,140.87857755301957,103.88432511735184
