xmin,ymin,xmax,ymax
88.92390231974309,591.2081219034029,554.7873268065414,185.2136515823631
