xmin,ymin,xmax,ymax
420.56784208940576,417.45586826032684,488.4376909667194,489.28630327019533
