xmin,ymin,xmax,ymax
189.3867096983713,329.77024859930975,512.9847974192148,599.3619659476642
