xmin,ymin,xmax,ymax
419.43608211734454,435.46475890414587,528.6480698653536,563.6184792507995
