xmin,ymin,xmax,ymax
420.56784208940576,489.28630327019533,488.4376909667194,417.45586826032684
