xmin,ymin,xmax,ymax
401.33309457790415,500.65651648117347,485.5184937897311,423.8674314607756
