xmin,ymin,xmax,ymax
88.92390231974309,185.2136515823631,554.7873268065414,591.2081219034029
