xmin,ymin,xmax,ymax
118.98852152411746,409.84646957275595,518.5145889375915,725.6374141038106
