xmin,ymin,xmax,ymax
37.44957025749363,179.0917922481139,193.98808641562982,264.0633248856311
