xmin,ymin,xmax,ymax
32.872518141811696,142.6212968204838,168.95106823240545,191.75695952989088
