xmin,ymin,xmax,ymax
142.2848840342068,255.81948493623338,225.15345635146986,207.71303253744486
