xmin,ymin,xmax,ymax
49.16568352187102,322.42224121866536,238.56620032383864,200.95807773539093
