xmin,ymin,xmax,ymax
292.8471515592101,136.0751051790935,584.9279559096595,360.73947862634395
