xmin,ymin,xmax,ymax
290.91727666154526,358.5956696122115,581.0888797999876,135.59734850755763
