xmin,ymin,xmax,ymax
317.2436967627015,258.03307242250736,488.14054097026644,389.5765547947893
