xmin,ymin,xmax,ymax
290.91727666154526,135.59734850755763,581.0888797999876,358.5956696122115
