xmin,ymin,xmax,ymax
92.7050535990777,84.80005587338837,189.09614950723926,154.45899581922907
