xmin,ymin,xmax,ymax
84.94648901069445,422.2284111902013,358.98590250091274,311.80452388888364
