xmin,ymin,xmax,ymax
53.31022587103416,472.4057480443307,352.12030682371505,312.0246205923231
