xmin,ymin,xmax,ymax
34.627605630691505,492.0170645572994,366.5077335801618,310.2872466631669
