xmin,ymin,xmax,ymax
36.09591741146096,480.29961732125696,369.71183674271833,286.3475187152403
