xmin,ymin,xmax,ymax
147.24204732814974,163.29570939148846,228.68816546786343,270.4521170335214
