xmin,ymin,xmax,ymax
138.894897946632,208.09133659817425,249.79358857675038,317.73376939096755
