xmin,ymin,xmax,ymax
285.2786344428757,302.1714563903365,395.55585018197735,366.126774132108
