xmin,ymin,xmax,ymax
304.0794500142813,243.1726719352115,564.7763291926447,333.3802278566508
