xmin,ymin,xmax,ymax
217.6008308250971,494.19059244479564,520.6390322257132,615.403849987257
