xmin,ymin,xmax,ymax
409.6750599038646,503.3374806532001,519.3315966045659,560.6876945678395
