xmin,ymin,xmax,ymax
436.62405170623924,465.44202923091007,525.8401467019867,571.4735593293494
