xmin,ymin,xmax,ymax
277.0738589925545,495.07624667533406,513.0693672009777,585.9765365759768
