xmin,ymin,xmax,ymax
38.34598850304019,483.0868199908474,519.9045220049541,698.0000204570617
