xmin,ymin,xmax,ymax
307.55923120085936,383.36701055301745,511.56437416022095,580.8845572622852
