xmin,ymin,xmax,ymax
158.14682148587485,193.44563219566936,218.90609686719745,36.68335021125404
