xmin,ymin,xmax,ymax
79.98552279740534,296.7781267271209,381.9102801161141,587.5435761139578
