xmin,ymin,xmax,ymax
4.580010444692874,141.16858443633737,139.4962512998557,228.16079834335335
