xmin,ymin,xmax,ymax
195.92788570655011,24.915767885307787,251.55408920311038,216.24293348000242
