xmin,ymin,xmax,ymax
63.140637434876226,90.50564138182392,146.92531171359428,148.5727718261291
