xmin,ymin,xmax,ymax
201.24161919519588,553.3863191016707,438.8804329464997,282.367842523094
