xmin,ymin,xmax,ymax
272.7121452747931,461.05165340872384,412.49230115145156,291.90191983554695
