xmin,ymin,xmax,ymax
131.46323456740174,175.68342264243688,237.45499193719957,113.16216502432809
