xmin,ymin,xmax,ymax
142.27952228940921,178.21305674291074,237.2006604033138,116.55085658794354
