xmin,ymin,xmax,ymax
258.87628352002525,500.7836710059254,472.1834529235007,362.2416035273658
