xmin,ymin,xmax,ymax
203.21581695636314,509.4882250994718,455.9944383195548,407.07459783282155
