xmin,ymin,xmax,ymax
330.43475416839874,484.3769915612271,464.8338689158418,413.66770896030374
