xmin,ymin,xmax,ymax
277.00976853978955,249.46027851989763,546.5471727975532,405.8282841770849
