xmin,ymin,xmax,ymax
157.3345469735291,74.45147282818675,228.72141990993805,188.2193279285499
