xmin,ymin,xmax,ymax
171.38406357727672,107.63397734503599,300.696718607433,250.92027192905687
