xmin,ymin,xmax,ymax
170.23460478685115,67.40719740733044,242.86601398087737,192.32214706453408
