xmin,ymin,xmax,ymax
169.7099952612209,536.196445436141,315.38828301660556,276.3001858017883
