xmin,ymin,xmax,ymax
36.48008802494701,65.33531143431327,231.03209069853324,242.57848209669407
