xmin,ymin,xmax,ymax
191.06662779701628,415.80248756426545,270.3794137547916,219.87234227418088
