xmin,ymin,xmax,ymax
173.2181044654817,185.06939486810745,313.9769863140914,361.62588107564954
