xmin,ymin,xmax,ymax
100.0,61.59239842130495,185.06689016754854,138.4076015786951
