xmin,ymin,xmax,ymax
199.97545368518877,189.27469846166218,311.5988467271022,293.3585438070157
