xmin,ymin,xmax,ymax
99.12952370132734,264.7178381626517,321.12914033269,456.01906314802557
