xmin,ymin,xmax,ymax
105.52397292315231,443.2926775009041,300.8967256401845,265.8026147851696
