xmin,ymin,xmax,ymax
248.781596402599,348.9265539317217,306.37263098189464,295.05170307049013
