xmin,ymin,xmax,ymax
99.12952370132734,456.01906314802557,321.12914033269,264.7178381626517
