xmin,ymin,xmax,ymax
201.28612532751026,388.5851066081873,312.91354504497303,284.49750656712257
