xmin,ymin,xmax,ymax
253.89644810774234,167.46253249600295,462.67685287671463,317.7338243052966
