xmin,ymin,xmax,ymax
255.4773421236705,168.82177811372668,464.237723458349,319.0786579031705
