xmin,ymin,xmax,ymax
227.16812676072504,267.5487012041751,322.85463277711574,205.3615826999707
