xmin,ymin,xmax,ymax
255.4773421236705,319.0786579031705,464.237723458349,168.82177811372668
