xmin,ymin,xmax,ymax
282.54653158264114,424.3526418332914,504.18592246300636,597.105139099095
