xmin,ymin,xmax,ymax
2.6420735472954675,258.7644097440217,485.0061457771899,899.9310865579453
