xmin,ymin,xmax,ymax
281.0019159523331,550.4010313057158,502.6655904354727,377.62960665969683
