xmin,ymin,xmax,ymax
281.0019159523331,377.62960665969683,502.6655904354727,550.4010313057158
