xmin,ymin,xmax,ymax
338.50855003564766,449.7778853646116,494.5468918472943,591.508501405946
