xmin,ymin,xmax,ymax
340.0156485474272,394.45458745489265,658.9921681287221,258.9790507197094
