xmin,ymin,xmax,ymax
73.73853785749975,193.89572537173802,118.54633034920585,150.0426678032306
