xmin,ymin,xmax,ymax
73.73853785749975,150.0426678032306,118.54633034920585,193.89572537173802
