xmin,ymin,xmax,ymax
88.35153437572058,145.77108387597002,174.961005489316,58.683775181771125
