xmin,ymin,xmax,ymax
89.88584654696797,51.271092010247685,176.51913656426177,138.38235102064715
