xmin,ymin,xmax,ymax
190.4531513066063,125.27316372228415,347.6887022227313,255.83970225336984
