xmin,ymin,xmax,ymax
89.45610988473788,110.55919215036397,163.6092746883138,80.26465991643045
