xmin,ymin,xmax,ymax
89.45610988473788,80.26465991643045,163.6092746883138,110.55919215036397
