xmin,ymin,xmax,ymax
101.61923476076765,67.85742124081327,163.66431576168395,126.20366940588383
