xmin,ymin,xmax,ymax
96.48360043522541,113.56210623621064,184.51264044971606,82.79184067199515
