xmin,ymin,xmax,ymax
17.88612737611561,79.81615238352575,100.7874282790201,126.8446223704542
