xmin,ymin,xmax,ymax
83.00247114843125,98.31791397526075,114.05977486071549,178.2050553202932
