xmin,ymin,xmax,ymax
41.20860431575421,78.19634189329929,100.29817173741702,112.03866458334494
