xmin,ymin,xmax,ymax
36.36537462919065,68.51470569121545,103.45996230898658,114.59633129997496
