xmin,ymin,xmax,ymax
48.18850120975939,146.83210220301453,210.90667913468903,224.1372372649147
