xmin,ymin,xmax,ymax
154.55089368882273,141.1598694187885,331.1601421238697,304.387846867188
