xmin,ymin,xmax,ymax
155.8671952453842,58.2679517060663,332.4638876154297,221.4843244332348
