xmin,ymin,xmax,ymax
213.06421202797742,242.72310492168083,391.7205530135052,174.03014742401444
