xmin,ymin,xmax,ymax
251.92569694941562,188.77293801168605,481.03627795943726,284.4232330547455
