xmin,ymin,xmax,ymax
41.20860431575421,112.03866458334494,100.29817173741702,78.19634189329929
