xmin,ymin,xmax,ymax
37.55082245054353,85.12958060663937,104.66386214837021,131.22387935366567
