xmin,ymin,xmax,ymax
29.998913072458663,308.2345816799286,455.6167401740954,611.8618736116185
