xmin,ymin,xmax,ymax
332.06958725682125,395.2966654085367,411.53650860687844,457.620369958526
