xmin,ymin,xmax,ymax
344.50475675289726,406.43162370292436,404.95085056011067,463.8329170274239
