xmin,ymin,xmax,ymax
329.8336534262321,305.0250216944586,646.6717768388669,471.8512800834985
