xmin,ymin,xmax,ymax
131.14107149077336,120.06936250061182,157.37576999232328,240.32064996222653
