xmin,ymin,xmax,ymax
49.102112366258446,219.0542604505162,246.4342211624642,254.96347611496935
