xmin,ymin,xmax,ymax
80.53011752287776,216.73945101269072,241.19277885913868,251.5712364915086
