xmin,ymin,xmax,ymax
157.74311454008654,161.51410273331862,206.12314286982377,278.23712813290075
