xmin,ymin,xmax,ymax
106.72282718172005,194.58016207972946,188.5034212827278,110.5977109328262
