xmin,ymin,xmax,ymax
117.83256365639238,171.0427513866366,221.94331055048553,94.2259256747584
