xmin,ymin,xmax,ymax
168.77178753659246,185.46851274526043,286.23455206636936,22.31311057429457
