xmin,ymin,xmax,ymax
176.0701635905291,229.84399650858558,307.68244183448724,67.72213663695402
