xmin,ymin,xmax,ymax
43.820776280982955,50.54445155163455,198.98374012870318,198.0795063056881
