xmin,ymin,xmax,ymax
44.958245545301224,4.645339817339902,200.07854898277174,152.139831373798
