xmin,ymin,xmax,ymax
44.50326190584315,95.58619513820429,117.29664994944409,184.43810424902347
