xmin,ymin,xmax,ymax
36.4788971003822,43.70008116512702,111.44795306142314,118.58459035079096
