xmin,ymin,xmax,ymax
45.36289799235294,105.44437204905012,118.13627226642794,16.61689182770408
