xmin,ymin,xmax,ymax
92.63908139594264,64.49604117226107,129.13695952517583,101.63001317352234
