xmin,ymin,xmax,ymax
94.12696570442517,96.62595146781598,156.92211807323247,148.4455653100896
