xmin,ymin,xmax,ymax
93.63139315369608,94.9329349304042,130.139308746883,132.0771193309754
