xmin,ymin,xmax,ymax
130.58092166449046,133.8812608164692,210.07652339897368,211.67356152273726
