xmin,ymin,xmax,ymax
141.3252904849951,104.26917976271233,236.17064055942092,165.88214686640606
