xmin,ymin,xmax,ymax
117.83745951024025,144.71290479133262,173.88471799275908,96.68160643176947
