xmin,ymin,xmax,ymax
131.5265679700085,70.72285140251375,211.08569222613278,148.57731357428798
