xmin,ymin,xmax,ymax
147.0294468739164,183.77341312547577,256.81954514496124,72.39208234561971
