xmin,ymin,xmax,ymax
141.3639878577012,140.44748846606245,194.01089484009935,96.9045412439242
