xmin,ymin,xmax,ymax
131.5265679700085,148.57731357428798,211.08569222613278,70.72285140251375
