xmin,ymin,xmax,ymax
89.4225079946803,172.73038677764254,108.65183815560368,99.03846938939745
