xmin,ymin,xmax,ymax
186.93385280049188,421.9030282123359,251.81687888029433,227.64913418877597
