xmin,ymin,xmax,ymax
150.00000000000023,119.77378681146024,266.66266069597737,180.2262131885398
