xmin,ymin,xmax,ymax
79.82715782046921,84.00761794662026,170.63891822618416,194.09434837325904
