xmin,ymin,xmax,ymax
81.56075456310123,194.6515031090716,155.06765978709086,88.75802051850553
