xmin,ymin,xmax,ymax
33.63656091377834,500.4625786112463,321.64720692023957,148.24269172333655
