xmin,ymin,xmax,ymax
30.236289135888683,489.7676074284403,382.67496771047945,289.2754549798192
