xmin,ymin,xmax,ymax
261.9805334973488,98.5444829498751,458.20810207032457,348.8307999819937
