xmin,ymin,xmax,ymax
73.80701048231231,6.291376805851371,114.34129341602556,105.28100554606709
