xmin,ymin,xmax,ymax
99.59409755472234,132.168996158374,182.75620797344095,77.77418637378076
