xmin,ymin,xmax,ymax
163.77415132145074,95.41967470723887,287.48673812731795,175.8683789344709
