xmin,ymin,xmax,ymax
13.011317646210273,122.95651957767451,99.84539923361785,84.09263701554991
