xmin,ymin,xmax,ymax
537.5432931844355,627.5165081032251,1076.943334794879,377.40101719170923
