xmin,ymin,xmax,ymax
317.20629038224433,211.32413817401618,630.7702391658547,386.43410488591707
