xmin,ymin,xmax,ymax
86.37488297029745,96.21993701196175,137.10644683676924,192.8478926413802
