xmin,ymin,xmax,ymax
170.63019340128858,17.733244712423,366.0990512399683,257.6167729415595
