xmin,ymin,xmax,ymax
170.63019340128858,257.6167729415595,366.0990512399683,17.733244712423
