xmin,ymin,xmax,ymax
44.58727250257522,185.87241398561036,220.3291648058146,265.9556474348844
