xmin,ymin,xmax,ymax
139.9638948089771,31.627203865263652,203.00664024530374,182.09361922204567
