xmin,ymin,xmax,ymax
59.5185024375952,121.01923781665528,186.04865244362296,237.61720841969986
