xmin,ymin,xmax,ymax
61.810729274587175,84.60519356414193,185.96229776702538,197.05504906247756
