xmin,ymin,xmax,ymax
98.43237891108231,109.75310648825791,177.8996508898952,186.579889459848
