xmin,ymin,xmax,ymax
90.1480281628962,117.88768657194385,182.14130291061014,196.2823804425313
