xmin,ymin,xmax,ymax
95.8498087019259,99.07879739090117,188.4141962141692,192.14121829795374
