xmin,ymin,xmax,ymax
73.28801040733009,82.86497208940358,188.6212881213018,191.6487384806495
