xmin,ymin,xmax,ymax
67.47974997094337,69.27676796446326,198.08036420590892,188.82669454439053
