xmin,ymin,xmax,ymax
140.12734656835138,88.88566730442022,219.51469124841176,183.58845736702085
