xmin,ymin,xmax,ymax
250.5481593293456,225.5322988822747,506.1836333194102,314.7075381262444
