xmin,ymin,xmax,ymax
313.36270862818185,241.96177806826915,535.4366565846404,318.7338040553938
