xmin,ymin,xmax,ymax
91.49844116697045,93.37187543870044,123.59959520745997,148.07634107927822
