xmin,ymin,xmax,ymax
167.4882720196731,167.15849586398986,300.62779459851913,297.07659887154796
