xmin,ymin,xmax,ymax
174.99188310918407,170.51223577728354,253.88602570490184,249.72619635470812
