xmin,ymin,xmax,ymax
217.45690391181915,138.7574053461082,400.48705346225734,285.6873830018133
