xmin,ymin,xmax,ymax
52.35565071668037,54.826684831105524,149.21024405676957,145.1482007946754
