xmin,ymin,xmax,ymax
60.74529702177608,78.45222202564918,136.55974332913695,142.8894871383048
