xmin,ymin,xmax,ymax
93.42963778334479,74.38559111884871,159.4614548959288,146.3414973795861
