xmin,ymin,xmax,ymax
373.72465539581435,325.11122732016815,661.7982859112901,557.1620131423185
