xmin,ymin,xmax,ymax
375.99282763922236,340.3569246572839,703.3408702861075,559.1515581144074
