xmin,ymin,xmax,ymax
330.3142933570956,344.2477250962106,500.73920593182174,464.6948623949217
