xmin,ymin,xmax,ymax
329.7764538863164,334.4078234821984,499.80129176213563,444.19714569244553
