xmin,ymin,xmax,ymax
91.47816072843102,39.806112804022064,174.85638404027713,111.18510587508604
