xmin,ymin,xmax,ymax
348.4164755617446,232.20999350002091,663.7439294902638,465.01636813314565
