xmin,ymin,xmax,ymax
530.9708184736927,698.5475175411407,997.2379194015638,450.6563750683845
