xmin,ymin,xmax,ymax
504.38039243449555,788.9434374908072,1008.1695579045935,470.3056791232707
