xmin,ymin,xmax,ymax
521.1999277643766,616.8327267979053,831.6628388474977,451.20052579028584
