xmin,ymin,xmax,ymax
480.3543493619269,776.7542153315457,743.5514024486746,506.0457119347276
