xmin,ymin,xmax,ymax
290.4462748341052,206.60691465477638,565.6809421272792,348.77119871719094
