xmin,ymin,xmax,ymax
283.34964625887426,259.7241562973304,478.8161826261269,381.5450728990365
