xmin,ymin,xmax,ymax
290.23416008435606,241.77425951036668,565.3926308347766,383.8991865141116
