xmin,ymin,xmax,ymax
138.90467875637273,39.84296076076771,241.12806758369857,172.85580767499653
