xmin,ymin,xmax,ymax
33.29729006223988,557.1973580209578,480.7420121859932,413.4248208825524
