xmin,ymin,xmax,ymax
93.15270859325346,61.59232166884178,189.47273355306788,128.27341369987457
