xmin,ymin,xmax,ymax
386.5882657612219,513.6896729788904,772.3575211641087,275.27751259429886
