xmin,ymin,xmax,ymax
384.34855441699733,314.6185622701191,621.5430647604321,428.95220979870874
