xmin,ymin,xmax,ymax
373.239404124683,297.41836894687356,508.4090727567848,420.5268796108007
