xmin,ymin,xmax,ymax
386.5882657612219,275.27751259429886,772.3575211641087,513.6896729788904
