xmin,ymin,xmax,ymax
218.60629753523244,181.42630813431822,420.1223384543689,289.76731817179115
