xmin,ymin,xmax,ymax
100.27105241200343,75.86408265621274,156.64057470051807,117.06127064094052
