xmin,ymin,xmax,ymax
100.27105241200343,117.06127064094052,156.64057470051807,75.86408265621274
