xmin,ymin,xmax,ymax
118.97115292962985,55.20868036498709,247.66871930718958,193.08455018549157
