xmin,ymin,xmax,ymax
176.03222195894205,36.17675643412113,298.2919564027022,205.72739261483414
