xmin,ymin,xmax,ymax
300.8251032232988,542.1092155994099,448.2350358313263,373.9921920203898
