xmin,ymin,xmax,ymax
371.82580872194353,282.57300465426613,554.8428942956773,432.9891130674576
