xmin,ymin,xmax,ymax
301.4092730872226,215.16149517243616,448.7648058360669,383.21647718989254
