xmin,ymin,xmax,ymax
303.0348535154137,32.266929270156716,601.3290335540348,417.4410932800077
