xmin,ymin,xmax,ymax
68.20544742016978,91.39793541784968,102.75814101687342,117.91221529652546
