xmin,ymin,xmax,ymax
13.609776990821956,37.61163871538929,107.45308825965856,113.64046133726083
