xmin,ymin,xmax,ymax
90.70985021034903,134.8774199404379,187.84339370710495,29.902678136453005
