xmin,ymin,xmax,ymax
245.02415775171403,283.11862389640675,386.0683531681848,74.92824903843638
