xmin,ymin,xmax,ymax
239.39582562461214,265.2913641305095,388.7189945988566,49.17898255159622
