xmin,ymin,xmax,ymax
248.27417921304277,266.3318246533694,401.1304112071268,49.67138239268046
