xmin,ymin,xmax,ymax
172.98586414682006,129.11500642360807,366.18446797376606,367.4001474968022
