xmin,ymin,xmax,ymax
177.3258081892252,92.77474075439113,388.9953354865619,378.350144282344
