xmin,ymin,xmax,ymax
258.6022846054632,151.13260783804833,399.123228156051,354.62818074016275
