xmin,ymin,xmax,ymax
172.16300269261114,305.4793900022312,415.3631999077179,620.7290415645613
