xmin,ymin,xmax,ymax
258.6022846054632,354.62818074016275,399.123228156051,151.13260783804833
