xmin,ymin,xmax,ymax
130.73250720928218,32.96074327329097,410.8654355587405,375.7438468948818
