xmin,ymin,xmax,ymax
174.9585706951525,61.118307942385854,418.1287546114263,376.3290545938336
