xmin,ymin,xmax,ymax
174.9585706951525,376.3290545938336,418.1287546114263,61.118307942385854
