xmin,ymin,xmax,ymax
247.19968491119266,324.1611366914208,364.9799335653072,446.7083916105039
