xmin,ymin,xmax,ymax
290.26046382100185,196.67222643989487,378.69174428281303,343.7508222833832
