xmin,ymin,xmax,ymax
249.9859926483532,357.64961341612195,367.7517060601451,235.11748203486934
