xmin,ymin,xmax,ymax
255.8170403348065,327.1829422879425,396.3553276937639,530.7036316469444
