xmin,ymin,xmax,ymax
176.39592683769956,187.9136462553293,269.2172164474898,117.7699685635971
