xmin,ymin,xmax,ymax
233.9498094778626,44.859909065331294,295.52680223013647,226.344041853283
