xmin,ymin,xmax,ymax
222.09382473204798,117.26128117936264,293.6802845431055,251.37519188757415
