xmin,ymin,xmax,ymax
32.444517724468824,401.97106918794805,427.56990694429055,477.0625221271398
