xmin,ymin,xmax,ymax
419.804735574706,472.71563648948427,459.63367554224124,507.4907802453315
