xmin,ymin,xmax,ymax
208.39340712142848,435.8801228468967,490.4539486658864,495.4888539397025
