xmin,ymin,xmax,ymax
51.50125770421823,402.95218043810485,481.5522996480636,485.21677960087015
