xmin,ymin,xmax,ymax
426.5374088772867,460.18573879071243,509.7843725548678,528.9361213945882
