xmin,ymin,xmax,ymax
40.553939831956995,398.8137476984033,433.92406624205773,478.9149846605335
