xmin,ymin,xmax,ymax
323.50711618345395,443.7389943476371,490.812589925888,504.1242458770155
