xmin,ymin,xmax,ymax
370.3710339057395,468.5160250280919,449.113620339265,509.29968340721405
