xmin,ymin,xmax,ymax
30.56261028187032,4.479060369124738,123.23051802187524,115.02733861132793
