xmin,ymin,xmax,ymax
413.89376889705443,425.80702521404214,846.1626184257126,569.7909507915579
