xmin,ymin,xmax,ymax
296.0742097176827,398.7516659448275,652.5075116108336,524.2682318325478
