xmin,ymin,xmax,ymax
410.3952311302497,433.44745793847403,751.0234006368358,576.7650657423949
