xmin,ymin,xmax,ymax
151.37734644525176,84.30755191798062,292.29880931942125,184.8863605732194
