xmin,ymin,xmax,ymax
449.7605437147756,458.2961432361143,812.1952945790797,382.11142302202546
