xmin,ymin,xmax,ymax
417.7663374729125,468.27482353747945,725.6143273709076,406.66136376223636
