xmin,ymin,xmax,ymax
471.489847986576,487.6045243564374,827.6953049758858,405.3376188301252
