xmin,ymin,xmax,ymax
420.28925353934505,474.27369411381505,597.9883105686306,435.2250365116803
