xmin,ymin,xmax,ymax
151.88206702951572,132.76298262042837,249.86686055362645,210.1070869258554
