xmin,ymin,xmax,ymax
371.84098370320066,416.8700903202882,478.68779335632985,502.8171763443488
