xmin,ymin,xmax,ymax
328.2793772824077,410.33967105001227,485.22453863896,492.73075739224606
