xmin,ymin,xmax,ymax
19.047317595408913,355.45184492041494,473.1433951518004,558.2968848082077
