xmin,ymin,xmax,ymax
62.43026223393974,305.36549340972203,206.82090153164984,144.44245707251417
