xmin,ymin,xmax,ymax
46.35477687707112,117.27843677735713,267.3937011765738,280.46492068079874
