xmin,ymin,xmax,ymax
133.8160249126031,253.35879777954813,262.3461709319513,160.45557019704012
