xmin,ymin,xmax,ymax
133.8160249126031,160.45557019704012,262.3461709319513,253.35879777954813
