xmin,ymin,xmax,ymax
164.48262402489536,135.03200229150278,230.69761294033697,197.13356595498166
