xmin,ymin,xmax,ymax
27.566365950958016,466.2428261698839,326.4380672785751,197.7397761736912
