xmin,ymin,xmax,ymax
40.30862888218121,168.34307045130475,275.5498165319475,283.0415738997323
