xmin,ymin,xmax,ymax
44.30589227591145,172.94866811441688,267.6134591514649,283.515370654077
