xmin,ymin,xmax,ymax
90.29242873006069,93.51673520828115,153.51920850390604,163.99816839182608
