xmin,ymin,xmax,ymax
163.62969720950287,126.64067890449564,296.4843650148607,205.3733459360293
