xmin,ymin,xmax,ymax
85.99247799868112,-1.4957449884206824,140.4161986432846,98.78832689036426
