xmin,ymin,xmax,ymax
196.03688839785036,34.53505462123305,287.63906789345424,244.01127874173125
