xmin,ymin,xmax,ymax
287.8395318899602,257.0090168226854,529.9190620672891,448.6495038417891
