xmin,ymin,xmax,ymax
23.861077715940723,88.13845356085423,113.81299613742306,136.72714539323562
