xmin,ymin,xmax,ymax
288.918407670519,374.9151785931713,554.6811446030333,31.3550908750193
