xmin,ymin,xmax,ymax
329.46785693470406,378.72884523849854,523.1650759972227,120.00407504133796
