xmin,ymin,xmax,ymax
270.8037349909482,239.08433672627632,509.26486090657363,298.3221800022168
