xmin,ymin,xmax,ymax
32.22471978562908,141.40880819494913,210.15716710738275,273.4374430801812
