xmin,ymin,xmax,ymax
91.40177466797468,74.63214311954562,108.58000948237753,100.00616252843912
