xmin,ymin,xmax,ymax
432.1951360858759,403.4102732086162,772.8304906873973,715.8371942716717
