xmin,ymin,xmax,ymax
421.43821754124997,433.75455443573424,782.019143900523,836.5633117794036
