xmin,ymin,xmax,ymax
423.31458155370024,437.4726002675393,738.8821024613194,808.7806166799229
