xmin,ymin,xmax,ymax
445.7617596457403,443.04203246115515,692.2892727381745,659.2474762914467
