xmin,ymin,xmax,ymax
448.19691787212673,431.90106703922754,548.1995750661663,554.1430844846161
