xmin,ymin,xmax,ymax
462.4727701501149,448.2074144328466,563.2751040223504,528.131032753286
