xmin,ymin,xmax,ymax
249.00568288729505,266.19990110120926,392.27058565793345,59.07192232929667
