xmin,ymin,xmax,ymax
246.6089576689103,272.6394336206663,403.56957694217454,59.62258223099701
