xmin,ymin,xmax,ymax
249.00568288729505,59.07192232929667,392.27058565793345,266.19990110120926
