xmin,ymin,xmax,ymax
258.68104383056675,261.00267718043636,361.18327125830046,145.0000732395469
