xmin,ymin,xmax,ymax
246.6089576689103,59.62258223099701,403.56957694217454,272.6394336206663
