xmin,ymin,xmax,ymax
250.28664081730744,276.67096492711653,373.0318951843931,108.92838908179876
