xmin,ymin,xmax,ymax
190.79572892611554,260.7267769190088,329.45338016081996,65.49846308530621
