xmin,ymin,xmax,ymax
258.68104383056675,145.0000732395469,361.18327125830046,261.00267718043636
