xmin,ymin,xmax,ymax
250.87191496263222,263.73378353618745,363.96460287222635,95.18594694644882
