xmin,ymin,xmax,ymax
248.27417921304277,49.67138239268046,401.1304112071268,266.3318246533694
