xmin,ymin,xmax,ymax
52.23982821022719,147.8726487737341,169.17633028083537,245.65465073890857
