xmin,ymin,xmax,ymax
45.542446562282066,201.85353019317358,153.94065609778977,109.58264175361523
