xmin,ymin,xmax,ymax
45.542446562282066,109.58264175361523,153.94065609778977,201.85353019317358
