xmin,ymin,xmax,ymax
62.26470952814725,124.81967257224517,167.89215204507423,216.4643899863663
