xmin,ymin,xmax,ymax
44.57555415047409,108.64778453032227,153.04004627738436,200.97509413793284
