xmin,ymin,xmax,ymax
52.23982821022719,245.65465073890857,169.17633028083537,147.8726487737341
