xmin,ymin,xmax,ymax
31.504491701965662,108.47413785259232,151.58651924942342,211.7774397774533
