xmin,ymin,xmax,ymax
92.79703903362952,33.79907985815843,182.85591999765177,146.3450472052508
