xmin,ymin,xmax,ymax
115.19213548315224,45.8321864272649,167.07422169728534,143.85224595140937
