xmin,ymin,xmax,ymax
140.10314726898545,34.79002917531716,191.60313038031683,162.15654330053349
