xmin,ymin,xmax,ymax
136.33090375262475,281.5472947615708,187.83751496231704,154.164388441008
