xmin,ymin,xmax,ymax
136.33090375262475,154.164388441008,187.83751496231704,281.5472947615708
