xmin,ymin,xmax,ymax
138.34507300498694,97.1969083038345,248.9918347178566,153.25971463564923
