xmin,ymin,xmax,ymax
136.61398383859705,127.83187166877417,247.15753425997514,183.842382618812
