xmin,ymin,xmax,ymax
88.23681078971572,91.52911155562032,132.54549079386243,154.68929709453795
