xmin,ymin,xmax,ymax
153.86150544835084,177.60886225160414,225.89162409427888,34.62341522233669
