xmin,ymin,xmax,ymax
36.012687082472894,94.91001211712376,102.81122600853519,128.73523801582877
