xmin,ymin,xmax,ymax
75.901027539756,1.5859510053875283,170.75813297074927,113.978956870155
