xmin,ymin,xmax,ymax
77.51858904468702,87.02035133318748,172.40178160253038,199.4442669604628
