xmin,ymin,xmax,ymax
75.901027539756,113.978956870155,170.75813297074927,1.5859510053875283
