xmin,ymin,xmax,ymax
155.42464529062613,126.33486237794546,279.18178985504915,188.04308680804382
