xmin,ymin,xmax,ymax
535.8157254588895,526.427937792897,1003.541898765336,935.6060080211837
