xmin,ymin,xmax,ymax
541.0485618468618,550.5085694020804,811.7555016744396,810.6094319119413
