xmin,ymin,xmax,ymax
38.240178535984796,228.5164066608067,363.12399863888254,382.5196230840275
