xmin,ymin,xmax,ymax
320.5752137572997,574.2862460534453,515.8947093793649,474.49739348013645
