xmin,ymin,xmax,ymax
53.173134879931695,609.1118167955281,514.0933340424847,426.1532157562255
