xmin,ymin,xmax,ymax
424.04660014218143,520.9537619855965,509.77662785142957,488.54762453359956
