xmin,ymin,xmax,ymax
271.66949797625557,668.4511415951202,542.7464904388942,423.1789264015015
