xmin,ymin,xmax,ymax
269.5510187785121,565.2986276354762,513.7006300287449,473.56616644032965
