xmin,ymin,xmax,ymax
44.89586730963765,598.0544752203713,511.0932420001013,440.028739618674
