xmin,ymin,xmax,ymax
82.08423804272559,206.12859125018713,239.80586579550652,243.69855543638124
