xmin,ymin,xmax,ymax
85.21543854781666,219.61147728865558,234.30516555953298,244.43185800160632
