xmin,ymin,xmax,ymax
380.33672029900845,444.3216617530864,736.2014592779401,335.72811925945564
