xmin,ymin,xmax,ymax
443.34572540430554,586.8836174570392,884.9675868167353,379.8299935892231
