xmin,ymin,xmax,ymax
449.205712511331,564.5333983965625,706.1704992971505,407.80626495416095
