xmin,ymin,xmax,ymax
97.30827192926517,68.84687760889062,183.11756454807323,138.1021684270263
