xmin,ymin,xmax,ymax
177.16305282012854,205.15660158191912,324.25244696988784,153.22026072403713
