xmin,ymin,xmax,ymax
147.76995217057743,208.45286902074722,282.4921562337461,153.64798179570042
