xmin,ymin,xmax,ymax
205.29494008935444,196.29994010787138,306.74123846204134,155.72636386668884
