xmin,ymin,xmax,ymax
57.42303936905887,99.66602490652713,99.93374991301891,51.60024015397107
