xmin,ymin,xmax,ymax
103.89923724683126,60.557730359366815,141.31305711939956,116.82504749176178
