xmin,ymin,xmax,ymax
18.248037236893197,34.66250710544614,96.60446104389723,108.79731164901841
