xmin,ymin,xmax,ymax
97.30251495006621,119.4055715282143,148.95672228192564,57.298517339182126
