xmin,ymin,xmax,ymax
24.677116991202524,24.539565646474102,100.92540406547698,106.1552632398716
