xmin,ymin,xmax,ymax
368.01096828713344,303.3947356041539,605.5197549061772,427.72302649007844
