xmin,ymin,xmax,ymax
351.8865006645674,266.78024543531893,692.3494558431005,424.9241204143119
