xmin,ymin,xmax,ymax
125.82797902343509,279.5059698413974,207.70087874436308,156.03104803650172
