xmin,ymin,xmax,ymax
38.272779044261824,73.33761444834033,101.3903997331231,123.01769889005516
