xmin,ymin,xmax,ymax
111.52282098409961,357.7759703842831,219.8187385450549,189.67911781546064
