xmin,ymin,xmax,ymax
163.43355107425964,155.8318759417886,284.47500974526247,257.6560247121327
