xmin,ymin,xmax,ymax
88.35386201279834,104.48354790061842,156.57002146065633,20.226872884172224
