xmin,ymin,xmax,ymax
377.8529729884001,36.25774313117637,522.6529264341661,434.8590106202747
