xmin,ymin,xmax,ymax
35.87472433369339,115.02547297269905,204.01740905501697,278.12649409726373
