xmin,ymin,xmax,ymax
32.31396171490769,141.52055877606034,203.38903605848122,298.95767650623026
