xmin,ymin,xmax,ymax
33.05553347695013,113.87505245915307,204.2149379078844,271.3897775552292
