xmin,ymin,xmax,ymax
136.24034424677666,37.61952709457728,320.3300174815366,298.2948428162499
