xmin,ymin,xmax,ymax
135.33477449170903,519.4517427054957,311.3225205356319,261.04004947237286
