xmin,ymin,xmax,ymax
132.50593469141347,517.4780812672652,316.56353733242685,256.8481782621418
