xmin,ymin,xmax,ymax
200.5053944848476,164.41151618897788,299.62656148892114,287.2185452726767
