xmin,ymin,xmax,ymax
132.8462333364937,256.75155386998927,320.15938551944737,517.6171956445614
