xmin,ymin,xmax,ymax
132.8462333364937,517.6171956445614,320.15938551944737,256.75155386998927
