xmin,ymin,xmax,ymax
132.50593469141347,256.8481782621418,316.56353733242685,517.4780812672652
