xmin,ymin,xmax,ymax
139.0696769502216,35.6455217613202,315.0880874786686,294.1022412053362
