xmin,ymin,xmax,ymax
152.1830484007968,487.04909068227676,309.3918535249908,264.14331499315244
