xmin,ymin,xmax,ymax
153.88881053317556,261.47131856264673,319.7962090091956,502.94741478728884
