xmin,ymin,xmax,ymax
25.516903142905903,82.40412155662204,100.03791438134567,117.75628777143879
