xmin,ymin,xmax,ymax
128.20760039301726,89.28996503208168,226.0950301002958,190.48510831370186
