xmin,ymin,xmax,ymax
128.20760039301726,190.48510831370186,226.0950301002958,89.28996503208168
