xmin,ymin,xmax,ymax
392.4086582153543,417.076949570551,689.6080599371946,714.750599148985
