xmin,ymin,xmax,ymax
389.6575244577473,430.19472304394947,691.474087546121,759.0064281766198
