xmin,ymin,xmax,ymax
133.84442234643052,82.62250698593829,255.95677244851765,174.41496550369956
