xmin,ymin,xmax,ymax
331.1100173730208,295.7746050321324,524.2876583639245,365.0209132766566
