xmin,ymin,xmax,ymax
296.71532142390646,281.0692801990182,422.65326154441476,369.5005855575781
