xmin,ymin,xmax,ymax
20.636637376926956,176.33316113712283,382.0826984650546,533.3480169190387
