xmin,ymin,xmax,ymax
315.93570008969255,506.4980286725613,547.1728664343761,662.2065381796235
