xmin,ymin,xmax,ymax
136.51904553977192,489.64312976999975,533.6421704209422,715.2586438413714
