xmin,ymin,xmax,ymax
414.68633085731267,480.2363176037849,531.2379459097308,578.4314001446972
