xmin,ymin,xmax,ymax
115.25997815835899,321.15260874312014,219.20644145623157,169.84128120931075
