xmin,ymin,xmax,ymax
18.869960954517865,128.46092035246465,109.60045826880696,57.232438768565544
