xmin,ymin,xmax,ymax
64.66151237382269,119.62182812871765,103.45613034139251,93.40337973542682
