xmin,ymin,xmax,ymax
18.869960954517865,57.232438768565544,109.60045826880696,128.46092035246465
