xmin,ymin,xmax,ymax
28.889268923677946,53.28627939750078,104.16833213373727,107.03188647247259
