xmin,ymin,xmax,ymax
204.0983365158877,133.20150542645644,393.64349126383263,261.90003228984165
