xmin,ymin,xmax,ymax
189.600786484732,65.54514087839448,326.6941360110498,219.22431240689298
