xmin,ymin,xmax,ymax
30.32344421982043,118.04641133608288,231.71143312068853,259.1127276590108
