xmin,ymin,xmax,ymax
291.99291773903184,281.13257835270605,582.1023366731287,504.08311058684916
