xmin,ymin,xmax,ymax
293.9223790616477,278.9892287600208,585.940590063104,503.60545629927566
