xmin,ymin,xmax,ymax
303.92167557948693,292.7564080555075,494.7129124061601,453.0800792723309
