xmin,ymin,xmax,ymax
158.6270220339718,360.1801904045514,385.1741546961691,415.3041635889472
