xmin,ymin,xmax,ymax
78.29756160337502,342.00515344973417,380.93905031917393,414.42332465943315
