xmin,ymin,xmax,ymax
257.3530140984051,354.9706197630349,386.23248568982103,413.6497721295102
