xmin,ymin,xmax,ymax
125.62432436885206,314.4476879758093,397.28163305493945,468.22842195211524
