xmin,ymin,xmax,ymax
203.41728671617716,264.4730141141628,397.9602189609925,39.65736360330277
