xmin,ymin,xmax,ymax
139.65636251676904,100.30453058961677,247.95907200649614,161.56872000358965
