xmin,ymin,xmax,ymax
150.69883379503085,115.37932664519997,208.16133592107826,171.90199554429284
