xmin,ymin,xmax,ymax
208.84526403120907,264.765254480101,364.5651860624392,65.46017749877751
