xmin,ymin,xmax,ymax
211.11008844428295,276.5293128307933,415.471114957487,44.21261776966571
