xmin,ymin,xmax,ymax
254.71227998443203,235.10529074788383,402.5854858033369,416.79321571917967
