xmin,ymin,xmax,ymax
207.89268541023836,221.27886285575573,412.3728692280981,453.73101540445987
