xmin,ymin,xmax,ymax
208.84526403120907,65.46017749877751,364.5651860624392,264.765254480101
