xmin,ymin,xmax,ymax
214.41675586181685,102.80352685914431,318.16056397195257,261.0390534885569
