xmin,ymin,xmax,ymax
223.41135437383468,77.08923544956974,364.635895403865,263.2990216389878
