xmin,ymin,xmax,ymax
257.9023997062731,262.7109420513393,405.68943496181475,81.12889258848577
