xmin,ymin,xmax,ymax
257.9023997062731,81.12889258848577,405.68943496181475,262.7109420513393
