xmin,ymin,xmax,ymax
205.62654044022077,233.04978050593763,361.4372584833277,432.47106680653565
