xmin,ymin,xmax,ymax
221.10583558023103,179.63273760057223,268.8138648447848,245.93715508846253
