xmin,ymin,xmax,ymax
202.67376335445056,215.11616272627742,397.32095353270097,440.0522946900264
