xmin,ymin,xmax,ymax
74.3138383432713,105.67493082409861,150.44834938121016,219.31835613267037
