xmin,ymin,xmax,ymax
209.42422627473456,218.0802519241796,289.884884600418,186.41613878931352
