xmin,ymin,xmax,ymax
213.03197529468616,212.41950093879325,297.85463079416445,182.17000796559998
