xmin,ymin,xmax,ymax
200.72544576490236,252.15640317517344,323.3852197133308,175.44000704651623
