xmin,ymin,xmax,ymax
200.18142856548025,206.9121950563533,282.41282699272415,188.15172853711894
