xmin,ymin,xmax,ymax
208.74390427652656,216.05580585841375,328.95635267567127,187.58559237965008
