xmin,ymin,xmax,ymax
76.77767394897137,31.076716998216398,118.90444345420838,103.5414945732253
