xmin,ymin,xmax,ymax
142.13118793758053,161.13523685114956,182.6174743538296,124.32499410449645
