xmin,ymin,xmax,ymax
110.09037572666614,200.93023868778891,175.6938078397228,119.21639731653272
