xmin,ymin,xmax,ymax
26.43858458170007,272.1377590258626,372.68092790151627,486.08119945791384
