xmin,ymin,xmax,ymax
72.17696598446665,98.4247027959475,124.11389211602564,180.34037796762755
