xmin,ymin,xmax,ymax
43.51578546669221,90.58482822679775,125.6440447999288,187.4042967802177
