xmin,ymin,xmax,ymax
24.15440117731214,83.48979418956017,116.90874479177148,178.4626022279115
