xmin,ymin,xmax,ymax
109.37762965500019,224.22541103224484,327.56535002597775,351.10187797959213
