xmin,ymin,xmax,ymax
201.39463614304077,258.7873858150607,326.8263066013367,342.30019965643595
