xmin,ymin,xmax,ymax
50.19926388399267,188.83886653547313,328.11896082603334,337.80527890039326
