xmin,ymin,xmax,ymax
41.82376410726533,728.2093124875596,421.273014898753,471.45035785080347
