xmin,ymin,xmax,ymax
118.55125755478662,728.8793041673424,432.7555725631264,542.792422886003
