xmin,ymin,xmax,ymax
29.27063225546408,898.4471535414698,431.0264030239957,572.3245079373248
