xmin,ymin,xmax,ymax
453.85817307874527,555.9835164294973,670.226762730874,406.6669030349465
