xmin,ymin,xmax,ymax
57.42303936905887,51.60024015397107,99.93374991301891,99.66602490652713
