xmin,ymin,xmax,ymax
106.62250694124555,324.76977628207857,420.7856787070807,443.3353306945126
