xmin,ymin,xmax,ymax
29.075667334009722,325.4578600480144,414.3632772242727,449.1806153480823
