xmin,ymin,xmax,ymax
98.62883917386375,77.2322205939945,154.11495780938685,106.21100765634617
