xmin,ymin,xmax,ymax
72.82395560977852,144.54253167298333,127.00142062995587,89.0757878952582
