xmin,ymin,xmax,ymax
17.21224758798526,171.09445523976444,196.18569290564324,236.7423327806265
