xmin,ymin,xmax,ymax
17.21224758798526,236.7423327806265,196.18569290564324,171.09445523976444
