xmin,ymin,xmax,ymax
18.263661511562404,179.08625932014542,197.34556148726932,244.77391828275807
