xmin,ymin,xmax,ymax
112.10906796179964,195.35668014722427,224.71157237518278,233.98202753273227
