xmin,ymin,xmax,ymax
352.3146025742776,120.52139517036682,448.39948167587704,384.1201242169983
