xmin,ymin,xmax,ymax
276.6530940100065,414.4051544874496,455.2251123628323,797.5475866055948
