xmin,ymin,xmax,ymax
378.3377964165943,442.0759824646242,440.65654370660604,267.8079753863958
