xmin,ymin,xmax,ymax
385.9018479534252,430.646929708094,431.3387076650556,511.2285643327922
