xmin,ymin,xmax,ymax
378.3377964165943,267.8079753863958,440.65654370660604,442.0759824646242
