xmin,ymin,xmax,ymax
387.27510793261877,374.99736599029256,435.48023229785167,277.4783484414844
