xmin,ymin,xmax,ymax
391.5888386665906,375.0855941515641,435.24498747678103,282.4623881323821
