xmin,ymin,xmax,ymax
386.4656129524976,301.38185451111497,431.88672992319835,381.935569605158
