xmin,ymin,xmax,ymax
352.8204973217264,367.2304410996006,464.15510188776057,652.5567653272832
