xmin,ymin,xmax,ymax
341.5791377137152,235.85833763289455,465.3015149548223,425.42402090246924
