xmin,ymin,xmax,ymax
164.68798028830633,265.03540826849644,253.4273631849046,199.96283926922143
