xmin,ymin,xmax,ymax
148.04269101348586,147.98256236932957,282.6783357708696,202.752237336495
