xmin,ymin,xmax,ymax
205.53071900383702,160.12768299924818,306.91183791169374,200.67519063045606
