xmin,ymin,xmax,ymax
220.57223148527783,199.22503959432441,372.11043104914734,264.243044525065
