xmin,ymin,xmax,ymax
222.0618136646608,270.21127614576835,415.8014052151957,178.80272398424867
