xmin,ymin,xmax,ymax
222.0618136646608,178.80272398424867,415.8014052151957,270.21127614576835
