xmin,ymin,xmax,ymax
351.04292767661855,376.88304357449306,444.4058086095565,618.7452069918822
