xmin,ymin,xmax,ymax
66.59266919593483,105.21941281066893,101.13586289622322,78.71242275186421
