xmin,ymin,xmax,ymax
115.25997815835899,169.84128120931075,219.20644145623157,321.15260874312014
