xmin,ymin,xmax,ymax
438.33726520862,513.1834506359525,880.3572859428361,257.43253462274106
