xmin,ymin,xmax,ymax
72.85778250514733,99.64603710793676,125.9361840393116,188.72454173479036
