xmin,ymin,xmax,ymax
375.31934396796896,479.07754532330864,518.4192382265533,563.3684410071644
