xmin,ymin,xmax,ymax
320.5752137572997,474.49739348013645,515.8947093793649,574.2862460534453
