xmin,ymin,xmax,ymax
53.173134879931695,426.1532157562255,514.0933340424847,609.1118167955281
