xmin,ymin,xmax,ymax
44.89586730963765,440.028739618674,511.0932420001013,598.0544752203713
