xmin,ymin,xmax,ymax
35.06848949208643,459.0287235562486,513.919552687968,590.9457621387016
