xmin,ymin,xmax,ymax
271.66949797625557,423.1789264015015,542.7464904388942,668.4511415951202
