xmin,ymin,xmax,ymax
269.5510187785121,473.56616644032965,513.7006300287449,565.2986276354762
