xmin,ymin,xmax,ymax
462.88043368531817,968.938213516861,578.4211007380447,538.7666395457571
