xmin,ymin,xmax,ymax
454.6709011139819,1010.2237435961205,598.858405955383,537.0518317136276
