xmin,ymin,xmax,ymax
429.97914873959235,1025.653761332667,607.0757450087187,527.4312450189492
