xmin,ymin,xmax,ymax
463.0162313185226,1019.4822046432984,577.2629171989456,560.5461221070617
