xmin,ymin,xmax,ymax
80.64380237699078,31.60746404438828,193.4250614676858,179.58237353352683
