xmin,ymin,xmax,ymax
149.42930624371138,56.58668816612692,176.42412983776558,159.32488260054402
