xmin,ymin,xmax,ymax
120.06379813309854,35.980006836111556,170.96283171564642,161.9481503251568
