xmin,ymin,xmax,ymax
45.70216607123825,55.603983026481544,228.58904213681785,232.22490401180505
