xmin,ymin,xmax,ymax
163.94366574499853,194.34720431977303,273.5006847092206,30.915047423914984
