xmin,ymin,xmax,ymax
166.74220427651966,192.73608816503042,267.71238473796245,46.094463498736104
