xmin,ymin,xmax,ymax
171.2291601388647,225.36516635285466,275.2128052152907,138.12950979103675
