xmin,ymin,xmax,ymax
387.942917361755,438.80774981069493,710.9123819095637,318.58027918005746
