xmin,ymin,xmax,ymax
148.50295477811926,181.89567685473497,245.36630554013175,38.101136596019614
