xmin,ymin,xmax,ymax
22.008561867511503,129.09014035630878,103.14346619063724,86.34144165181027
