xmin,ymin,xmax,ymax
232.46143620733747,281.52658674312624,393.5383525301842,556.0147327696817
