xmin,ymin,xmax,ymax
188.4159517105768,-57.34892160547733,269.26885270941307,89.98293235468344
