xmin,ymin,xmax,ymax
184.03626906600016,181.76986562522865,296.1320301867197,228.84167942716607
