xmin,ymin,xmax,ymax
161.59810549638405,168.815920882225,280.9661738283371,218.98536865760178
