xmin,ymin,xmax,ymax
94.1184968557452,105.22556114322049,146.08929447449577,62.26478242239955
