xmin,ymin,xmax,ymax
150.63970444454003,33.741563808358364,186.94758955243083,162.98549808137852
