xmin,ymin,xmax,ymax
134.93464909233603,158.2665365314988,182.02215352828821,283.33764275318026
