xmin,ymin,xmax,ymax
373.0281152843993,393.7955452326805,742.1823079499736,517.2355499714944
