xmin,ymin,xmax,ymax
372.3084465595135,428.7395770606354,741.6154672250944,552.2306853475595
