xmin,ymin,xmax,ymax
409.15546516531083,402.98463758359003,853.7320971057212,543.3855060021533
