xmin,ymin,xmax,ymax
335.9272473433524,332.69526157322696,724.3628277768106,479.01673067537064
