xmin,ymin,xmax,ymax
414.5962286297281,520.1668882586139,846.6861950610123,376.24254664280966
