xmin,ymin,xmax,ymax
296.82542597699546,547.2110513787841,653.1112273201543,421.7464272215451
