xmin,ymin,xmax,ymax
373.0281152843993,517.2355499714944,742.1823079499736,393.7955452326805
