xmin,ymin,xmax,ymax
210.08288378944383,48.5958323010027,357.2827140772054,247.8151301520926
