xmin,ymin,xmax,ymax
211.29162990219885,212.78168112905934,358.4422383796114,411.9343625005139
