xmin,ymin,xmax,ymax
199.73410603021728,236.8375076874005,289.41409655815283,97.86938199771646
