xmin,ymin,xmax,ymax
200.9463126468005,223.75563281199862,290.59631529039365,362.6772892719704
