xmin,ymin,xmax,ymax
199.73410603021728,97.86938199771646,289.41409655815283,236.8375076874005
