xmin,ymin,xmax,ymax
91.78006400134473,106.69686382717174,123.77231953074329,57.45760967122828
