xmin,ymin,xmax,ymax
106.20822481996879,157.16833738541487,202.82357503380695,66.08314516472842
