xmin,ymin,xmax,ymax
96.70250570197845,112.43641299276237,178.4735637704614,66.07070826123629
