xmin,ymin,xmax,ymax
116.1443888156034,131.7752823045153,195.37657717707225,250.35861296992417
