xmin,ymin,xmax,ymax
184.24334205375013,282.70567463617664,301.64869281280903,322.67136226434116
