xmin,ymin,xmax,ymax
97.33138846879581,294.53617194805884,186.8411695960943,159.37556538232775
