xmin,ymin,xmax,ymax
36.490201526232866,254.13036383091537,292.4071997200392,316.9620859868918
