xmin,ymin,xmax,ymax
137.38038691710062,722.4221626743271,470.4561066140668,325.415037256837
