xmin,ymin,xmax,ymax
137.38038691710062,325.415037256837,470.4561066140668,722.4221626743271
