xmin,ymin,xmax,ymax
138.4560692393029,125.79243660878757,240.26931427076602,229.64879140225975
