xmin,ymin,xmax,ymax
239.8971280040355,76.24979941742932,474.9939715400517,303.50242063730485
