xmin,ymin,xmax,ymax
230.96477905322263,297.1332744616647,451.2203874940258,148.2504708356738
