xmin,ymin,xmax,ymax
100.41525935595746,85.44663458448542,191.73639637631982,119.27067281188607
