xmin,ymin,xmax,ymax
101.3028667885917,77.56992425067244,192.64911849145165,111.40326459594633
