xmin,ymin,xmax,ymax
132.73865578546406,140.2967139861516,202.84751587253527,85.72659129040346
