xmin,ymin,xmax,ymax
132.73865578546406,85.72659129040346,202.84751587253527,140.2967139861516
