xmin,ymin,xmax,ymax
148.50283777744107,145.83883604849427,264.12824539808753,205.36687425721001
