xmin,ymin,xmax,ymax
41.46209295430252,202.52994326165555,195.15790156415778,177.72543148351025
