xmin,ymin,xmax,ymax
40.7231741793988,170.4640903745826,194.44561683263575,195.27290054218128
