xmin,ymin,xmax,ymax
153.15566127436432,197.0216604459912,317.86422786742105,313.28245593290416
