xmin,ymin,xmax,ymax
177.16762781089938,202.36890443819811,316.4801019221786,297.0852494296199
