xmin,ymin,xmax,ymax
363.49081046580136,294.6326305077765,695.9841366184614,434.66079782422486
