xmin,ymin,xmax,ymax
367.47387082069827,308.56710393233936,658.7612443937812,425.5821533009979
