xmin,ymin,xmax,ymax
360.4313664570493,281.8564565176631,628.4437484012662,424.33278140912086
