xmin,ymin,xmax,ymax
343.01519696162563,310.8743961109425,611.5529021046086,462.859285661743
