xmin,ymin,xmax,ymax
342.10352146054083,255.18045859908977,610.5707444224454,407.1254571911858
