xmin,ymin,xmax,ymax
219.13273191613052,157.06369653136832,420.5631479726942,265.35867209906337
