xmin,ymin,xmax,ymax
72.39852687656526,529.24206759738,339.30956941934164,303.0504225275371
