xmin,ymin,xmax,ymax
155.55625298397945,397.09506497222833,330.0199937971595,280.445718252498
