xmin,ymin,xmax,ymax
30.67948956816727,268.37656182451076,273.9215868728827,303.08540221519314
