xmin,ymin,xmax,ymax
159.07892977999322,303.4696170103353,284.9349651376708,250.28723513596114
