xmin,ymin,xmax,ymax
58.65837626007372,300.3947337105686,275.24758688017346,252.43213694719478
