xmin,ymin,xmax,ymax
31.582393976010422,283.42508673309925,274.63323254434073,248.7435375433565
