xmin,ymin,xmax,ymax
31.582393976010422,248.7435375433565,274.63323254434073,283.42508673309925
