xmin,ymin,xmax,ymax
57.77677816900173,251.39356128999583,274.5364246492773,299.39390022165315
