xmin,ymin,xmax,ymax
40.797157841016,252.07895380162503,274.0344349864788,299.8720621453333
