xmin,ymin,xmax,ymax
125.04684272030295,71.22192230194094,197.76412407000248,180.99760132266687
