xmin,ymin,xmax,ymax
89.37374542978705,41.351949577655546,133.69461098556508,104.52950511499921
