xmin,ymin,xmax,ymax
146.21154930475427,410.74699303433067,274.3369853657475,212.4936406748102
