xmin,ymin,xmax,ymax
259.07064009438216,481.9399302933621,465.4176329327952,260.34311206648226
