xmin,ymin,xmax,ymax
89.23722300773443,77.34243645243464,181.36685949743355,129.77997959147257
