xmin,ymin,xmax,ymax
125.6371017851925,165.06532045438274,187.37675255964382,35.898897185094484
