xmin,ymin,xmax,ymax
278.0358207545621,300.8804005042093,338.50356526846736,571.5156602420066
