xmin,ymin,xmax,ymax
221.94345296966026,482.8448097717487,358.9908995050939,262.30132216672007
