xmin,ymin,xmax,ymax
248.74602809904945,288.0265397564936,341.45756416232757,451.39246877408095
