xmin,ymin,xmax,ymax
204.15738801016983,564.0162015443484,435.91317862479013,274.9251505844256
