xmin,ymin,xmax,ymax
178.64939205599785,228.82792959546072,360.62437964833975,80.98596224678965
