xmin,ymin,xmax,ymax
249.60737940546778,142.35505216186567,465.2369832010361,349.16038961030426
