xmin,ymin,xmax,ymax
27.566365950958016,197.7397761736912,326.4380672785751,466.2428261698839
