xmin,ymin,xmax,ymax
39.8144457235328,471.83711707872,326.295537576171,247.8523014688269
