xmin,ymin,xmax,ymax
56.13347384100507,510.03629400237696,332.8950651248606,257.9042073013033
