xmin,ymin,xmax,ymax
80.28051133691474,461.40263142138133,321.2518239195747,261.4917641926671
