xmin,ymin,xmax,ymax
138.38625301666207,492.0049545087776,324.84371248618277,292.0482655787854
