xmin,ymin,xmax,ymax
136.2686864773384,432.07100941415854,319.5602669635887,274.21224050877385
