xmin,ymin,xmax,ymax
243.51420729828737,327.2945834256669,307.8285020701619,275.01000171081097
