xmin,ymin,xmax,ymax
114.93946325590537,485.7817618919953,321.2581705930256,282.9662444439114
