xmin,ymin,xmax,ymax
117.22404204516124,466.56688553853553,322.80584556236727,280.8559310181792
