xmin,ymin,xmax,ymax
39.034728675421775,111.82246395647897,200.06137287915885,209.7237368303927
