xmin,ymin,xmax,ymax
80.62432620545474,206.65382351479,196.4448684014153,140.16786058087214
