xmin,ymin,xmax,ymax
64.75612762242326,119.69834314150367,197.57082682155374,209.8729434422768
