xmin,ymin,xmax,ymax
275.04127753506316,274.2009898582479,416.6838359213515,322.885069032904
