xmin,ymin,xmax,ymax
276.1927528305656,263.2805712712368,409.8046113833892,331.7080088476323
