xmin,ymin,xmax,ymax
467.1972804422541,467.5590784447485,589.8388893606614,583.1174244730123
