xmin,ymin,xmax,ymax
471.82238090396527,462.6908713918782,668.1837594459253,650.2264780171967
