xmin,ymin,xmax,ymax
179.41407854252407,106.11465886970814,354.05030924642597,252.76272804415646
