xmin,ymin,xmax,ymax
165.51413868393774,91.21321962380819,224.22909919156882,152.0803212248029
