xmin,ymin,xmax,ymax
446.316024375677,470.32829419693115,708.1863174631528,398.1958651983718
