xmin,ymin,xmax,ymax
459.43795140913267,479.95400861242075,772.5963035139664,431.1454690098257
