xmin,ymin,xmax,ymax
446.2270318930771,464.3710358831816,563.3976337189397,420.00786662131475
