xmin,ymin,xmax,ymax
447.8921952851822,475.5252372856487,852.0966908885023,368.998797749833
