xmin,ymin,xmax,ymax
456.765288274843,467.38607305046753,625.0806917979485,417.27951672423785
