xmin,ymin,xmax,ymax
241.4051367258037,165.64805531124838,294.8266211394514,187.06402885086945
