xmin,ymin,xmax,ymax
373.80933581129705,343.0994316452028,629.2762595661769,547.2903666587049
