xmin,ymin,xmax,ymax
329.7764538863164,444.19714569244553,499.80129176213563,334.4078234821984
