xmin,ymin,xmax,ymax
373.72465539581435,557.1620131423185,661.7982859112901,325.11122732016815
