xmin,ymin,xmax,ymax
330.3142933570956,464.6948623949217,500.73920593182174,344.2477250962106
