xmin,ymin,xmax,ymax
312.68636076147936,354.9598300090321,593.3438467539161,258.7121986441797
