xmin,ymin,xmax,ymax
301.6688971843805,251.1285366841139,588.5660455534312,398.4049891976481
