xmin,ymin,xmax,ymax
20.679941883229276,63.47157406618885,106.97503029797042,127.63553753080157
