xmin,ymin,xmax,ymax
44.3606472654717,308.6879165579421,249.60232297365155,151.43932236537665
