xmin,ymin,xmax,ymax
29.89104555288577,306.8713453981731,247.08203474513675,177.21690358885405
