xmin,ymin,xmax,ymax
65.45005283491446,101.15457377295365,318.44807247245626,327.6533929264926
