xmin,ymin,xmax,ymax
178.6317767556195,166.5253951526875,301.8531405207368,289.63262068256796
