xmin,ymin,xmax,ymax
196.94735939441898,254.45738432243604,361.7408506174402,134.6193228394244
