xmin,ymin,xmax,ymax
116.1315220138543,29.352335837911625,220.2264302800428,180.87974965795885
