xmin,ymin,xmax,ymax
39.597591540941266,137.70872678337213,185.2848920168634,263.7237456359823
