xmin,ymin,xmax,ymax
67.14118784911307,148.17009242283729,153.5090498843939,196.75508901486182
