xmin,ymin,xmax,ymax
56.51249476310852,147.15266586618492,197.36144564651943,274.2158434334943
