xmin,ymin,xmax,ymax
455.54116942242194,40.882393243060335,784.7832482562351,547.8300108809292
