xmin,ymin,xmax,ymax
455.54116942242194,547.8300108809292,784.7832482562351,40.882393243060335
