xmin,ymin,xmax,ymax
206.15967703901333,253.3387913895442,287.8523946392306,470.57630996335
