xmin,ymin,xmax,ymax
29.15968822139334,280.22571676143133,300.88052646141887,351.0240825769014
