xmin,ymin,xmax,ymax
124.06566307746427,325.7080187306709,297.15661510896496,284.31979703866944
