xmin,ymin,xmax,ymax
76.34880982383106,270.06789958442505,307.2092457048851,319.4958124185923
