xmin,ymin,xmax,ymax
124.06566307746427,284.31979703866944,297.15661510896496,325.7080187306709
