xmin,ymin,xmax,ymax
158.31315052898097,278.02360327182146,302.7624148270512,319.97331774769634
