xmin,ymin,xmax,ymax
123.90536582427787,321.9605021390656,299.6161042361974,290.8205665859351
