xmin,ymin,xmax,ymax
115.28760886106762,317.28990074231035,306.68871320476694,279.0168958449078
