xmin,ymin,xmax,ymax
88.34672466320497,280.2132130930983,307.3913754931077,321.90650178141937
