xmin,ymin,xmax,ymax
140.99236474860402,278.9127205646215,307.39011453173225,325.90795001963056
