xmin,ymin,xmax,ymax
140.99236474860402,325.90795001963056,307.39011453173225,278.9127205646215
