xmin,ymin,xmax,ymax
29.5722691268476,253.0246407577392,301.1886250267486,323.7957831221655
