xmin,ymin,xmax,ymax
75.9542223945751,284.5273415296138,306.90346308454104,333.9742677401415
