xmin,ymin,xmax,ymax
180.65776381869216,320.91316956470007,298.8765599552929,283.0535056774072
