xmin,ymin,xmax,ymax
158.31315052898097,319.97331774769634,302.7624148270512,278.02360327182146
