xmin,ymin,xmax,ymax
29.5722691268476,323.7957831221655,301.1886250267486,253.0246407577392
