xmin,ymin,xmax,ymax
180.30330079053576,283.1094391704207,298.5675720106459,320.9836664895296
