xmin,ymin,xmax,ymax
179.0550726411277,260.47019168344934,320.2649402348593,159.87203266405865
