xmin,ymin,xmax,ymax
180.00636732330304,117.1948744654775,321.40788840393066,217.92956776735087
