xmin,ymin,xmax,ymax
96.47717185294982,78.19391775319559,130.064810394932,105.86583320658383
