xmin,ymin,xmax,ymax
31.32528188301353,182.83179743587468,248.63228535546227,312.55549518807106
