xmin,ymin,xmax,ymax
268.05007854430926,142.21401472587644,415.501451737878,302.4270634560202
