xmin,ymin,xmax,ymax
96.44870284640172,112.6776341773027,187.66727932153503,60.23337108611716
