xmin,ymin,xmax,ymax
158.88509253570996,293.4975720794292,288.71923571258856,269.6440016700908
