xmin,ymin,xmax,ymax
37.28087805070882,247.0306099543238,281.3790492886726,311.21141708729164
