xmin,ymin,xmax,ymax
33.3569401888993,258.98668552684404,285.64351844760364,321.3548798387099
