xmin,ymin,xmax,ymax
158.88509253570996,269.6440016700908,288.71923571258856,293.4975720794292
