xmin,ymin,xmax,ymax
30.16188376419632,546.6637001429262,489.5290706394276,434.33724123443096
