xmin,ymin,xmax,ymax
213.99884621853676,280.94809324417156,394.57808277951904,139.60169517554098
