xmin,ymin,xmax,ymax
214.90655621853648,279.6501195441716,395.48579277951853,138.303721475541
