xmin,ymin,xmax,ymax
214.0039662185368,280.27829334417163,394.58320277951907,138.93189527554102
