xmin,ymin,xmax,ymax
214.11554621853656,281.1630590441716,394.69478277951885,139.81666097554103
