xmin,ymin,xmax,ymax
213.57818621853698,280.38901114417155,394.15742277951927,139.04261307554097
