xmin,ymin,xmax,ymax
213.16070621853692,280.35544184417165,393.7399427795192,139.00904377554104
