xmin,ymin,xmax,ymax
214.15460621853663,279.4407689441716,394.7338427795189,138.09437087554102
