xmin,ymin,xmax,ymax
214.93805621853653,279.7685277441716,395.5172927795188,138.422129675541
