xmin,ymin,xmax,ymax
213.4036262185366,280.56943104417167,393.9828627795189,139.22303297554103
