xmin,ymin,xmax,ymax
213.6187162185363,280.6514623441716,394.19795277951835,139.305064275541
