xmin,ymin,xmax,ymax
213.99176621853667,279.4141576441716,394.57100277951895,138.067759575541
