xmin,ymin,xmax,ymax
214.62726621853653,280.33090574417156,395.2065027795186,138.984507675541
