xmin,ymin,xmax,ymax
214.39410621853676,280.4491918441716,394.97334277951904,139.10279377554102
