xmin,ymin,xmax,ymax
214.94342621853684,280.5859105441716,395.5226627795191,139.239512475541
