xmin,ymin,xmax,ymax
213.7664262185367,281.0203588441716,394.345662779519,139.673960775541
