xmin,ymin,xmax,ymax
214.44342621853707,279.50485584417163,395.02266277951935,138.15845777554102
