xmin,ymin,xmax,ymax
213.45758621853656,280.6392553441716,394.0368227795186,139.292857275541
