xmin,ymin,xmax,ymax
213.13165621853682,279.8182103441716,393.7108927795191,138.47181227554097
