xmin,ymin,xmax,ymax
213.81476621853653,279.9823949441716,394.3940027795186,138.63599687554097
