xmin,ymin,xmax,ymax
213.9426862185369,280.37240964417157,394.5219227795192,139.02601157554096
