xmin,ymin,xmax,ymax
214.49542621853675,281.30417234417166,395.07466277951903,139.95777427554103
