xmin,ymin,xmax,ymax
214.58526621853684,280.09921624417166,395.1645027795191,138.75281817554102
