xmin,ymin,xmax,ymax
213.63556621853672,280.34433344417164,394.214802779519,138.99793537554103
