xmin,ymin,xmax,ymax
214.19000621853684,280.56955314417155,394.7692427795191,139.223155075541
