xmin,ymin,xmax,ymax
147.91215241342206,28.750384340125322,276.0641248041029,227.04479737020148
