xmin,ymin,xmax,ymax
196.56829791455152,216.52822577380275,339.15768837223254,174.18533675706226
