xmin,ymin,xmax,ymax
117.83256365639238,94.2259256747584,221.94331055048553,171.0427513866366
