xmin,ymin,xmax,ymax
170.15504754401638,86.08410842514036,248.71371960622093,155.1242103353029
