xmin,ymin,xmax,ymax
106.72282718172005,110.5977109328262,188.5034212827278,194.58016207972946
