xmin,ymin,xmax,ymax
124.09624139076936,172.70073128234844,224.41035168746782,106.68927191729085
