xmin,ymin,xmax,ymax
124.09624139076936,106.68927191729085,224.41035168746782,172.70073128234844
