xmin,ymin,xmax,ymax
115.49187954855893,190.23541575816398,229.22537595692586,105.45127056486695
