xmin,ymin,xmax,ymax
115.49187954855893,105.45127056486695,229.22537595692586,190.23541575816398
