xmin,ymin,xmax,ymax
166.6396117490649,182.73409494880343,245.03592802513708,113.83667696806629
