xmin,ymin,xmax,ymax
324.01041057309476,394.94686793391924,654.8405160562911,188.10727924766695
