xmin,ymin,xmax,ymax
174.8211997196413,283.34782893429826,316.69783429439235,404.0621622662262
