xmin,ymin,xmax,ymax
117.22404204516124,280.8559310181792,322.80584556236727,466.56688553853553
