xmin,ymin,xmax,ymax
136.2686864773384,274.21224050877385,319.5602669635887,432.07100941415854
