xmin,ymin,xmax,ymax
39.8144457235328,247.8523014688269,326.295537576171,471.83711707872
