xmin,ymin,xmax,ymax
272.23385231714406,-55.23070483300417,397.18114896628435,268.2215904097684
