xmin,ymin,xmax,ymax
288.92983665679594,197.1063407405026,465.04590012883887,438.5389499274195
