xmin,ymin,xmax,ymax
270.8231861513116,762.604920248053,395.6990949270378,439.3374274950304
