xmin,ymin,xmax,ymax
386.7218672303602,391.2894737700095,660.8416818770104,473.0892714598179
