xmin,ymin,xmax,ymax
386.744837598495,343.8198530874242,660.7058034962652,425.5722488937224
