xmin,ymin,xmax,ymax
439.41288136213393,468.432493961335,804.0671797091832,388.05924408866434
