xmin,ymin,xmax,ymax
409.12520724496835,407.4780085073694,785.4316806627917,343.2541222925238
