xmin,ymin,xmax,ymax
439.41288136213393,388.05924408866434,804.0671797091832,468.432493961335
