xmin,ymin,xmax,ymax
396.6857973969263,355.98049275697986,518.6030062195721,410.61334471785494
