xmin,ymin,xmax,ymax
378.48606048446754,388.2642330949679,581.2310147257922,518.873890540312
