xmin,ymin,xmax,ymax
435.3292262312857,396.57624260156774,731.3085666539293,545.8778956056244
