xmin,ymin,xmax,ymax
435.334426187796,270.9140711299199,731.4853821096274,420.3022926007934
