xmin,ymin,xmax,ymax
409.1152135200796,409.3942056051641,785.6398779210674,473.65533027819663
