xmin,ymin,xmax,ymax
442.37153654667554,344.26478886348406,821.6700817376714,443.6757310917535
