xmin,ymin,xmax,ymax
396.6857973969263,410.61334471785494,518.6030062195721,355.98049275697986
