xmin,ymin,xmax,ymax
435.3292262312857,545.8778956056244,731.3085666539293,396.57624260156774
