xmin,ymin,xmax,ymax
71.30608350556037,97.7126204542659,107.60062467881431,172.3772754837587
