xmin,ymin,xmax,ymax
183.82056843116402,155.2683869451085,334.88260099179615,211.75742670821165
