xmin,ymin,xmax,ymax
184.26090432174738,209.43948147050634,335.4612632767312,152.8987151083473
