xmin,ymin,xmax,ymax
103.02140428908478,83.6224109437249,150.83714268963945,110.32046669031416
