xmin,ymin,xmax,ymax
94.59256422037492,91.2823343411651,146.5776545880326,134.25492792054592
