xmin,ymin,xmax,ymax
73.80701048231231,105.28100554606709,114.34129341602556,6.291376805851371
