xmin,ymin,xmax,ymax
31.504491701965662,211.7774397774533,151.58651924942342,108.47413785259232
