xmin,ymin,xmax,ymax
196.7597891992619,390.70818083379345,295.8636881261923,267.92254618395805
