xmin,ymin,xmax,ymax
153.88881053317556,502.94741478728884,319.7962090091956,261.47131856264673
