xmin,ymin,xmax,ymax
459.06736232021,477.919008625531,787.0889893246934,934.1427843814018
