xmin,ymin,xmax,ymax
486.5309003980025,485.11357174144075,752.5629889586309,787.2448680460916
