xmin,ymin,xmax,ymax
313.7032690192566,258.56114608831206,435.72972431601187,354.1766989993782
