xmin,ymin,xmax,ymax
343.7146113843209,289.21268549867267,633.171373705474,359.69177812858015
