xmin,ymin,xmax,ymax
312.51029874121326,288.9311413364736,432.68013955308476,379.8682094317717
