xmin,ymin,xmax,ymax
84.33777323217049,82.87415641657617,174.86586107809984,173.14881060412097
