xmin,ymin,xmax,ymax
100.00000000000023,76.97827347132471,172.19352571772333,123.02172652867523
