xmin,ymin,xmax,ymax
100.58793478303073,119.32714062584549,172.76161165700842,73.29634672727903
