xmin,ymin,xmax,ymax
72.85140960066019,388.91895320371594,341.0111726059656,293.3923022933649
