xmin,ymin,xmax,ymax
69.5617453945692,175.54121666629442,166.81664115659908,153.73093926282843
