xmin,ymin,xmax,ymax
34.16165657099773,186.55299910400794,169.77387952036528,148.24911954070137
