xmin,ymin,xmax,ymax
217.46207865891324,205.69081183183016,378.50096439981746,292.3342171797248
