xmin,ymin,xmax,ymax
211.21133341792427,200.28576682198957,402.77280504816065,318.4014545858171
