xmin,ymin,xmax,ymax
212.71975453820835,126.09315325700021,404.4705621961982,244.32558451285803
