xmin,ymin,xmax,ymax
203.923804431975,122.56195506612414,399.6947273416996,257.53826427320286
