xmin,ymin,xmax,ymax
218.97667790710773,152.1861550672964,380.1747316825888,238.91519725051086
