xmin,ymin,xmax,ymax
36.012687082472894,128.73523801582877,102.81122600853519,94.91001211712376
