xmin,ymin,xmax,ymax
37.13360616047635,74.4701170313628,103.95051568672147,108.30464537456828
