xmin,ymin,xmax,ymax
1.1215615501610046,61.313102130350956,101.71088720230227,111.66559079097135
