xmin,ymin,xmax,ymax
0.010543601646986644,91.54999075699516,100.57221328619994,141.8886355352218
