xmin,ymin,xmax,ymax
174.8678455128129,117.71087239749403,339.10788388076844,259.62925398104824
