xmin,ymin,xmax,ymax
448.991235445616,440.24004847821885,636.8952959247847,474.65979451296073
