xmin,ymin,xmax,ymax
471.94806028260587,428.9304089801331,898.896010186271,562.0219199486957
