xmin,ymin,xmax,ymax
178.05508598266374,498.09532974892625,431.28713157798757,397.03795960598916
