xmin,ymin,xmax,ymax
178.05508598266374,397.03795960598916,431.28713157798757,498.09532974892625
