xmin,ymin,xmax,ymax
138.90467875637273,172.85580767499653,241.12806758369857,39.84296076076771
