xmin,ymin,xmax,ymax
233.20778718939914,322.9934551977549,340.0833568711339,426.27474635388086
