xmin,ymin,xmax,ymax
237.9931938572281,67.45592383991351,399.2347336514147,249.03619572737963
