xmin,ymin,xmax,ymax
242.63619808736985,198.4544773568932,294.3686926783496,248.04514994160027
