xmin,ymin,xmax,ymax
165.49397677258503,78.61696082030997,322.7194865903857,242.23241304816756
