xmin,ymin,xmax,ymax
55.52092712732815,464.7404774272022,361.0387797568603,297.6863053421215
