xmin,ymin,xmax,ymax
169.4467622295656,458.908246000218,370.0037700048856,322.98126805159995
