xmin,ymin,xmax,ymax
34.627605630691505,310.2872466631669,366.5077335801618,492.0170645572994
