xmin,ymin,xmax,ymax
184.0340673000021,404.02352450369716,340.56352571317893,326.57632690233686
