xmin,ymin,xmax,ymax
36.09591741146096,286.3475187152403,369.71183674271833,480.29961732125696
