xmin,ymin,xmax,ymax
55.52092712732815,297.6863053421215,361.0387797568603,464.7404774272022
