xmin,ymin,xmax,ymax
34.885913568357864,289.15641172828134,361.48785251166646,473.43431877804284
