xmin,ymin,xmax,ymax
34.885913568357864,473.43431877804284,361.48785251166646,289.15641172828134
