xmin,ymin,xmax,ymax
81.16228985219655,223.50810396970905,238.78584337192788,261.05470645544546
