xmin,ymin,xmax,ymax
33.88958414918435,205.03538334126398,235.897975199815,255.33665786122367
