xmin,ymin,xmax,ymax
102.01772681546117,257.70985273984036,286.8071803031146,384.0840432593667
