xmin,ymin,xmax,ymax
196.59539568407786,263.7786176582681,283.3938490472003,346.9394886126172
