xmin,ymin,xmax,ymax
192.91989818954482,219.2788357609686,264.00063693485595,76.58936446668167
