xmin,ymin,xmax,ymax
182.2730293792514,235.51824533459762,272.137410869287,65.01348690807072
