xmin,ymin,xmax,ymax
154.98169407492264,272.547122327725,306.58172471849105,91.74451231876424
