xmin,ymin,xmax,ymax
33.33829061884296,107.34514660465277,173.5,239.65485339534723
