xmin,ymin,xmax,ymax
88.74743294143946,41.20088357925897,122.12072908772086,102.28955330962697
