xmin,ymin,xmax,ymax
79.66140964221381,43.50138414218668,116.18616974163626,100.00656121227496
