xmin,ymin,xmax,ymax
238.7348560906613,320.9891139986688,456.6057369796264,173.55945908834343
