xmin,ymin,xmax,ymax
406.7369229571427,289.1468337736582,766.9901608537969,383.7457382126061
