xmin,ymin,xmax,ymax
125.66537703070875,238.49602533889606,238.15949229996843,215.73808362927514
