xmin,ymin,xmax,ymax
85.61160654194296,248.41624500490695,234.02611547119574,217.39677490916284
