xmin,ymin,xmax,ymax
199.06611331255567,184.7576689241655,436.1256579423814,404.1349123207295
