xmin,ymin,xmax,ymax
94.83419942063256,-1.7406582348718302,386.9211356165547,301.40259024017195
