xmin,ymin,xmax,ymax
246.39788635353102,258.7020721909197,433.3250797294868,447.1102692707129
