xmin,ymin,xmax,ymax
245.3655388946422,250.60016399969913,419.01020420454165,434.1967390307094
