xmin,ymin,xmax,ymax
80.04237775290926,56.96595937828424,121.57964379099712,96.68169131629047
