xmin,ymin,xmax,ymax
307.55923120085936,580.8845572622852,511.56437416022095,383.36701055301745
