xmin,ymin,xmax,ymax
409.6750599038646,560.6876945678395,519.3315966045659,503.3374806532001
