xmin,ymin,xmax,ymax
294.31193004077863,665.4685811787263,540.3555356963118,433.5856753751061
