xmin,ymin,xmax,ymax
369.2568651954423,572.7010477715153,516.397678880835,507.09891541409814
