xmin,ymin,xmax,ymax
334.88710203197434,568.416441524964,514.3257873931943,504.4552810625549
