xmin,ymin,xmax,ymax
277.0738589925545,585.9765365759768,513.0693672009777,495.07624667533406
