xmin,ymin,xmax,ymax
126.88262200324311,159.30290427614565,188.73226378847608,288.69944134226034
