xmin,ymin,xmax,ymax
67.39963522051903,202.11526078511767,225.71415367361237,250.9796032768676
