xmin,ymin,xmax,ymax
50.94278246027079,250.7167797276502,206.13051872829237,210.14350382038944
