xmin,ymin,xmax,ymax
67.39963522051903,250.9796032768676,225.71415367361237,202.11526078511767
