xmin,ymin,xmax,ymax
50.94278246027079,210.14350382038944,206.13051872829237,250.7167797276502
