xmin,ymin,xmax,ymax
75.81268283750433,239.68078618543046,220.01513426656334,208.87106881744856
