xmin,ymin,xmax,ymax
75.81268283750433,208.87106881744856,220.01513426656334,239.68078618543046
