xmin,ymin,xmax,ymax
195.3010205938349,176.1617071611189,247.30719112981433,214.36613574721196
