xmin,ymin,xmax,ymax
84.5187529772017,128.3125106508715,137.39843253257294,180.07235635426838
