xmin,ymin,xmax,ymax
84.22586527747262,130.14442463364134,140.1804370705096,182.18912310190098
