xmin,ymin,xmax,ymax
79.82615791408801,130.3191055637414,135.50287469027225,183.77053534630494
