xmin,ymin,xmax,ymax
342.8686072501507,305.0208042673754,681.6168347222379,487.47024719351816
