xmin,ymin,xmax,ymax
189.6046452093874,142.43878092158195,275.6873657928643,61.65291449717762
