xmin,ymin,xmax,ymax
164.19937243088862,143.05048913266444,235.34999236581552,61.351074017222004
