xmin,ymin,xmax,ymax
167.4519818162662,224.4586428207731,283.9177715827725,75.84908137148062
