xmin,ymin,xmax,ymax
194.03385484341288,244.66176485601704,284.9620865271993,135.82465230069954
