xmin,ymin,xmax,ymax
63.12471624866862,169.67146099947718,214.91951062110138,297.33392734623766
