xmin,ymin,xmax,ymax
46.059376667094284,176.06887378951564,208.6003709356928,311.6776776592674
