xmin,ymin,xmax,ymax
224.0904664362647,81.50785695313382,355.1087190534222,263.74258375281124
