xmin,ymin,xmax,ymax
62.803900318839624,66.43923311879789,118.56247804458985,130.75940514850808
