xmin,ymin,xmax,ymax
137.57656764338745,111.43777601985107,245.95897729376313,172.7470498621019
