xmin,ymin,xmax,ymax
131.68685190319653,102.95823388600218,214.50026294046614,159.4505426343286
