xmin,ymin,xmax,ymax
139.65636251676904,161.56872000358965,247.95907200649614,100.30453058961677
