xmin,ymin,xmax,ymax
131.68685190319653,159.4505426343286,214.50026294046614,102.95823388600218
