xmin,ymin,xmax,ymax
89.98784672659008,22.35016742071099,172.46492670023736,109.12496031326356
