xmin,ymin,xmax,ymax
274.23674494021407,150.8727786933944,397.7849028361254,360.4642126369506
