xmin,ymin,xmax,ymax
275.5197259693,349.2818747531828,400.520335363241,73.08100954578123
