xmin,ymin,xmax,ymax
236.2128007407241,332.86330576159867,407.16088137544125,665.1484793174152
