xmin,ymin,xmax,ymax
391.0268493529377,437.4992793302714,434.6981291745726,530.1545881076789
