xmin,ymin,xmax,ymax
235.92953049929042,280.56520518158607,321.14547089234406,341.9918670112527
