xmin,ymin,xmax,ymax
340.99981527796876,387.1434055224905,464.76507410064005,576.7747913471742
