xmin,ymin,xmax,ymax
376.0733306655361,421.17751183402254,438.50771747059935,566.4628803283192
