xmin,ymin,xmax,ymax
362.60882213739933,419.7072186432048,438.23387018468384,600.9643050853714
