xmin,ymin,xmax,ymax
386.7116235006174,437.5875380709998,434.9334555303683,535.1403552427892
