xmin,ymin,xmax,ymax
65.46059784136446,96.56072384788382,136.66992970756337,16.92476208445902
