xmin,ymin,xmax,ymax
55.32040236705416,172.412238922656,171.00694810331652,46.82129480992808
